[DEBUG] CycleCountService.create_session payload: {'count_date': datetime.date(2026, 1, 18), 'notes': 'New Cycle Count', 'location_scope': 'All', 'created_by': '7afa8bf2-72ee-4e6f-ae47-f47816e7997f', 'status': 'DRAFT'}
[ERROR] CycleCountService.create_session FAILED: Object of type date is not JSON serializable
Traceback (most recent call last):
  File "C:\Users\Ivan.Corona\.gemini\antigravity\scratch\toolcrib\app\services\cycle_count_service.py", line 65, in create_session
    res = supabase_admin.table('cycle_count_sessions').insert(payload).execute()
  File "C:\Users\Ivan.Corona\AppData\Local\Programs\Python\Python314\Lib\site-packages\postgrest\_sync\request_builder.py", line 47, in execute
    r = self.request.send()
  File "C:\Users\Ivan.Corona\AppData\Local\Programs\Python\Python314\Lib\site-packages\postgrest\base_request_builder.py", line 81, in send
    return self.session.request(
           ~~~~~~~~~~~~~~~~~~~~^
        self.http_method,
        ^^^^^^^^^^^^^^^^^
    ...<4 lines>...
        auth=self.auth,
        ^^^^^^^^^^^^^^^
    )
    ^
  File "C:\Users\Ivan.Corona\AppData\Local\Programs\Python\Python314\Lib\site-packages\httpx\_client.py", line 812, in request
    request = self.build_request(
        method=method,
    ...<9 lines>...
        extensions=extensions,
    )
  File "C:\Users\Ivan.Corona\AppData\Local\Programs\Python\Python314\Lib\site-packages\httpx\_client.py", line 378, in build_request
    return Request(
        method,
    ...<8 lines>...
        extensions=extensions,
    )
  File "C:\Users\Ivan.Corona\AppData\Local\Programs\Python\Python314\Lib\site-packages\httpx\_models.py", line 408, in __init__
    headers, stream = encode_request(
                      ~~~~~~~~~~~~~~^
        content=content,
        ^^^^^^^^^^^^^^^^
    ...<7 lines>...
        ),
        ^^
    )
    ^
  File "C:\Users\Ivan.Corona\AppData\Local\Programs\Python\Python314\Lib\site-packages\httpx\_content.py", line 216, in encode_request
    return encode_json(json)
  File "C:\Users\Ivan.Corona\AppData\Local\Programs\Python\Python314\Lib\site-packages\httpx\_content.py", line 177, in encode_json
    body = json_dumps(
           ~~~~~~~~~~^
        json, ensure_ascii=False, separators=(",", ":"), allow_nan=False
        ^^^^^^^^^^^^^^^^^^^^^^^^^^^^^^^^^^^^^^^^^^^^^^^^^^^^^^^^^^^^^^^^
    ).encode("utf-8")
    ^
  File "C:\Users\Ivan.Corona\AppData\Local\Programs\Python\Python314\Lib\json\__init__.py", line 238, in dumps
    **kw).encode(obj)
          ~~~~~~^^^^^
  File "C:\Users\Ivan.Corona\AppData\Local\Programs\Python\Python314\Lib\json\encoder.py", line 200, in encode
    chunks = self.iterencode(o, _one_shot=True)
  File "C:\Users\Ivan.Corona\AppData\Local\Programs\Python\Python314\Lib\json\encoder.py", line 261, in iterencode
    return _iterencode(o, 0)
  File "C:\Users\Ivan.Corona\AppData\Local\Programs\Python\Python314\Lib\json\encoder.py", line 180, in default
    raise TypeError(f'Object of type {o.__class__.__name__} '
                    f'is not JSON serializable')
TypeError: Object of type date is not JSON serializable
when serializing dict item 'count_date'

[DEBUG] CycleCountService.create_session payload: {'count_date': '2026-01-18', 'notes': 'New Cycle Count', 'location_scope': 'All', 'created_by': '7afa8bf2-72ee-4e6f-ae47-f47816e7997f', 'status': 'DRAFT'}
[DEBUG] Insert Result: data=[{'id': 'ab11ab86-4239-4fc3-be1e-98111ed65952', 'created_at': '2026-01-18T04:26:09.425618+00:00', 'created_by': '7afa8bf2-72ee-4e6f-ae47-f47816e7997f', 'status': 'DRAFT', 'count_date': '2026-01-18', 'notes': 'New Cycle Count', 'location_scope': 'All', 'approved_by': None, 'approved_at': None}] count=None
[DEBUG] CycleCountService.create_session payload: {'count_date': '2026-01-18', 'notes': 'New Cycle Count', 'location_scope': 'All', 'created_by': '7afa8bf2-72ee-4e6f-ae47-f47816e7997f', 'status': 'DRAFT'}
[DEBUG] Insert Result: data=[{'id': '80cbadb0-2885-48fe-b1c0-d4a938753ca2', 'created_at': '2026-01-18T04:35:12.770623+00:00', 'created_by': '7afa8bf2-72ee-4e6f-ae47-f47816e7997f', 'status': 'DRAFT', 'count_date': '2026-01-18', 'notes': 'New Cycle Count', 'location_scope': 'All', 'approved_by': None, 'approved_at': None}] count=None
[DEBUG] CycleCountService.create_session payload: {'count_date': '2026-01-18', 'notes': 'New Cycle Count', 'location_scope': 'All', 'created_by': '7afa8bf2-72ee-4e6f-ae47-f47816e7997f', 'status': 'DRAFT'}
[DEBUG] Insert Result: data=[{'id': '58f55aa5-9d92-46d6-a9ae-1aca757eea4b', 'created_at': '2026-01-18T05:00:22.74404+00:00', 'created_by': '7afa8bf2-72ee-4e6f-ae47-f47816e7997f', 'status': 'DRAFT', 'count_date': '2026-01-18', 'notes': 'New Cycle Count', 'location_scope': 'All', 'approved_by': None, 'approved_at': None}] count=None
[DEBUG] CycleCountService.create_session payload: {'count_date': '2026-01-18', 'notes': 'New Cycle Count', 'location_scope': 'All', 'created_by': '7afa8bf2-72ee-4e6f-ae47-f47816e7997f', 'status': 'DRAFT'}
[DEBUG] Insert Result: data=[{'id': '87691f39-220b-41a0-9bb1-be5ddad68620', 'created_at': '2026-01-18T05:12:19.829855+00:00', 'created_by': '7afa8bf2-72ee-4e6f-ae47-f47816e7997f', 'status': 'DRAFT', 'count_date': '2026-01-18', 'notes': 'New Cycle Count', 'location_scope': 'All', 'approved_by': None, 'approved_at': None}] count=None
[DEBUG] CycleCountService.create_session payload: {'count_date': '2026-01-18', 'notes': 'New Cycle Count', 'location_scope': 'All', 'created_by': '7afa8bf2-72ee-4e6f-ae47-f47816e7997f', 'status': 'DRAFT'}
[DEBUG] Insert Result: data=[{'id': '2d51baac-959e-4552-b6b6-f2b7acfa86cd', 'created_at': '2026-01-18T13:52:50.628303+00:00', 'created_by': '7afa8bf2-72ee-4e6f-ae47-f47816e7997f', 'status': 'DRAFT', 'count_date': '2026-01-18', 'notes': 'New Cycle Count', 'location_scope': 'All', 'approved_by': None, 'approved_at': None}] count=None
[DEBUG] CycleCountService.create_session payload: {'count_date': '2026-01-18', 'notes': 'New Cycle Count', 'location_scope': 'All', 'created_by': '7afa8bf2-72ee-4e6f-ae47-f47816e7997f', 'status': 'DRAFT'}
[DEBUG] Insert Result: data=[{'id': '6c9d370e-0260-47d4-b01f-5eb8132828bf', 'created_at': '2026-01-18T14:02:56.850318+00:00', 'created_by': '7afa8bf2-72ee-4e6f-ae47-f47816e7997f', 'status': 'DRAFT', 'count_date': '2026-01-18', 'notes': 'New Cycle Count', 'location_scope': 'All', 'approved_by': None, 'approved_at': None}] count=None
[DEBUG] CycleCountService.create_session payload: {'count_date': '2026-01-18', 'notes': 'New Cycle Count', 'location_scope': 'All', 'created_by': '7afa8bf2-72ee-4e6f-ae47-f47816e7997f', 'status': 'DRAFT'}
[DEBUG] Insert Result: data=[{'id': '80183091-6e1e-48c2-adb1-977b7919f112', 'created_at': '2026-01-18T14:58:21.33248+00:00', 'created_by': '7afa8bf2-72ee-4e6f-ae47-f47816e7997f', 'status': 'DRAFT', 'count_date': '2026-01-18', 'notes': 'New Cycle Count', 'location_scope': 'All', 'approved_by': None, 'approved_at': None}] count=None
[DEBUG] CycleCountService.create_session payload: {'count_date': '2026-01-20', 'notes': None, 'location_scope': None, 'created_by': '7afa8bf2-72ee-4e6f-ae47-f47816e7997f', 'status': 'DRAFT'}
[DEBUG] Insert Result: data=[{'id': 'f770e21d-0120-41ff-9b22-d335d23f9c40', 'created_at': '2026-01-19T17:06:47.570981+00:00', 'created_by': '7afa8bf2-72ee-4e6f-ae47-f47816e7997f', 'status': 'DRAFT', 'count_date': '2026-01-20', 'notes': None, 'location_scope': None, 'approved_by': None, 'approved_at': None}] count=None
[DEBUG] CycleCountService.create_session payload: {'count_date': '2026-01-20', 'notes': None, 'location_scope': None, 'created_by': '7afa8bf2-72ee-4e6f-ae47-f47816e7997f', 'status': 'DRAFT'}
[DEBUG] Insert Result: data=[{'id': 'c6cfe09a-6290-4e84-b850-fddc1916845b', 'created_at': '2026-01-19T17:17:10.491222+00:00', 'created_by': '7afa8bf2-72ee-4e6f-ae47-f47816e7997f', 'status': 'DRAFT', 'count_date': '2026-01-20', 'notes': None, 'location_scope': None, 'approved_by': None, 'approved_at': None}] count=None
[DEBUG] CycleCountService.create_session payload: {'count_date': '2026-01-20', 'notes': None, 'location_scope': None, 'created_by': '7afa8bf2-72ee-4e6f-ae47-f47816e7997f', 'status': 'DRAFT'}
[DEBUG] Insert Result: data=[{'id': '290252b9-66e9-4f0f-ab4c-9b1fbc86fc0e', 'created_at': '2026-01-19T17:17:46.601666+00:00', 'created_by': '7afa8bf2-72ee-4e6f-ae47-f47816e7997f', 'status': 'DRAFT', 'count_date': '2026-01-20', 'notes': None, 'location_scope': None, 'approved_by': None, 'approved_at': None}] count=None
[DEBUG] CycleCountService.create_session payload: {'count_date': '2026-01-20', 'notes': None, 'location_scope': None, 'created_by': '7afa8bf2-72ee-4e6f-ae47-f47816e7997f', 'status': 'DRAFT'}
[DEBUG] Insert Result: data=[{'id': '89aeeeb6-b42c-41df-80d1-4f7956bbe7f5', 'created_at': '2026-01-19T17:21:01.975033+00:00', 'created_by': '7afa8bf2-72ee-4e6f-ae47-f47816e7997f', 'status': 'DRAFT', 'count_date': '2026-01-20', 'notes': None, 'location_scope': None, 'approved_by': None, 'approved_at': None}] count=None
[DEBUG] CycleCountService.create_session payload: {'count_date': '2026-01-20', 'notes': None, 'location_scope': None, 'created_by': '7afa8bf2-72ee-4e6f-ae47-f47816e7997f', 'status': 'DRAFT'}
[DEBUG] Insert Result: data=[{'id': '36f9d50e-26b4-44f1-8870-41701e524f51', 'created_at': '2026-01-19T17:24:11.720684+00:00', 'created_by': '7afa8bf2-72ee-4e6f-ae47-f47816e7997f', 'status': 'DRAFT', 'count_date': '2026-01-20', 'notes': None, 'location_scope': None, 'approved_by': None, 'approved_at': None}] count=None
[DEBUG] CycleCountService.create_session payload: {'count_date': '2026-01-20', 'notes': None, 'location_scope': None, 'created_by': '7afa8bf2-72ee-4e6f-ae47-f47816e7997f', 'status': 'DRAFT'}
[DEBUG] Insert Result: data=[{'id': '8569758e-af79-433d-95e6-fe17447c24b1', 'created_at': '2026-01-19T17:32:47.962437+00:00', 'created_by': '7afa8bf2-72ee-4e6f-ae47-f47816e7997f', 'status': 'DRAFT', 'count_date': '2026-01-20', 'notes': None, 'location_scope': None, 'approved_by': None, 'approved_at': None}] count=None
[DEBUG] CycleCountService.create_session payload: {'count_date': '2026-01-20', 'notes': None, 'location_scope': None, 'created_by': '7afa8bf2-72ee-4e6f-ae47-f47816e7997f', 'status': 'DRAFT'}
[DEBUG] Insert Result: data=[{'id': 'd43351bc-18e8-4ae4-a44d-c103afc96d81', 'created_at': '2026-01-19T17:36:39.597093+00:00', 'created_by': '7afa8bf2-72ee-4e6f-ae47-f47816e7997f', 'status': 'DRAFT', 'count_date': '2026-01-20', 'notes': None, 'location_scope': None, 'approved_by': None, 'approved_at': None}] count=None
[DEBUG] CycleCountService.create_session payload: {'count_date': '2026-01-20', 'notes': None, 'location_scope': None, 'created_by': '7afa8bf2-72ee-4e6f-ae47-f47816e7997f', 'status': 'DRAFT'}
[DEBUG] Insert Result: data=[{'id': 'ee3b0ca0-6e77-4e69-bd6a-dac8936451b3', 'created_at': '2026-01-19T17:39:24.628106+00:00', 'created_by': '7afa8bf2-72ee-4e6f-ae47-f47816e7997f', 'status': 'DRAFT', 'count_date': '2026-01-20', 'notes': None, 'location_scope': None, 'approved_by': None, 'approved_at': None}] count=None
[DEBUG] CycleCountService.create_session payload: {'count_date': '2026-01-20', 'notes': None, 'location_scope': None, 'created_by': '7afa8bf2-72ee-4e6f-ae47-f47816e7997f', 'status': 'DRAFT'}
[DEBUG] Insert Result: data=[{'id': '1ba2e318-1bdd-4de1-a4a8-cfe57e7bbb03', 'created_at': '2026-01-19T17:41:19.585976+00:00', 'created_by': '7afa8bf2-72ee-4e6f-ae47-f47816e7997f', 'status': 'DRAFT', 'count_date': '2026-01-20', 'notes': None, 'location_scope': None, 'approved_by': None, 'approved_at': None}] count=None
[DEBUG] CycleCountService.create_session payload: {'count_date': '2026-01-20', 'notes': None, 'location_scope': None, 'created_by': '7afa8bf2-72ee-4e6f-ae47-f47816e7997f', 'status': 'DRAFT'}
[DEBUG] Insert Result: data=[{'id': '00ef6042-3ff2-4cc6-92e2-a8587d52c124', 'created_at': '2026-01-19T17:45:26.775678+00:00', 'created_by': '7afa8bf2-72ee-4e6f-ae47-f47816e7997f', 'status': 'DRAFT', 'count_date': '2026-01-20', 'notes': None, 'location_scope': None, 'approved_by': None, 'approved_at': None}] count=None
[DEBUG] CycleCountService.create_session payload: {'count_date': '2026-01-20', 'notes': None, 'location_scope': None, 'created_by': '7afa8bf2-72ee-4e6f-ae47-f47816e7997f', 'status': 'DRAFT'}
[DEBUG] Insert Result: data=[{'id': '886cdca0-5da9-4c71-b279-d36929dc7fa8', 'created_at': '2026-01-19T17:47:11.239631+00:00', 'created_by': '7afa8bf2-72ee-4e6f-ae47-f47816e7997f', 'status': 'DRAFT', 'count_date': '2026-01-20', 'notes': None, 'location_scope': None, 'approved_by': None, 'approved_at': None}] count=None
[DEBUG] CycleCountService.create_session payload: {'count_date': '2026-01-20', 'notes': None, 'location_scope': None, 'created_by': '7afa8bf2-72ee-4e6f-ae47-f47816e7997f', 'status': 'DRAFT'}
[DEBUG] Insert Result: data=[{'id': '495dea71-a641-4e9d-9908-0874a0315b27', 'created_at': '2026-01-19T17:49:47.300886+00:00', 'created_by': '7afa8bf2-72ee-4e6f-ae47-f47816e7997f', 'status': 'DRAFT', 'count_date': '2026-01-20', 'notes': None, 'location_scope': None, 'approved_by': None, 'approved_at': None}] count=None
[DEBUG] CycleCountService.create_session payload: {'count_date': '2026-01-20', 'notes': None, 'location_scope': None, 'created_by': '7afa8bf2-72ee-4e6f-ae47-f47816e7997f', 'status': 'DRAFT'}
[DEBUG] Insert Result: data=[{'id': 'fcaec8af-ba3f-4c6e-a802-54fe6bf83e26', 'created_at': '2026-01-19T17:52:51.069457+00:00', 'created_by': '7afa8bf2-72ee-4e6f-ae47-f47816e7997f', 'status': 'DRAFT', 'count_date': '2026-01-20', 'notes': None, 'location_scope': None, 'approved_by': None, 'approved_at': None}] count=None
[DEBUG] CycleCountService.create_session payload: {'count_date': '2026-01-20', 'notes': None, 'location_scope': None, 'created_by': '7afa8bf2-72ee-4e6f-ae47-f47816e7997f', 'status': 'DRAFT'}
[DEBUG] Insert Result: data=[{'id': 'bfbbae8f-77e8-4a11-ba01-fa80aeee1900', 'created_at': '2026-01-19T17:54:40.977636+00:00', 'created_by': '7afa8bf2-72ee-4e6f-ae47-f47816e7997f', 'status': 'DRAFT', 'count_date': '2026-01-20', 'notes': None, 'location_scope': None, 'approved_by': None, 'approved_at': None}] count=None
[DEBUG] CycleCountService.create_session payload: {'count_date': '2026-01-20', 'notes': None, 'location_scope': None, 'created_by': '7afa8bf2-72ee-4e6f-ae47-f47816e7997f', 'status': 'DRAFT'}
[DEBUG] Insert Result: data=[{'id': '3ff3ec9c-6c19-4308-88e1-59f35f80f562', 'created_at': '2026-01-19T18:00:57.656518+00:00', 'created_by': '7afa8bf2-72ee-4e6f-ae47-f47816e7997f', 'status': 'DRAFT', 'count_date': '2026-01-20', 'notes': None, 'location_scope': None, 'approved_by': None, 'approved_at': None}] count=None
[DEBUG] CycleCountService.create_session payload: {'count_date': '2026-01-20', 'notes': None, 'location_scope': None, 'created_by': '7afa8bf2-72ee-4e6f-ae47-f47816e7997f', 'status': 'DRAFT'}
[DEBUG] Insert Result: data=[{'id': 'ad3b8d55-3ae8-4bcc-afa1-7205d06fd14d', 'created_at': '2026-01-19T18:04:19.31127+00:00', 'created_by': '7afa8bf2-72ee-4e6f-ae47-f47816e7997f', 'status': 'DRAFT', 'count_date': '2026-01-20', 'notes': None, 'location_scope': None, 'approved_by': None, 'approved_at': None}] count=None
[DEBUG] CycleCountService.create_session payload: {'count_date': '2026-01-20', 'notes': None, 'location_scope': None, 'created_by': '7afa8bf2-72ee-4e6f-ae47-f47816e7997f', 'status': 'DRAFT'}
[DEBUG] Insert Result: data=[{'id': 'a9e860a2-5384-4e4f-bbde-1a1948c30ef0', 'created_at': '2026-01-19T18:07:56.820862+00:00', 'created_by': '7afa8bf2-72ee-4e6f-ae47-f47816e7997f', 'status': 'DRAFT', 'count_date': '2026-01-20', 'notes': None, 'location_scope': None, 'approved_by': None, 'approved_at': None}] count=None
[DEBUG] CycleCountService.create_session payload: {'count_date': '2026-01-20', 'notes': None, 'location_scope': None, 'created_by': '7afa8bf2-72ee-4e6f-ae47-f47816e7997f', 'status': 'DRAFT'}
[DEBUG] Insert Result: data=[{'id': '3f472e9c-7f7f-4c63-bd23-4786398d7782', 'created_at': '2026-01-19T18:12:23.189806+00:00', 'created_by': '7afa8bf2-72ee-4e6f-ae47-f47816e7997f', 'status': 'DRAFT', 'count_date': '2026-01-20', 'notes': None, 'location_scope': None, 'approved_by': None, 'approved_at': None}] count=None
[DEBUG] CycleCountService.create_session payload: {'count_date': '2026-01-20', 'notes': None, 'location_scope': None, 'created_by': '7afa8bf2-72ee-4e6f-ae47-f47816e7997f', 'status': 'DRAFT'}
[DEBUG] Insert Result: data=[{'id': 'b860e6b3-2293-4f9c-aeef-657407eb6cf9', 'created_at': '2026-01-19T20:18:42.209888+00:00', 'created_by': '7afa8bf2-72ee-4e6f-ae47-f47816e7997f', 'status': 'DRAFT', 'count_date': '2026-01-20', 'notes': None, 'location_scope': None, 'approved_by': None, 'approved_at': None}] count=None
[DEBUG] CycleCountService.create_session payload: {'count_date': '2026-01-21', 'notes': None, 'location_scope': None, 'created_by': '7afa8bf2-72ee-4e6f-ae47-f47816e7997f', 'status': 'DRAFT'}
[DEBUG] Insert Result: data=[{'id': '68a5a5c6-ebd7-457c-a8c0-be39079780f6', 'created_at': '2026-01-19T20:25:45.876635+00:00', 'created_by': '7afa8bf2-72ee-4e6f-ae47-f47816e7997f', 'status': 'DRAFT', 'count_date': '2026-01-21', 'notes': None, 'location_scope': None, 'approved_by': None, 'approved_at': None}] count=None
[DEBUG] CycleCountService.create_session payload: {'count_date': '2026-01-20', 'notes': None, 'location_scope': None, 'created_by': '7afa8bf2-72ee-4e6f-ae47-f47816e7997f', 'status': 'DRAFT'}
[DEBUG] Insert Result: data=[{'id': '29876151-35d6-484e-8866-7ab0ce68a132', 'created_at': '2026-01-19T20:28:01.506119+00:00', 'created_by': '7afa8bf2-72ee-4e6f-ae47-f47816e7997f', 'status': 'DRAFT', 'count_date': '2026-01-20', 'notes': None, 'location_scope': None, 'approved_by': None, 'approved_at': None}] count=None
[DEBUG] CycleCountService.create_session payload: {'count_date': '2026-01-21', 'notes': None, 'location_scope': None, 'created_by': '7afa8bf2-72ee-4e6f-ae47-f47816e7997f', 'status': 'DRAFT'}
[DEBUG] Insert Result: data=[{'id': 'b7c5b024-3c28-4c41-9af4-e8d44ab7f7a7', 'created_at': '2026-01-19T20:32:19.012594+00:00', 'created_by': '7afa8bf2-72ee-4e6f-ae47-f47816e7997f', 'status': 'DRAFT', 'count_date': '2026-01-21', 'notes': None, 'location_scope': None, 'approved_by': None, 'approved_at': None}] count=None
[DEBUG] CycleCountService.create_session payload: {'count_date': '2026-01-21', 'notes': None, 'location_scope': None, 'created_by': '7afa8bf2-72ee-4e6f-ae47-f47816e7997f', 'status': 'DRAFT'}
[DEBUG] Insert Result: data=[{'id': '947f1b2f-e509-4c9e-8602-35b9f452a56d', 'created_at': '2026-01-19T20:35:17.882768+00:00', 'created_by': '7afa8bf2-72ee-4e6f-ae47-f47816e7997f', 'status': 'DRAFT', 'count_date': '2026-01-21', 'notes': None, 'location_scope': None, 'approved_by': None, 'approved_at': None}] count=None

[SYSTEM] SERVER RESTARTED AT 2026-01-19 14:39:17
[MIDDLEWARE OUTER] GET http://localhost:8002/debug/ping
[DEBUG] PING HIT!
[MIDDLEWARE OUTER] GET http://127.0.0.1:8002/docs
[MIDDLEWARE OUTER] GET http://127.0.0.1:8002/api/v1/openapi.json

[SYSTEM] SERVER RESTARTED AT 2026-01-19 14:44:06

[SYSTEM] SERVER RESTARTED AT 2026-01-19 14:44:07

[SYSTEM] SERVER RESTARTED AT 2026-01-19 14:57:59
[MIDDLEWARE OUTER] OPTIONS http://localhost:8002/api/v1/cycle-counts/
[MIDDLEWARE OUTER] POST http://localhost:8002/api/v1/cycle-counts/
[DEBUG] CycleCountService.create_session payload: {'count_date': '2026-01-20', 'notes': None, 'location_scope': None, 'created_by': '7afa8bf2-72ee-4e6f-ae47-f47816e7997f', 'status': 'DRAFT'}
[DEBUG] Insert Result: data=[{'id': 'f80756d5-fcdd-42ec-8d4b-7880a15a6107', 'created_at': '2026-01-19T21:01:11.850884+00:00', 'created_by': '7afa8bf2-72ee-4e6f-ae47-f47816e7997f', 'status': 'DRAFT', 'count_date': '2026-01-20', 'notes': None, 'location_scope': None, 'approved_by': None, 'approved_at': None}] count=None
[MIDDLEWARE OUTER] OPTIONS http://localhost:8002/api/v1/cycle-counts/f80756d5-fcdd-42ec-8d4b-7880a15a6107/lines
[MIDDLEWARE OUTER] POST http://localhost:8002/api/v1/cycle-counts/f80756d5-fcdd-42ec-8d4b-7880a15a6107/lines
[DEBUG] RAW BODY ADD_LINE: {'material_id': 24, 'qty_system': 7, 'qty_physical': 0, 'location_id': 2, 'planned_date': '2026-01-20', 'count_date': '2026-01-20'}
[DEBUG] add_line start. data={'material_id': 24, 'location_id': 2, 'qty_physical': 0.0, 'reason_code': None, 'evidence_urls': None, 'planned_date': '2026-01-20', 'count_date': '2026-01-20'}
[DEBUG] add_line payload: {'material_id': 24, 'location_id': 2, 'qty_physical': 0.0, 'reason_code': None, 'evidence_urls': None, 'planned_date': '2026-01-20', 'count_date': '2026-01-20', 'session_id': 'f80756d5-fcdd-42ec-8d4b-7880a15a6107', 'counted_by': '7afa8bf2-72ee-4e6f-ae47-f47816e7997f', 'qty_system': 7}
[ERROR] CycleCountService.add_line FAILED: {'message': "Could not find the 'count_date' column of 'cycle_count_lines' in the schema cache", 'code': 'PGRST204', 'hint': None, 'details': None}
Traceback (most recent call last):
  File "C:\Users\Ivan.Corona\.gemini\antigravity\scratch\toolcrib\app\services\cycle_count_service.py", line 112, in add_line
    res = supabase_admin.table('cycle_count_lines').insert(payload).execute()
  File "C:\Users\Ivan.Corona\AppData\Local\Programs\Python\Python314\Lib\site-packages\postgrest\_sync\request_builder.py", line 53, in execute
    raise APIError(dict(json_obj))
postgrest.exceptions.APIError: {'message': "Could not find the 'count_date' column of 'cycle_count_lines' in the schema cache", 'code': 'PGRST204', 'hint': None, 'details': None}

[CRITICAL ADD_LINE FAIL]: 500: Add Line Failed: {'message': "Could not find the 'count_date' column of 'cycle_count_lines' in the schema cache", 'code': 'PGRST204', 'hint': None, 'details': None}
Traceback (most recent call last):
  File "C:\Users\Ivan.Corona\.gemini\antigravity\scratch\toolcrib\app\services\cycle_count_service.py", line 112, in add_line
    res = supabase_admin.table('cycle_count_lines').insert(payload).execute()
  File "C:\Users\Ivan.Corona\AppData\Local\Programs\Python\Python314\Lib\site-packages\postgrest\_sync\request_builder.py", line 53, in execute
    raise APIError(dict(json_obj))
postgrest.exceptions.APIError: {'message': "Could not find the 'count_date' column of 'cycle_count_lines' in the schema cache", 'code': 'PGRST204', 'hint': None, 'details': None}

During handling of the above exception, another exception occurred:

Traceback (most recent call last):
  File "C:\Users\Ivan.Corona\.gemini\antigravity\scratch\toolcrib\app\api\v1\endpoints\cycle_counts.py", line 53, in add_line
    return CycleCountService.add_line(id, data, current_user.id)
           ~~~~~~~~~~~~~~~~~~~~~~~~~~^^^^^^^^^^^^^^^^^^^^^^^^^^^
  File "C:\Users\Ivan.Corona\.gemini\antigravity\scratch\toolcrib\app\services\cycle_count_service.py", line 145, in add_line
    raise HTTPException(status_code=500, detail=f"Add Line Failed: {str(e)}")
fastapi.exceptions.HTTPException: 500: Add Line Failed: {'message': "Could not find the 'count_date' column of 'cycle_count_lines' in the schema cache", 'code': 'PGRST204', 'hint': None, 'details': None}


[SYSTEM] SERVER RESTARTED AT 2026-01-19 15:02:30
[MIDDLEWARE OUTER] POST http://localhost:8002/api/v1/cycle-counts/
[DEBUG] CycleCountService.create_session payload: {'count_date': '2026-01-21', 'notes': None, 'location_scope': None, 'created_by': '7afa8bf2-72ee-4e6f-ae47-f47816e7997f', 'status': 'DRAFT'}
[DEBUG] Insert Result: data=[{'id': '928a1eee-a628-42f4-8028-2eae8fd53af4', 'created_at': '2026-01-19T21:08:04.413043+00:00', 'created_by': '7afa8bf2-72ee-4e6f-ae47-f47816e7997f', 'status': 'DRAFT', 'count_date': '2026-01-21', 'notes': None, 'location_scope': None, 'approved_by': None, 'approved_at': None}] count=None
[MIDDLEWARE OUTER] OPTIONS http://localhost:8002/api/v1/cycle-counts/928a1eee-a628-42f4-8028-2eae8fd53af4/lines
[MIDDLEWARE OUTER] POST http://localhost:8002/api/v1/cycle-counts/928a1eee-a628-42f4-8028-2eae8fd53af4/lines
[DEBUG] RAW BODY ADD_LINE: {'material_id': 27, 'qty_system': 2, 'qty_physical': 0, 'location_id': 2, 'planned_date': '2026-01-21', 'count_date': '2026-01-21'}
[DEBUG] add_line start. data={'material_id': 27, 'location_id': 2, 'qty_physical': 0.0, 'reason_code': None, 'evidence_urls': None, 'planned_date': '2026-01-21', 'count_date': '2026-01-21'}
[DEBUG] add_line payload: {'material_id': 27, 'location_id': 2, 'qty_physical': 0.0, 'reason_code': None, 'evidence_urls': None, 'planned_date': '2026-01-21', 'count_date': '2026-01-21', 'session_id': '928a1eee-a628-42f4-8028-2eae8fd53af4', 'counted_by': '7afa8bf2-72ee-4e6f-ae47-f47816e7997f', 'qty_system': 2}
[ERROR] CycleCountService.add_line FAILED: {'message': 'invalid input syntax for type integer: "0.0"', 'code': '22P02', 'hint': None, 'details': None}
Traceback (most recent call last):
  File "C:\Users\Ivan.Corona\.gemini\antigravity\scratch\toolcrib\app\services\cycle_count_service.py", line 125, in add_line
    supabase_admin.table('materials').update({'current_stock': line['qty_physical']}).eq('id', data.material_id).execute()
    ~~~~~~~~~~~~~~~~~~~~~~~~~~~~~~~~~~~~~~~~~~~~~~~~~~~~~~~~~~~~~~~~~~~~~~~~~~~~~~~~~~~~~~~~~~~~~~~~~~~~~~~~~~~~~~~~~~~~^^
  File "C:\Users\Ivan.Corona\AppData\Local\Programs\Python\Python314\Lib\site-packages\postgrest\_sync\request_builder.py", line 53, in execute
    raise APIError(dict(json_obj))
postgrest.exceptions.APIError: {'message': 'invalid input syntax for type integer: "0.0"', 'code': '22P02', 'hint': None, 'details': None}

[CRITICAL ADD_LINE FAIL]: 500: Add Line Failed: {'message': 'invalid input syntax for type integer: "0.0"', 'code': '22P02', 'hint': None, 'details': None}
Traceback (most recent call last):
  File "C:\Users\Ivan.Corona\.gemini\antigravity\scratch\toolcrib\app\services\cycle_count_service.py", line 125, in add_line
    supabase_admin.table('materials').update({'current_stock': line['qty_physical']}).eq('id', data.material_id).execute()
    ~~~~~~~~~~~~~~~~~~~~~~~~~~~~~~~~~~~~~~~~~~~~~~~~~~~~~~~~~~~~~~~~~~~~~~~~~~~~~~~~~~~~~~~~~~~~~~~~~~~~~~~~~~~~~~~~~~~~^^
  File "C:\Users\Ivan.Corona\AppData\Local\Programs\Python\Python314\Lib\site-packages\postgrest\_sync\request_builder.py", line 53, in execute
    raise APIError(dict(json_obj))
postgrest.exceptions.APIError: {'message': 'invalid input syntax for type integer: "0.0"', 'code': '22P02', 'hint': None, 'details': None}

During handling of the above exception, another exception occurred:

Traceback (most recent call last):
  File "C:\Users\Ivan.Corona\.gemini\antigravity\scratch\toolcrib\app\api\v1\endpoints\cycle_counts.py", line 53, in add_line
    return CycleCountService.add_line(id, data, current_user.id)
           ~~~~~~~~~~~~~~~~~~~~~~~~~~^^^^^^^^^^^^^^^^^^^^^^^^^^^
  File "C:\Users\Ivan.Corona\.gemini\antigravity\scratch\toolcrib\app\services\cycle_count_service.py", line 145, in add_line
    raise HTTPException(status_code=500, detail=f"Add Line Failed: {str(e)}")
fastapi.exceptions.HTTPException: 500: Add Line Failed: {'message': 'invalid input syntax for type integer: "0.0"', 'code': '22P02', 'hint': None, 'details': None}


[SYSTEM] SERVER RESTARTED AT 2026-01-19 15:11:48
[MIDDLEWARE OUTER] OPTIONS http://localhost:8002/api/v1/cycle-counts/
[MIDDLEWARE OUTER] POST http://localhost:8002/api/v1/cycle-counts/
[DEBUG] CycleCountService.create_session payload: {'count_date': '2026-01-20', 'notes': None, 'location_scope': None, 'created_by': '7afa8bf2-72ee-4e6f-ae47-f47816e7997f', 'status': 'DRAFT'}
[DEBUG] Insert Result: data=[{'id': 'ee0ebe80-4acc-44da-8c5e-5854efcacf3b', 'created_at': '2026-01-19T21:12:29.795157+00:00', 'created_by': '7afa8bf2-72ee-4e6f-ae47-f47816e7997f', 'status': 'DRAFT', 'count_date': '2026-01-20', 'notes': None, 'location_scope': None, 'approved_by': None, 'approved_at': None}] count=None
[MIDDLEWARE OUTER] OPTIONS http://localhost:8002/api/v1/cycle-counts/ee0ebe80-4acc-44da-8c5e-5854efcacf3b/lines
[MIDDLEWARE OUTER] POST http://localhost:8002/api/v1/cycle-counts/ee0ebe80-4acc-44da-8c5e-5854efcacf3b/lines
[DEBUG] RAW BODY ADD_LINE: {'material_id': 27, 'qty_system': 2, 'qty_physical': 0, 'location_id': 2, 'planned_date': '2026-01-20', 'count_date': '2026-01-20'}
[DEBUG] add_line start. data={'material_id': 27, 'location_id': 2, 'qty_physical': 0.0, 'reason_code': None, 'evidence_urls': None, 'planned_date': '2026-01-20', 'count_date': '2026-01-20'}
[DEBUG] add_line payload: {'material_id': 27, 'location_id': 2, 'qty_physical': 0, 'reason_code': None, 'evidence_urls': None, 'planned_date': '2026-01-20', 'count_date': '2026-01-20', 'session_id': 'ee0ebe80-4acc-44da-8c5e-5854efcacf3b', 'counted_by': '7afa8bf2-72ee-4e6f-ae47-f47816e7997f', 'qty_system': 2}
[MIDDLEWARE OUTER] OPTIONS http://localhost:8002/api/v1/cycle-counts/ee0ebe80-4acc-44da-8c5e-5854efcacf3b
[MIDDLEWARE OUTER] GET http://localhost:8002/api/v1/cycle-counts/ee0ebe80-4acc-44da-8c5e-5854efcacf3b
[MIDDLEWARE CRASH] 4 validation errors:
  {'type': 'missing', 'loc': ('response', 'lines', 0, 'material', 'sku'), 'msg': 'Field required', 'input': {'name': 'Espatula de 3 pulgadas', 'part_number': 'jk4564-3', 'current_stock': 0}}
  {'type': 'missing', 'loc': ('response', 'lines', 0, 'material', 'category'), 'msg': 'Field required', 'input': {'name': 'Espatula de 3 pulgadas', 'part_number': 'jk4564-3', 'current_stock': 0}}
  {'type': 'missing', 'loc': ('response', 'lines', 0, 'material', 'unit_of_measure'), 'msg': 'Field required', 'input': {'name': 'Espatula de 3 pulgadas', 'part_number': 'jk4564-3', 'current_stock': 0}}
  {'type': 'missing', 'loc': ('response', 'lines', 0, 'material', 'id'), 'msg': 'Field required', 'input': {'name': 'Espatula de 3 pulgadas', 'part_number': 'jk4564-3', 'current_stock': 0}}

  File "C:\Users\Ivan.Corona\.gemini\antigravity\scratch\toolcrib\app\api\v1\endpoints\cycle_counts.py", line 30, in get_session_detail
    GET /api/v1/cycle-counts/{id}
Traceback (most recent call last):
  File "C:\Users\Ivan.Corona\.gemini\antigravity\scratch\toolcrib\app\main.py", line 51, in dispatch
    response = await call_next(request)
               ^^^^^^^^^^^^^^^^^^^^^^^^
  File "C:\Users\Ivan.Corona\AppData\Local\Programs\Python\Python314\Lib\site-packages\starlette\middleware\base.py", line 168, in call_next
    raise app_exc from app_exc.__cause__ or app_exc.__context__
  File "C:\Users\Ivan.Corona\AppData\Local\Programs\Python\Python314\Lib\site-packages\starlette\middleware\base.py", line 144, in coro
    await self.app(scope, receive_or_disconnect, send_no_error)
  File "C:\Users\Ivan.Corona\AppData\Local\Programs\Python\Python314\Lib\site-packages\starlette\middleware\cors.py", line 93, in __call__
    await self.simple_response(scope, receive, send, request_headers=headers)
  File "C:\Users\Ivan.Corona\AppData\Local\Programs\Python\Python314\Lib\site-packages\starlette\middleware\cors.py", line 144, in simple_response
    await self.app(scope, receive, send)
  File "C:\Users\Ivan.Corona\AppData\Local\Programs\Python\Python314\Lib\site-packages\starlette\middleware\exceptions.py", line 63, in __call__
    await wrap_app_handling_exceptions(self.app, conn)(scope, receive, send)
  File "C:\Users\Ivan.Corona\AppData\Local\Programs\Python\Python314\Lib\site-packages\starlette\_exception_handler.py", line 53, in wrapped_app
    raise exc
  File "C:\Users\Ivan.Corona\AppData\Local\Programs\Python\Python314\Lib\site-packages\starlette\_exception_handler.py", line 42, in wrapped_app
    await app(scope, receive, sender)
  File "C:\Users\Ivan.Corona\AppData\Local\Programs\Python\Python314\Lib\site-packages\fastapi\middleware\asyncexitstack.py", line 18, in __call__
    await self.app(scope, receive, send)
  File "C:\Users\Ivan.Corona\AppData\Local\Programs\Python\Python314\Lib\site-packages\starlette\routing.py", line 716, in __call__
    await self.middleware_stack(scope, receive, send)
  File "C:\Users\Ivan.Corona\AppData\Local\Programs\Python\Python314\Lib\site-packages\starlette\routing.py", line 736, in app
    await route.handle(scope, receive, send)
  File "C:\Users\Ivan.Corona\AppData\Local\Programs\Python\Python314\Lib\site-packages\starlette\routing.py", line 290, in handle
    await self.app(scope, receive, send)
  File "C:\Users\Ivan.Corona\AppData\Local\Programs\Python\Python314\Lib\site-packages\fastapi\routing.py", line 120, in app
    await wrap_app_handling_exceptions(app, request)(scope, receive, send)
  File "C:\Users\Ivan.Corona\AppData\Local\Programs\Python\Python314\Lib\site-packages\starlette\_exception_handler.py", line 53, in wrapped_app
    raise exc
  File "C:\Users\Ivan.Corona\AppData\Local\Programs\Python\Python314\Lib\site-packages\starlette\_exception_handler.py", line 42, in wrapped_app
    await app(scope, receive, sender)
  File "C:\Users\Ivan.Corona\AppData\Local\Programs\Python\Python314\Lib\site-packages\fastapi\routing.py", line 106, in app
    response = await f(request)
               ^^^^^^^^^^^^^^^^
  File "C:\Users\Ivan.Corona\AppData\Local\Programs\Python\Python314\Lib\site-packages\fastapi\routing.py", line 452, in app
    content = await serialize_response(
              ^^^^^^^^^^^^^^^^^^^^^^^^^
    ...<10 lines>...
    )
    ^
  File "C:\Users\Ivan.Corona\AppData\Local\Programs\Python\Python314\Lib\site-packages\fastapi\routing.py", line 278, in serialize_response
    raise ResponseValidationError(
    ...<3 lines>...
    )
fastapi.exceptions.ResponseValidationError: 4 validation errors:
  {'type': 'missing', 'loc': ('response', 'lines', 0, 'material', 'sku'), 'msg': 'Field required', 'input': {'name': 'Espatula de 3 pulgadas', 'part_number': 'jk4564-3', 'current_stock': 0}}
  {'type': 'missing', 'loc': ('response', 'lines', 0, 'material', 'category'), 'msg': 'Field required', 'input': {'name': 'Espatula de 3 pulgadas', 'part_number': 'jk4564-3', 'current_stock': 0}}
  {'type': 'missing', 'loc': ('response', 'lines', 0, 'material', 'unit_of_measure'), 'msg': 'Field required', 'input': {'name': 'Espatula de 3 pulgadas', 'part_number': 'jk4564-3', 'current_stock': 0}}
  {'type': 'missing', 'loc': ('response', 'lines', 0, 'material', 'id'), 'msg': 'Field required', 'input': {'name': 'Espatula de 3 pulgadas', 'part_number': 'jk4564-3', 'current_stock': 0}}

  File "C:\Users\Ivan.Corona\.gemini\antigravity\scratch\toolcrib\app\api\v1\endpoints\cycle_counts.py", line 30, in get_session_detail
    GET /api/v1/cycle-counts/{id}


[SYSTEM] SERVER RESTARTED AT 2026-01-19 15:14:18
[MIDDLEWARE OUTER] POST http://localhost:8002/api/v1/cycle-counts/
[DEBUG] CycleCountService.create_session payload: {'count_date': '2026-01-20', 'notes': None, 'location_scope': None, 'created_by': '7afa8bf2-72ee-4e6f-ae47-f47816e7997f', 'status': 'DRAFT'}
[DEBUG] Insert Result: data=[{'id': '92573bb3-6d51-443a-b033-d8a9c77fffe9', 'created_at': '2026-01-19T21:17:45.078252+00:00', 'created_by': '7afa8bf2-72ee-4e6f-ae47-f47816e7997f', 'status': 'DRAFT', 'count_date': '2026-01-20', 'notes': None, 'location_scope': None, 'approved_by': None, 'approved_at': None}] count=None
[MIDDLEWARE OUTER] OPTIONS http://localhost:8002/api/v1/cycle-counts/92573bb3-6d51-443a-b033-d8a9c77fffe9/lines
[MIDDLEWARE OUTER] POST http://localhost:8002/api/v1/cycle-counts/92573bb3-6d51-443a-b033-d8a9c77fffe9/lines
[DEBUG] RAW BODY ADD_LINE: {'material_id': 24, 'qty_system': 7, 'qty_physical': 0, 'location_id': 2, 'planned_date': '2026-01-20', 'count_date': '2026-01-20'}
[DEBUG] add_line start. data={'material_id': 24, 'location_id': 2, 'qty_physical': 0.0, 'reason_code': None, 'evidence_urls': None, 'planned_date': '2026-01-20', 'count_date': '2026-01-20'}
[DEBUG] add_line payload: {'material_id': 24, 'location_id': 2, 'qty_physical': 0, 'reason_code': None, 'evidence_urls': None, 'planned_date': '2026-01-20', 'count_date': '2026-01-20', 'session_id': '92573bb3-6d51-443a-b033-d8a9c77fffe9', 'counted_by': '7afa8bf2-72ee-4e6f-ae47-f47816e7997f', 'qty_system': 7}
[MIDDLEWARE OUTER] OPTIONS http://localhost:8002/api/v1/cycle-counts/92573bb3-6d51-443a-b033-d8a9c77fffe9
[MIDDLEWARE OUTER] GET http://localhost:8002/api/v1/cycle-counts/92573bb3-6d51-443a-b033-d8a9c77fffe9
[MIDDLEWARE CRASH] 1 validation error:
  {'type': 'missing', 'loc': ('response', 'lines', 0, 'material', 'sku'), 'msg': 'Field required', 'input': {'id': 24, 'area': 'ToolCrib', 'name': 'Ejemplo', 'unit': 'EA', 'plant': 'Planta 1', 'status': 'active', 'process': 'Tool', 'category': 'Herramienta', 'currency': 'MXN', 'location': 'A1-1', 'supplier': None, 'abc_class': 'B', 'image_url': 'punr79yii3s_1765810835435.png', 'max_stock': 9, 'min_stock': 6, 'unit_cost': 0.0, 'created_at': '2026-01-15T00:08:51.353+00:00', 'created_by': None, 'updated_at': '2026-01-19T21:17:48.410743+00:00', 'action_type': 'Modification', 'cost_center': None, 'description': 'este es un ejemplo para mostrarle a anita', 'part_number': 'Eje-001', 'requested_by': 'Ivan corona', 'current_stock': 0, 'machine_asset': 'Tool1213', 'material_type': 'consumable', 'pending_stock': 0, 'registered_by': 'ana.hernandez@wasion.cn', 'deactivated_at': None, 'deactivated_by': None, 'origin_country': 'MX', 'area_deprecated': 'ToolCrib', 'has_requisition': False, 'unit_of_measure': 'Pz', 'deactivation_reason': None, 'requested_by_position': 'Jefe de mantenimiento'}}

  File "C:\Users\Ivan.Corona\.gemini\antigravity\scratch\toolcrib\app\api\v1\endpoints\cycle_counts.py", line 30, in get_session_detail
    GET /api/v1/cycle-counts/{id}
Traceback (most recent call last):
  File "C:\Users\Ivan.Corona\.gemini\antigravity\scratch\toolcrib\app\main.py", line 51, in dispatch
    response = await call_next(request)
               ^^^^^^^^^^^^^^^^^^^^^^^^
  File "C:\Users\Ivan.Corona\AppData\Local\Programs\Python\Python314\Lib\site-packages\starlette\middleware\base.py", line 168, in call_next
    raise app_exc from app_exc.__cause__ or app_exc.__context__
  File "C:\Users\Ivan.Corona\AppData\Local\Programs\Python\Python314\Lib\site-packages\starlette\middleware\base.py", line 144, in coro
    await self.app(scope, receive_or_disconnect, send_no_error)
  File "C:\Users\Ivan.Corona\AppData\Local\Programs\Python\Python314\Lib\site-packages\starlette\middleware\cors.py", line 93, in __call__
    await self.simple_response(scope, receive, send, request_headers=headers)
  File "C:\Users\Ivan.Corona\AppData\Local\Programs\Python\Python314\Lib\site-packages\starlette\middleware\cors.py", line 144, in simple_response
    await self.app(scope, receive, send)
  File "C:\Users\Ivan.Corona\AppData\Local\Programs\Python\Python314\Lib\site-packages\starlette\middleware\exceptions.py", line 63, in __call__
    await wrap_app_handling_exceptions(self.app, conn)(scope, receive, send)
  File "C:\Users\Ivan.Corona\AppData\Local\Programs\Python\Python314\Lib\site-packages\starlette\_exception_handler.py", line 53, in wrapped_app
    raise exc
  File "C:\Users\Ivan.Corona\AppData\Local\Programs\Python\Python314\Lib\site-packages\starlette\_exception_handler.py", line 42, in wrapped_app
    await app(scope, receive, sender)
  File "C:\Users\Ivan.Corona\AppData\Local\Programs\Python\Python314\Lib\site-packages\fastapi\middleware\asyncexitstack.py", line 18, in __call__
    await self.app(scope, receive, send)
  File "C:\Users\Ivan.Corona\AppData\Local\Programs\Python\Python314\Lib\site-packages\starlette\routing.py", line 716, in __call__
    await self.middleware_stack(scope, receive, send)
  File "C:\Users\Ivan.Corona\AppData\Local\Programs\Python\Python314\Lib\site-packages\starlette\routing.py", line 736, in app
    await route.handle(scope, receive, send)
  File "C:\Users\Ivan.Corona\AppData\Local\Programs\Python\Python314\Lib\site-packages\starlette\routing.py", line 290, in handle
    await self.app(scope, receive, send)
  File "C:\Users\Ivan.Corona\AppData\Local\Programs\Python\Python314\Lib\site-packages\fastapi\routing.py", line 120, in app
    await wrap_app_handling_exceptions(app, request)(scope, receive, send)
  File "C:\Users\Ivan.Corona\AppData\Local\Programs\Python\Python314\Lib\site-packages\starlette\_exception_handler.py", line 53, in wrapped_app
    raise exc
  File "C:\Users\Ivan.Corona\AppData\Local\Programs\Python\Python314\Lib\site-packages\starlette\_exception_handler.py", line 42, in wrapped_app
    await app(scope, receive, sender)
  File "C:\Users\Ivan.Corona\AppData\Local\Programs\Python\Python314\Lib\site-packages\fastapi\routing.py", line 106, in app
    response = await f(request)
               ^^^^^^^^^^^^^^^^
  File "C:\Users\Ivan.Corona\AppData\Local\Programs\Python\Python314\Lib\site-packages\fastapi\routing.py", line 452, in app
    content = await serialize_response(
              ^^^^^^^^^^^^^^^^^^^^^^^^^
    ...<10 lines>...
    )
    ^
  File "C:\Users\Ivan.Corona\AppData\Local\Programs\Python\Python314\Lib\site-packages\fastapi\routing.py", line 278, in serialize_response
    raise ResponseValidationError(
    ...<3 lines>...
    )
fastapi.exceptions.ResponseValidationError: 1 validation error:
  {'type': 'missing', 'loc': ('response', 'lines', 0, 'material', 'sku'), 'msg': 'Field required', 'input': {'id': 24, 'area': 'ToolCrib', 'name': 'Ejemplo', 'unit': 'EA', 'plant': 'Planta 1', 'status': 'active', 'process': 'Tool', 'category': 'Herramienta', 'currency': 'MXN', 'location': 'A1-1', 'supplier': None, 'abc_class': 'B', 'image_url': 'punr79yii3s_1765810835435.png', 'max_stock': 9, 'min_stock': 6, 'unit_cost': 0.0, 'created_at': '2026-01-15T00:08:51.353+00:00', 'created_by': None, 'updated_at': '2026-01-19T21:17:48.410743+00:00', 'action_type': 'Modification', 'cost_center': None, 'description': 'este es un ejemplo para mostrarle a anita', 'part_number': 'Eje-001', 'requested_by': 'Ivan corona', 'current_stock': 0, 'machine_asset': 'Tool1213', 'material_type': 'consumable', 'pending_stock': 0, 'registered_by': 'ana.hernandez@wasion.cn', 'deactivated_at': None, 'deactivated_by': None, 'origin_country': 'MX', 'area_deprecated': 'ToolCrib', 'has_requisition': False, 'unit_of_measure': 'Pz', 'deactivation_reason': None, 'requested_by_position': 'Jefe de mantenimiento'}}

  File "C:\Users\Ivan.Corona\.gemini\antigravity\scratch\toolcrib\app\api\v1\endpoints\cycle_counts.py", line 30, in get_session_detail
    GET /api/v1/cycle-counts/{id}

[MIDDLEWARE OUTER] POST http://localhost:8002/api/v1/cycle-counts/
[DEBUG] CycleCountService.create_session payload: {'count_date': '2026-01-13', 'notes': None, 'location_scope': None, 'created_by': '7afa8bf2-72ee-4e6f-ae47-f47816e7997f', 'status': 'DRAFT'}
[DEBUG] Insert Result: data=[{'id': 'b515ff71-0597-41c2-ae7c-118076493fda', 'created_at': '2026-01-19T21:19:10.78397+00:00', 'created_by': '7afa8bf2-72ee-4e6f-ae47-f47816e7997f', 'status': 'DRAFT', 'count_date': '2026-01-13', 'notes': None, 'location_scope': None, 'approved_by': None, 'approved_at': None}] count=None
[MIDDLEWARE OUTER] OPTIONS http://localhost:8002/api/v1/cycle-counts/b515ff71-0597-41c2-ae7c-118076493fda/lines
[MIDDLEWARE OUTER] POST http://localhost:8002/api/v1/cycle-counts/b515ff71-0597-41c2-ae7c-118076493fda/lines
[DEBUG] RAW BODY ADD_LINE: {'material_id': 26, 'qty_system': 2, 'qty_physical': 0, 'location_id': 2, 'planned_date': '2026-01-13', 'count_date': '2026-01-13'}
[DEBUG] add_line start. data={'material_id': 26, 'location_id': 2, 'qty_physical': 0.0, 'reason_code': None, 'evidence_urls': None, 'planned_date': '2026-01-13', 'count_date': '2026-01-13'}
[DEBUG] add_line payload: {'material_id': 26, 'location_id': 2, 'qty_physical': 0, 'reason_code': None, 'evidence_urls': None, 'planned_date': '2026-01-13', 'count_date': '2026-01-13', 'session_id': 'b515ff71-0597-41c2-ae7c-118076493fda', 'counted_by': '7afa8bf2-72ee-4e6f-ae47-f47816e7997f', 'qty_system': 2}
[MIDDLEWARE OUTER] OPTIONS http://localhost:8002/api/v1/cycle-counts/b515ff71-0597-41c2-ae7c-118076493fda
[MIDDLEWARE OUTER] GET http://localhost:8002/api/v1/cycle-counts/b515ff71-0597-41c2-ae7c-118076493fda
[MIDDLEWARE CRASH] 1 validation error:
  {'type': 'missing', 'loc': ('response', 'lines', 0, 'material', 'sku'), 'msg': 'Field required', 'input': {'id': 26, 'area': '', 'name': 'Ejemplo 005', 'unit': 'EA', 'plant': 'Planta 2', 'status': 'active', 'process': 'Semi finish', 'category': 'General', 'currency': 'MXN', 'location': 'A1-45', 'supplier': None, 'abc_class': 'B', 'image_url': 'eyuebrlos18_1768093404416.png', 'max_stock': 5, 'min_stock': 3, 'unit_cost': 0.0, 'created_at': '2026-01-11T01:03:23.333822+00:00', 'created_by': '4389e387-e781-48e7-8347-5269c40d5820', 'updated_at': '2026-01-19T21:19:36.923488+00:00', 'action_type': 'Alta', 'cost_center': None, 'description': 'Ejemplo 005 color verde para las lineas de post proceso en el sistema electrico', 'part_number': 'Ejemplo-005', 'requested_by': 'Dulce quezada', 'current_stock': 0, 'machine_asset': '464645s', 'material_type': 'spare_part', 'pending_stock': 0, 'registered_by': None, 'deactivated_at': None, 'deactivated_by': None, 'origin_country': 'MX', 'area_deprecated': None, 'has_requisition': False, 'unit_of_measure': 'pza', 'deactivation_reason': None, 'requested_by_position': 'Ingeniero de procesos'}}

  File "C:\Users\Ivan.Corona\.gemini\antigravity\scratch\toolcrib\app\api\v1\endpoints\cycle_counts.py", line 30, in get_session_detail
    GET /api/v1/cycle-counts/{id}
Traceback (most recent call last):
  File "C:\Users\Ivan.Corona\.gemini\antigravity\scratch\toolcrib\app\main.py", line 51, in dispatch
    response = await call_next(request)
               ^^^^^^^^^^^^^^^^^^^^^^^^
  File "C:\Users\Ivan.Corona\AppData\Local\Programs\Python\Python314\Lib\site-packages\starlette\middleware\base.py", line 168, in call_next
    raise app_exc from app_exc.__cause__ or app_exc.__context__
  File "C:\Users\Ivan.Corona\AppData\Local\Programs\Python\Python314\Lib\site-packages\starlette\middleware\base.py", line 144, in coro
    await self.app(scope, receive_or_disconnect, send_no_error)
  File "C:\Users\Ivan.Corona\AppData\Local\Programs\Python\Python314\Lib\site-packages\starlette\middleware\cors.py", line 93, in __call__
    await self.simple_response(scope, receive, send, request_headers=headers)
  File "C:\Users\Ivan.Corona\AppData\Local\Programs\Python\Python314\Lib\site-packages\starlette\middleware\cors.py", line 144, in simple_response
    await self.app(scope, receive, send)
  File "C:\Users\Ivan.Corona\AppData\Local\Programs\Python\Python314\Lib\site-packages\starlette\middleware\exceptions.py", line 63, in __call__
    await wrap_app_handling_exceptions(self.app, conn)(scope, receive, send)
  File "C:\Users\Ivan.Corona\AppData\Local\Programs\Python\Python314\Lib\site-packages\starlette\_exception_handler.py", line 53, in wrapped_app
    raise exc
  File "C:\Users\Ivan.Corona\AppData\Local\Programs\Python\Python314\Lib\site-packages\starlette\_exception_handler.py", line 42, in wrapped_app
    await app(scope, receive, sender)
  File "C:\Users\Ivan.Corona\AppData\Local\Programs\Python\Python314\Lib\site-packages\fastapi\middleware\asyncexitstack.py", line 18, in __call__
    await self.app(scope, receive, send)
  File "C:\Users\Ivan.Corona\AppData\Local\Programs\Python\Python314\Lib\site-packages\starlette\routing.py", line 716, in __call__
    await self.middleware_stack(scope, receive, send)
  File "C:\Users\Ivan.Corona\AppData\Local\Programs\Python\Python314\Lib\site-packages\starlette\routing.py", line 736, in app
    await route.handle(scope, receive, send)
  File "C:\Users\Ivan.Corona\AppData\Local\Programs\Python\Python314\Lib\site-packages\starlette\routing.py", line 290, in handle
    await self.app(scope, receive, send)
  File "C:\Users\Ivan.Corona\AppData\Local\Programs\Python\Python314\Lib\site-packages\fastapi\routing.py", line 120, in app
    await wrap_app_handling_exceptions(app, request)(scope, receive, send)
  File "C:\Users\Ivan.Corona\AppData\Local\Programs\Python\Python314\Lib\site-packages\starlette\_exception_handler.py", line 53, in wrapped_app
    raise exc
  File "C:\Users\Ivan.Corona\AppData\Local\Programs\Python\Python314\Lib\site-packages\starlette\_exception_handler.py", line 42, in wrapped_app
    await app(scope, receive, sender)
  File "C:\Users\Ivan.Corona\AppData\Local\Programs\Python\Python314\Lib\site-packages\fastapi\routing.py", line 106, in app
    response = await f(request)
               ^^^^^^^^^^^^^^^^
  File "C:\Users\Ivan.Corona\AppData\Local\Programs\Python\Python314\Lib\site-packages\fastapi\routing.py", line 452, in app
    content = await serialize_response(
              ^^^^^^^^^^^^^^^^^^^^^^^^^
    ...<10 lines>...
    )
    ^
  File "C:\Users\Ivan.Corona\AppData\Local\Programs\Python\Python314\Lib\site-packages\fastapi\routing.py", line 278, in serialize_response
    raise ResponseValidationError(
    ...<3 lines>...
    )
fastapi.exceptions.ResponseValidationError: 1 validation error:
  {'type': 'missing', 'loc': ('response', 'lines', 0, 'material', 'sku'), 'msg': 'Field required', 'input': {'id': 26, 'area': '', 'name': 'Ejemplo 005', 'unit': 'EA', 'plant': 'Planta 2', 'status': 'active', 'process': 'Semi finish', 'category': 'General', 'currency': 'MXN', 'location': 'A1-45', 'supplier': None, 'abc_class': 'B', 'image_url': 'eyuebrlos18_1768093404416.png', 'max_stock': 5, 'min_stock': 3, 'unit_cost': 0.0, 'created_at': '2026-01-11T01:03:23.333822+00:00', 'created_by': '4389e387-e781-48e7-8347-5269c40d5820', 'updated_at': '2026-01-19T21:19:36.923488+00:00', 'action_type': 'Alta', 'cost_center': None, 'description': 'Ejemplo 005 color verde para las lineas de post proceso en el sistema electrico', 'part_number': 'Ejemplo-005', 'requested_by': 'Dulce quezada', 'current_stock': 0, 'machine_asset': '464645s', 'material_type': 'spare_part', 'pending_stock': 0, 'registered_by': None, 'deactivated_at': None, 'deactivated_by': None, 'origin_country': 'MX', 'area_deprecated': None, 'has_requisition': False, 'unit_of_measure': 'pza', 'deactivation_reason': None, 'requested_by_position': 'Ingeniero de procesos'}}

  File "C:\Users\Ivan.Corona\.gemini\antigravity\scratch\toolcrib\app\api\v1\endpoints\cycle_counts.py", line 30, in get_session_detail
    GET /api/v1/cycle-counts/{id}

[MIDDLEWARE OUTER] OPTIONS http://localhost:8002/api/v1/cycle-counts/
[MIDDLEWARE OUTER] POST http://localhost:8002/api/v1/cycle-counts/
[DEBUG] CycleCountService.create_session payload: {'count_date': '2026-01-20', 'notes': None, 'location_scope': None, 'created_by': '7afa8bf2-72ee-4e6f-ae47-f47816e7997f', 'status': 'DRAFT'}
[DEBUG] Insert Result: data=[{'id': '026cd443-a9a0-47c2-a7fe-217c9165f82c', 'created_at': '2026-01-19T21:23:37.596505+00:00', 'created_by': '7afa8bf2-72ee-4e6f-ae47-f47816e7997f', 'status': 'DRAFT', 'count_date': '2026-01-20', 'notes': None, 'location_scope': None, 'approved_by': None, 'approved_at': None}] count=None
[MIDDLEWARE OUTER] OPTIONS http://localhost:8002/api/v1/cycle-counts/026cd443-a9a0-47c2-a7fe-217c9165f82c/lines
[MIDDLEWARE OUTER] POST http://localhost:8002/api/v1/cycle-counts/026cd443-a9a0-47c2-a7fe-217c9165f82c/lines
[DEBUG] RAW BODY ADD_LINE: {'material_id': 27, 'qty_system': 0, 'qty_physical': 0, 'location_id': 2, 'planned_date': '2026-01-20', 'count_date': '2026-01-20'}
[DEBUG] add_line start. data={'material_id': 27, 'location_id': 2, 'qty_physical': 0.0, 'reason_code': None, 'evidence_urls': None, 'planned_date': '2026-01-20', 'count_date': '2026-01-20'}
[DEBUG] add_line payload: {'material_id': 27, 'location_id': 2, 'qty_physical': 0, 'reason_code': None, 'evidence_urls': None, 'planned_date': '2026-01-20', 'count_date': '2026-01-20', 'session_id': '026cd443-a9a0-47c2-a7fe-217c9165f82c', 'counted_by': '7afa8bf2-72ee-4e6f-ae47-f47816e7997f', 'qty_system': 0}
[MIDDLEWARE OUTER] OPTIONS http://localhost:8002/api/v1/cycle-counts/026cd443-a9a0-47c2-a7fe-217c9165f82c
[MIDDLEWARE OUTER] GET http://localhost:8002/api/v1/cycle-counts/026cd443-a9a0-47c2-a7fe-217c9165f82c
[MIDDLEWARE CRASH] 1 validation error:
  {'type': 'missing', 'loc': ('response', 'lines', 0, 'material', 'sku'), 'msg': 'Field required', 'input': {'id': 27, 'area': '', 'name': 'Espatula de 3 pulgadas', 'unit': 'EA', 'plant': 'Planta 1', 'status': 'active', 'process': 'SMT', 'category': 'EPP', 'currency': 'MXN', 'location': 'A3-05', 'supplier': None, 'abc_class': 'C', 'image_url': 'https://bykumuizmxsclsazeych.supabase.co/storage/v1/object/public/material-images/27/1768688803448.png', 'max_stock': 5, 'min_stock': 2, 'unit_cost': 0.0, 'created_at': '2026-01-17T21:41:01.346642+00:00', 'created_by': '7afa8bf2-72ee-4e6f-ae47-f47816e7997f', 'updated_at': '2026-01-19T21:12:34.249306+00:00', 'action_type': 'Alta', 'cost_center': None, 'description': 'espatula de metal de tres pultadas de ancho por cuatro de largo', 'part_number': 'jk4564-3', 'requested_by': 'Ivan corona', 'current_stock': 0, 'machine_asset': 'Cu46546', 'material_type': 'spare_part', 'pending_stock': 1, 'registered_by': None, 'deactivated_at': None, 'deactivated_by': None, 'origin_country': 'CN', 'area_deprecated': None, 'has_requisition': False, 'unit_of_measure': 'pz', 'deactivation_reason': None, 'requested_by_position': 'jefe de mantenimiento'}}

  File "C:\Users\Ivan.Corona\.gemini\antigravity\scratch\toolcrib\app\api\v1\endpoints\cycle_counts.py", line 30, in get_session_detail
    GET /api/v1/cycle-counts/{id}
Traceback (most recent call last):
  File "C:\Users\Ivan.Corona\.gemini\antigravity\scratch\toolcrib\app\main.py", line 51, in dispatch
    response = await call_next(request)
               ^^^^^^^^^^^^^^^^^^^^^^^^
  File "C:\Users\Ivan.Corona\AppData\Local\Programs\Python\Python314\Lib\site-packages\starlette\middleware\base.py", line 168, in call_next
    raise app_exc from app_exc.__cause__ or app_exc.__context__
  File "C:\Users\Ivan.Corona\AppData\Local\Programs\Python\Python314\Lib\site-packages\starlette\middleware\base.py", line 144, in coro
    await self.app(scope, receive_or_disconnect, send_no_error)
  File "C:\Users\Ivan.Corona\AppData\Local\Programs\Python\Python314\Lib\site-packages\starlette\middleware\cors.py", line 93, in __call__
    await self.simple_response(scope, receive, send, request_headers=headers)
  File "C:\Users\Ivan.Corona\AppData\Local\Programs\Python\Python314\Lib\site-packages\starlette\middleware\cors.py", line 144, in simple_response
    await self.app(scope, receive, send)
  File "C:\Users\Ivan.Corona\AppData\Local\Programs\Python\Python314\Lib\site-packages\starlette\middleware\exceptions.py", line 63, in __call__
    await wrap_app_handling_exceptions(self.app, conn)(scope, receive, send)
  File "C:\Users\Ivan.Corona\AppData\Local\Programs\Python\Python314\Lib\site-packages\starlette\_exception_handler.py", line 53, in wrapped_app
    raise exc
  File "C:\Users\Ivan.Corona\AppData\Local\Programs\Python\Python314\Lib\site-packages\starlette\_exception_handler.py", line 42, in wrapped_app
    await app(scope, receive, sender)
  File "C:\Users\Ivan.Corona\AppData\Local\Programs\Python\Python314\Lib\site-packages\fastapi\middleware\asyncexitstack.py", line 18, in __call__
    await self.app(scope, receive, send)
  File "C:\Users\Ivan.Corona\AppData\Local\Programs\Python\Python314\Lib\site-packages\starlette\routing.py", line 716, in __call__
    await self.middleware_stack(scope, receive, send)
  File "C:\Users\Ivan.Corona\AppData\Local\Programs\Python\Python314\Lib\site-packages\starlette\routing.py", line 736, in app
    await route.handle(scope, receive, send)
  File "C:\Users\Ivan.Corona\AppData\Local\Programs\Python\Python314\Lib\site-packages\starlette\routing.py", line 290, in handle
    await self.app(scope, receive, send)
  File "C:\Users\Ivan.Corona\AppData\Local\Programs\Python\Python314\Lib\site-packages\fastapi\routing.py", line 120, in app
    await wrap_app_handling_exceptions(app, request)(scope, receive, send)
  File "C:\Users\Ivan.Corona\AppData\Local\Programs\Python\Python314\Lib\site-packages\starlette\_exception_handler.py", line 53, in wrapped_app
    raise exc
  File "C:\Users\Ivan.Corona\AppData\Local\Programs\Python\Python314\Lib\site-packages\starlette\_exception_handler.py", line 42, in wrapped_app
    await app(scope, receive, sender)
  File "C:\Users\Ivan.Corona\AppData\Local\Programs\Python\Python314\Lib\site-packages\fastapi\routing.py", line 106, in app
    response = await f(request)
               ^^^^^^^^^^^^^^^^
  File "C:\Users\Ivan.Corona\AppData\Local\Programs\Python\Python314\Lib\site-packages\fastapi\routing.py", line 452, in app
    content = await serialize_response(
              ^^^^^^^^^^^^^^^^^^^^^^^^^
    ...<10 lines>...
    )
    ^
  File "C:\Users\Ivan.Corona\AppData\Local\Programs\Python\Python314\Lib\site-packages\fastapi\routing.py", line 278, in serialize_response
    raise ResponseValidationError(
    ...<3 lines>...
    )
fastapi.exceptions.ResponseValidationError: 1 validation error:
  {'type': 'missing', 'loc': ('response', 'lines', 0, 'material', 'sku'), 'msg': 'Field required', 'input': {'id': 27, 'area': '', 'name': 'Espatula de 3 pulgadas', 'unit': 'EA', 'plant': 'Planta 1', 'status': 'active', 'process': 'SMT', 'category': 'EPP', 'currency': 'MXN', 'location': 'A3-05', 'supplier': None, 'abc_class': 'C', 'image_url': 'https://bykumuizmxsclsazeych.supabase.co/storage/v1/object/public/material-images/27/1768688803448.png', 'max_stock': 5, 'min_stock': 2, 'unit_cost': 0.0, 'created_at': '2026-01-17T21:41:01.346642+00:00', 'created_by': '7afa8bf2-72ee-4e6f-ae47-f47816e7997f', 'updated_at': '2026-01-19T21:12:34.249306+00:00', 'action_type': 'Alta', 'cost_center': None, 'description': 'espatula de metal de tres pultadas de ancho por cuatro de largo', 'part_number': 'jk4564-3', 'requested_by': 'Ivan corona', 'current_stock': 0, 'machine_asset': 'Cu46546', 'material_type': 'spare_part', 'pending_stock': 1, 'registered_by': None, 'deactivated_at': None, 'deactivated_by': None, 'origin_country': 'CN', 'area_deprecated': None, 'has_requisition': False, 'unit_of_measure': 'pz', 'deactivation_reason': None, 'requested_by_position': 'jefe de mantenimiento'}}

  File "C:\Users\Ivan.Corona\.gemini\antigravity\scratch\toolcrib\app\api\v1\endpoints\cycle_counts.py", line 30, in get_session_detail
    GET /api/v1/cycle-counts/{id}


[SYSTEM] SERVER RESTARTED AT 2026-01-19 15:43:26

[SYSTEM] SERVER RESTARTED AT 2026-01-19 15:43:48
[MIDDLEWARE OUTER] OPTIONS http://localhost:8002/api/v1/requisitions
[MIDDLEWARE OUTER] OPTIONS http://localhost:8002/api/v1/users/debug/check
[MIDDLEWARE OUTER] GET http://localhost:8002/api/v1/requisitions
[MIDDLEWARE OUTER] GET http://localhost:8002/api/v1/users/debug/check
[MIDDLEWARE OUTER] GET http://localhost:8002/api/v1/users/debug/check
[MIDDLEWARE OUTER] GET http://localhost:8002/api/v1/requisitions
[MIDDLEWARE OUTER] GET http://localhost:8002/api/v1/requisitions
[MIDDLEWARE OUTER] OPTIONS http://localhost:8002/api/v1/requisitions/inbox
[MIDDLEWARE OUTER] GET http://localhost:8002/api/v1/requisitions/inbox
[MIDDLEWARE OUTER] GET http://localhost:8002/api/v1/users/debug/check
[MIDDLEWARE OUTER] GET http://localhost:8002/api/v1/requisitions
[MIDDLEWARE OUTER] GET http://localhost:8002/api/v1/requisitions/inbox
[MIDDLEWARE OUTER] GET http://localhost:8002/api/v1/requisitions/inbox
[MIDDLEWARE OUTER] GET http://localhost:8002/api/v1/users/debug/check
[MIDDLEWARE OUTER] GET http://localhost:8002/api/v1/users/debug/check
[MIDDLEWARE OUTER] OPTIONS http://localhost:8002/api/v1/cycle-counts
[MIDDLEWARE OUTER] GET http://localhost:8002/api/v1/cycle-counts
[MIDDLEWARE OUTER] OPTIONS http://localhost:8002/api/v1/cycle-counts/
[MIDDLEWARE OUTER] GET http://localhost:8002/api/v1/cycle-counts/
[MIDDLEWARE CRASH] {'message': "Could not find a relationship between 'cycle_count_sessions' and 'profiles' in the schema cache", 'code': 'PGRST200', 'hint': None, 'details': "Searched for a foreign key relationship between 'cycle_count_sessions' and 'profiles' using the hint 'created_by' in the schema 'public', but no matches were found."}
Traceback (most recent call last):
  File "C:\Users\Ivan.Corona\.gemini\antigravity\scratch\toolcrib\app\main.py", line 51, in dispatch
    response = await call_next(request)
               ^^^^^^^^^^^^^^^^^^^^^^^^
  File "C:\Users\Ivan.Corona\AppData\Local\Programs\Python\Python314\Lib\site-packages\starlette\middleware\base.py", line 168, in call_next
    raise app_exc from app_exc.__cause__ or app_exc.__context__
  File "C:\Users\Ivan.Corona\AppData\Local\Programs\Python\Python314\Lib\site-packages\starlette\middleware\base.py", line 144, in coro
    await self.app(scope, receive_or_disconnect, send_no_error)
  File "C:\Users\Ivan.Corona\AppData\Local\Programs\Python\Python314\Lib\site-packages\starlette\middleware\cors.py", line 93, in __call__
    await self.simple_response(scope, receive, send, request_headers=headers)
  File "C:\Users\Ivan.Corona\AppData\Local\Programs\Python\Python314\Lib\site-packages\starlette\middleware\cors.py", line 144, in simple_response
    await self.app(scope, receive, send)
  File "C:\Users\Ivan.Corona\AppData\Local\Programs\Python\Python314\Lib\site-packages\starlette\middleware\exceptions.py", line 63, in __call__
    await wrap_app_handling_exceptions(self.app, conn)(scope, receive, send)
  File "C:\Users\Ivan.Corona\AppData\Local\Programs\Python\Python314\Lib\site-packages\starlette\_exception_handler.py", line 53, in wrapped_app
    raise exc
  File "C:\Users\Ivan.Corona\AppData\Local\Programs\Python\Python314\Lib\site-packages\starlette\_exception_handler.py", line 42, in wrapped_app
    await app(scope, receive, sender)
  File "C:\Users\Ivan.Corona\AppData\Local\Programs\Python\Python314\Lib\site-packages\fastapi\middleware\asyncexitstack.py", line 18, in __call__
    await self.app(scope, receive, send)
  File "C:\Users\Ivan.Corona\AppData\Local\Programs\Python\Python314\Lib\site-packages\starlette\routing.py", line 716, in __call__
    await self.middleware_stack(scope, receive, send)
  File "C:\Users\Ivan.Corona\AppData\Local\Programs\Python\Python314\Lib\site-packages\starlette\routing.py", line 736, in app
    await route.handle(scope, receive, send)
  File "C:\Users\Ivan.Corona\AppData\Local\Programs\Python\Python314\Lib\site-packages\starlette\routing.py", line 290, in handle
    await self.app(scope, receive, send)
  File "C:\Users\Ivan.Corona\AppData\Local\Programs\Python\Python314\Lib\site-packages\fastapi\routing.py", line 120, in app
    await wrap_app_handling_exceptions(app, request)(scope, receive, send)
  File "C:\Users\Ivan.Corona\AppData\Local\Programs\Python\Python314\Lib\site-packages\starlette\_exception_handler.py", line 53, in wrapped_app
    raise exc
  File "C:\Users\Ivan.Corona\AppData\Local\Programs\Python\Python314\Lib\site-packages\starlette\_exception_handler.py", line 42, in wrapped_app
    await app(scope, receive, sender)
  File "C:\Users\Ivan.Corona\AppData\Local\Programs\Python\Python314\Lib\site-packages\fastapi\routing.py", line 106, in app
    response = await f(request)
               ^^^^^^^^^^^^^^^^
  File "C:\Users\Ivan.Corona\AppData\Local\Programs\Python\Python314\Lib\site-packages\fastapi\routing.py", line 430, in app
    raw_response = await run_endpoint_function(
                   ^^^^^^^^^^^^^^^^^^^^^^^^^^^^
    ...<3 lines>...
    )
    ^
  File "C:\Users\Ivan.Corona\AppData\Local\Programs\Python\Python314\Lib\site-packages\fastapi\routing.py", line 318, in run_endpoint_function
    return await run_in_threadpool(dependant.call, **values)
           ^^^^^^^^^^^^^^^^^^^^^^^^^^^^^^^^^^^^^^^^^^^^^^^^^
  File "C:\Users\Ivan.Corona\AppData\Local\Programs\Python\Python314\Lib\site-packages\starlette\concurrency.py", line 32, in run_in_threadpool
    return await anyio.to_thread.run_sync(func)
           ^^^^^^^^^^^^^^^^^^^^^^^^^^^^^^^^^^^^
  File "C:\Users\Ivan.Corona\AppData\Local\Programs\Python\Python314\Lib\site-packages\anyio\to_thread.py", line 61, in run_sync
    return await get_async_backend().run_sync_in_worker_thread(
           ^^^^^^^^^^^^^^^^^^^^^^^^^^^^^^^^^^^^^^^^^^^^^^^^^^^^
        func, args, abandon_on_cancel=abandon_on_cancel, limiter=limiter
        ^^^^^^^^^^^^^^^^^^^^^^^^^^^^^^^^^^^^^^^^^^^^^^^^^^^^^^^^^^^^^^^^
    )
    ^
  File "C:\Users\Ivan.Corona\AppData\Local\Programs\Python\Python314\Lib\site-packages\anyio\_backends\_asyncio.py", line 2525, in run_sync_in_worker_thread
    return await future
           ^^^^^^^^^^^^
  File "C:\Users\Ivan.Corona\AppData\Local\Programs\Python\Python314\Lib\site-packages\anyio\_backends\_asyncio.py", line 986, in run
    result = context.run(func, *args)
  File "C:\Users\Ivan.Corona\.gemini\antigravity\scratch\toolcrib\app\api\v1\endpoints\cycle_counts.py", line 13, in get_sessions
    return CycleCountService.get_sessions()
           ~~~~~~~~~~~~~~~~~~~~~~~~~~~~~~^^
  File "C:\Users\Ivan.Corona\.gemini\antigravity\scratch\toolcrib\app\services\cycle_count_service.py", line 11, in get_sessions
    res = supabase_admin.table('cycle_count_sessions').select('*, created_by_profile:profiles!created_by(full_name)').order('created_at', desc=True).execute()
  File "C:\Users\Ivan.Corona\AppData\Local\Programs\Python\Python314\Lib\site-packages\postgrest\_sync\request_builder.py", line 53, in execute
    raise APIError(dict(json_obj))
postgrest.exceptions.APIError: {'message': "Could not find a relationship between 'cycle_count_sessions' and 'profiles' in the schema cache", 'code': 'PGRST200', 'hint': None, 'details': "Searched for a foreign key relationship between 'cycle_count_sessions' and 'profiles' using the hint 'created_by' in the schema 'public', but no matches were found."}

[MIDDLEWARE OUTER] GET http://localhost:8002/api/v1/cycle-counts
[MIDDLEWARE OUTER] GET http://localhost:8002/api/v1/cycle-counts/
[MIDDLEWARE CRASH] {'message': "Could not find a relationship between 'cycle_count_sessions' and 'profiles' in the schema cache", 'code': 'PGRST200', 'hint': None, 'details': "Searched for a foreign key relationship between 'cycle_count_sessions' and 'profiles' using the hint 'created_by' in the schema 'public', but no matches were found."}
Traceback (most recent call last):
  File "C:\Users\Ivan.Corona\.gemini\antigravity\scratch\toolcrib\app\main.py", line 51, in dispatch
    response = await call_next(request)
               ^^^^^^^^^^^^^^^^^^^^^^^^
  File "C:\Users\Ivan.Corona\AppData\Local\Programs\Python\Python314\Lib\site-packages\starlette\middleware\base.py", line 168, in call_next
    raise app_exc from app_exc.__cause__ or app_exc.__context__
  File "C:\Users\Ivan.Corona\AppData\Local\Programs\Python\Python314\Lib\site-packages\starlette\middleware\base.py", line 144, in coro
    await self.app(scope, receive_or_disconnect, send_no_error)
  File "C:\Users\Ivan.Corona\AppData\Local\Programs\Python\Python314\Lib\site-packages\starlette\middleware\cors.py", line 93, in __call__
    await self.simple_response(scope, receive, send, request_headers=headers)
  File "C:\Users\Ivan.Corona\AppData\Local\Programs\Python\Python314\Lib\site-packages\starlette\middleware\cors.py", line 144, in simple_response
    await self.app(scope, receive, send)
  File "C:\Users\Ivan.Corona\AppData\Local\Programs\Python\Python314\Lib\site-packages\starlette\middleware\exceptions.py", line 63, in __call__
    await wrap_app_handling_exceptions(self.app, conn)(scope, receive, send)
  File "C:\Users\Ivan.Corona\AppData\Local\Programs\Python\Python314\Lib\site-packages\starlette\_exception_handler.py", line 53, in wrapped_app
    raise exc
  File "C:\Users\Ivan.Corona\AppData\Local\Programs\Python\Python314\Lib\site-packages\starlette\_exception_handler.py", line 42, in wrapped_app
    await app(scope, receive, sender)
  File "C:\Users\Ivan.Corona\AppData\Local\Programs\Python\Python314\Lib\site-packages\fastapi\middleware\asyncexitstack.py", line 18, in __call__
    await self.app(scope, receive, send)
  File "C:\Users\Ivan.Corona\AppData\Local\Programs\Python\Python314\Lib\site-packages\starlette\routing.py", line 716, in __call__
    await self.middleware_stack(scope, receive, send)
  File "C:\Users\Ivan.Corona\AppData\Local\Programs\Python\Python314\Lib\site-packages\starlette\routing.py", line 736, in app
    await route.handle(scope, receive, send)
  File "C:\Users\Ivan.Corona\AppData\Local\Programs\Python\Python314\Lib\site-packages\starlette\routing.py", line 290, in handle
    await self.app(scope, receive, send)
  File "C:\Users\Ivan.Corona\AppData\Local\Programs\Python\Python314\Lib\site-packages\fastapi\routing.py", line 120, in app
    await wrap_app_handling_exceptions(app, request)(scope, receive, send)
  File "C:\Users\Ivan.Corona\AppData\Local\Programs\Python\Python314\Lib\site-packages\starlette\_exception_handler.py", line 53, in wrapped_app
    raise exc
  File "C:\Users\Ivan.Corona\AppData\Local\Programs\Python\Python314\Lib\site-packages\starlette\_exception_handler.py", line 42, in wrapped_app
    await app(scope, receive, sender)
  File "C:\Users\Ivan.Corona\AppData\Local\Programs\Python\Python314\Lib\site-packages\fastapi\routing.py", line 106, in app
    response = await f(request)
               ^^^^^^^^^^^^^^^^
  File "C:\Users\Ivan.Corona\AppData\Local\Programs\Python\Python314\Lib\site-packages\fastapi\routing.py", line 430, in app
    raw_response = await run_endpoint_function(
                   ^^^^^^^^^^^^^^^^^^^^^^^^^^^^
    ...<3 lines>...
    )
    ^
  File "C:\Users\Ivan.Corona\AppData\Local\Programs\Python\Python314\Lib\site-packages\fastapi\routing.py", line 318, in run_endpoint_function
    return await run_in_threadpool(dependant.call, **values)
           ^^^^^^^^^^^^^^^^^^^^^^^^^^^^^^^^^^^^^^^^^^^^^^^^^
  File "C:\Users\Ivan.Corona\AppData\Local\Programs\Python\Python314\Lib\site-packages\starlette\concurrency.py", line 32, in run_in_threadpool
    return await anyio.to_thread.run_sync(func)
           ^^^^^^^^^^^^^^^^^^^^^^^^^^^^^^^^^^^^
  File "C:\Users\Ivan.Corona\AppData\Local\Programs\Python\Python314\Lib\site-packages\anyio\to_thread.py", line 61, in run_sync
    return await get_async_backend().run_sync_in_worker_thread(
           ^^^^^^^^^^^^^^^^^^^^^^^^^^^^^^^^^^^^^^^^^^^^^^^^^^^^
        func, args, abandon_on_cancel=abandon_on_cancel, limiter=limiter
        ^^^^^^^^^^^^^^^^^^^^^^^^^^^^^^^^^^^^^^^^^^^^^^^^^^^^^^^^^^^^^^^^
    )
    ^
  File "C:\Users\Ivan.Corona\AppData\Local\Programs\Python\Python314\Lib\site-packages\anyio\_backends\_asyncio.py", line 2525, in run_sync_in_worker_thread
    return await future
           ^^^^^^^^^^^^
  File "C:\Users\Ivan.Corona\AppData\Local\Programs\Python\Python314\Lib\site-packages\anyio\_backends\_asyncio.py", line 986, in run
    result = context.run(func, *args)
  File "C:\Users\Ivan.Corona\.gemini\antigravity\scratch\toolcrib\app\api\v1\endpoints\cycle_counts.py", line 13, in get_sessions
    return CycleCountService.get_sessions()
           ~~~~~~~~~~~~~~~~~~~~~~~~~~~~~~^^
  File "C:\Users\Ivan.Corona\.gemini\antigravity\scratch\toolcrib\app\services\cycle_count_service.py", line 11, in get_sessions
    res = supabase_admin.table('cycle_count_sessions').select('*, created_by_profile:profiles!created_by(full_name)').order('created_at', desc=True).execute()
  File "C:\Users\Ivan.Corona\AppData\Local\Programs\Python\Python314\Lib\site-packages\postgrest\_sync\request_builder.py", line 53, in execute
    raise APIError(dict(json_obj))
postgrest.exceptions.APIError: {'message': "Could not find a relationship between 'cycle_count_sessions' and 'profiles' in the schema cache", 'code': 'PGRST200', 'hint': None, 'details': "Searched for a foreign key relationship between 'cycle_count_sessions' and 'profiles' using the hint 'created_by' in the schema 'public', but no matches were found."}

[MIDDLEWARE OUTER] GET http://localhost:8002/api/v1/cycle-counts
[MIDDLEWARE OUTER] GET http://localhost:8002/api/v1/cycle-counts/
[MIDDLEWARE CRASH] {'message': "Could not find a relationship between 'cycle_count_sessions' and 'profiles' in the schema cache", 'code': 'PGRST200', 'hint': None, 'details': "Searched for a foreign key relationship between 'cycle_count_sessions' and 'profiles' using the hint 'created_by' in the schema 'public', but no matches were found."}
Traceback (most recent call last):
  File "C:\Users\Ivan.Corona\.gemini\antigravity\scratch\toolcrib\app\main.py", line 51, in dispatch
    response = await call_next(request)
               ^^^^^^^^^^^^^^^^^^^^^^^^
  File "C:\Users\Ivan.Corona\AppData\Local\Programs\Python\Python314\Lib\site-packages\starlette\middleware\base.py", line 168, in call_next
    raise app_exc from app_exc.__cause__ or app_exc.__context__
  File "C:\Users\Ivan.Corona\AppData\Local\Programs\Python\Python314\Lib\site-packages\starlette\middleware\base.py", line 144, in coro
    await self.app(scope, receive_or_disconnect, send_no_error)
  File "C:\Users\Ivan.Corona\AppData\Local\Programs\Python\Python314\Lib\site-packages\starlette\middleware\cors.py", line 93, in __call__
    await self.simple_response(scope, receive, send, request_headers=headers)
  File "C:\Users\Ivan.Corona\AppData\Local\Programs\Python\Python314\Lib\site-packages\starlette\middleware\cors.py", line 144, in simple_response
    await self.app(scope, receive, send)
  File "C:\Users\Ivan.Corona\AppData\Local\Programs\Python\Python314\Lib\site-packages\starlette\middleware\exceptions.py", line 63, in __call__
    await wrap_app_handling_exceptions(self.app, conn)(scope, receive, send)
  File "C:\Users\Ivan.Corona\AppData\Local\Programs\Python\Python314\Lib\site-packages\starlette\_exception_handler.py", line 53, in wrapped_app
    raise exc
  File "C:\Users\Ivan.Corona\AppData\Local\Programs\Python\Python314\Lib\site-packages\starlette\_exception_handler.py", line 42, in wrapped_app
    await app(scope, receive, sender)
  File "C:\Users\Ivan.Corona\AppData\Local\Programs\Python\Python314\Lib\site-packages\fastapi\middleware\asyncexitstack.py", line 18, in __call__
    await self.app(scope, receive, send)
  File "C:\Users\Ivan.Corona\AppData\Local\Programs\Python\Python314\Lib\site-packages\starlette\routing.py", line 716, in __call__
    await self.middleware_stack(scope, receive, send)
  File "C:\Users\Ivan.Corona\AppData\Local\Programs\Python\Python314\Lib\site-packages\starlette\routing.py", line 736, in app
    await route.handle(scope, receive, send)
  File "C:\Users\Ivan.Corona\AppData\Local\Programs\Python\Python314\Lib\site-packages\starlette\routing.py", line 290, in handle
    await self.app(scope, receive, send)
  File "C:\Users\Ivan.Corona\AppData\Local\Programs\Python\Python314\Lib\site-packages\fastapi\routing.py", line 120, in app
    await wrap_app_handling_exceptions(app, request)(scope, receive, send)
  File "C:\Users\Ivan.Corona\AppData\Local\Programs\Python\Python314\Lib\site-packages\starlette\_exception_handler.py", line 53, in wrapped_app
    raise exc
  File "C:\Users\Ivan.Corona\AppData\Local\Programs\Python\Python314\Lib\site-packages\starlette\_exception_handler.py", line 42, in wrapped_app
    await app(scope, receive, sender)
  File "C:\Users\Ivan.Corona\AppData\Local\Programs\Python\Python314\Lib\site-packages\fastapi\routing.py", line 106, in app
    response = await f(request)
               ^^^^^^^^^^^^^^^^
  File "C:\Users\Ivan.Corona\AppData\Local\Programs\Python\Python314\Lib\site-packages\fastapi\routing.py", line 430, in app
    raw_response = await run_endpoint_function(
                   ^^^^^^^^^^^^^^^^^^^^^^^^^^^^
    ...<3 lines>...
    )
    ^
  File "C:\Users\Ivan.Corona\AppData\Local\Programs\Python\Python314\Lib\site-packages\fastapi\routing.py", line 318, in run_endpoint_function
    return await run_in_threadpool(dependant.call, **values)
           ^^^^^^^^^^^^^^^^^^^^^^^^^^^^^^^^^^^^^^^^^^^^^^^^^
  File "C:\Users\Ivan.Corona\AppData\Local\Programs\Python\Python314\Lib\site-packages\starlette\concurrency.py", line 32, in run_in_threadpool
    return await anyio.to_thread.run_sync(func)
           ^^^^^^^^^^^^^^^^^^^^^^^^^^^^^^^^^^^^
  File "C:\Users\Ivan.Corona\AppData\Local\Programs\Python\Python314\Lib\site-packages\anyio\to_thread.py", line 61, in run_sync
    return await get_async_backend().run_sync_in_worker_thread(
           ^^^^^^^^^^^^^^^^^^^^^^^^^^^^^^^^^^^^^^^^^^^^^^^^^^^^
        func, args, abandon_on_cancel=abandon_on_cancel, limiter=limiter
        ^^^^^^^^^^^^^^^^^^^^^^^^^^^^^^^^^^^^^^^^^^^^^^^^^^^^^^^^^^^^^^^^
    )
    ^
  File "C:\Users\Ivan.Corona\AppData\Local\Programs\Python\Python314\Lib\site-packages\anyio\_backends\_asyncio.py", line 2525, in run_sync_in_worker_thread
    return await future
           ^^^^^^^^^^^^
  File "C:\Users\Ivan.Corona\AppData\Local\Programs\Python\Python314\Lib\site-packages\anyio\_backends\_asyncio.py", line 986, in run
    result = context.run(func, *args)
  File "C:\Users\Ivan.Corona\.gemini\antigravity\scratch\toolcrib\app\api\v1\endpoints\cycle_counts.py", line 13, in get_sessions
    return CycleCountService.get_sessions()
           ~~~~~~~~~~~~~~~~~~~~~~~~~~~~~~^^
  File "C:\Users\Ivan.Corona\.gemini\antigravity\scratch\toolcrib\app\services\cycle_count_service.py", line 11, in get_sessions
    res = supabase_admin.table('cycle_count_sessions').select('*, created_by_profile:profiles!created_by(full_name)').order('created_at', desc=True).execute()
  File "C:\Users\Ivan.Corona\AppData\Local\Programs\Python\Python314\Lib\site-packages\postgrest\_sync\request_builder.py", line 53, in execute
    raise APIError(dict(json_obj))
postgrest.exceptions.APIError: {'message': "Could not find a relationship between 'cycle_count_sessions' and 'profiles' in the schema cache", 'code': 'PGRST200', 'hint': None, 'details': "Searched for a foreign key relationship between 'cycle_count_sessions' and 'profiles' using the hint 'created_by' in the schema 'public', but no matches were found."}

[MIDDLEWARE OUTER] POST http://localhost:8002/api/v1/cycle-counts
[MIDDLEWARE OUTER] POST http://localhost:8002/api/v1/cycle-counts/
[MIDDLEWARE OUTER] GET http://localhost:8002/api/v1/cycle-counts
[MIDDLEWARE OUTER] GET http://localhost:8002/api/v1/cycle-counts/
[MIDDLEWARE CRASH] {'message': "Could not find a relationship between 'cycle_count_sessions' and 'profiles' in the schema cache", 'code': 'PGRST200', 'hint': None, 'details': "Searched for a foreign key relationship between 'cycle_count_sessions' and 'profiles' using the hint 'created_by' in the schema 'public', but no matches were found."}
Traceback (most recent call last):
  File "C:\Users\Ivan.Corona\.gemini\antigravity\scratch\toolcrib\app\main.py", line 51, in dispatch
    response = await call_next(request)
               ^^^^^^^^^^^^^^^^^^^^^^^^
  File "C:\Users\Ivan.Corona\AppData\Local\Programs\Python\Python314\Lib\site-packages\starlette\middleware\base.py", line 168, in call_next
    raise app_exc from app_exc.__cause__ or app_exc.__context__
  File "C:\Users\Ivan.Corona\AppData\Local\Programs\Python\Python314\Lib\site-packages\starlette\middleware\base.py", line 144, in coro
    await self.app(scope, receive_or_disconnect, send_no_error)
  File "C:\Users\Ivan.Corona\AppData\Local\Programs\Python\Python314\Lib\site-packages\starlette\middleware\cors.py", line 93, in __call__
    await self.simple_response(scope, receive, send, request_headers=headers)
  File "C:\Users\Ivan.Corona\AppData\Local\Programs\Python\Python314\Lib\site-packages\starlette\middleware\cors.py", line 144, in simple_response
    await self.app(scope, receive, send)
  File "C:\Users\Ivan.Corona\AppData\Local\Programs\Python\Python314\Lib\site-packages\starlette\middleware\exceptions.py", line 63, in __call__
    await wrap_app_handling_exceptions(self.app, conn)(scope, receive, send)
  File "C:\Users\Ivan.Corona\AppData\Local\Programs\Python\Python314\Lib\site-packages\starlette\_exception_handler.py", line 53, in wrapped_app
    raise exc
  File "C:\Users\Ivan.Corona\AppData\Local\Programs\Python\Python314\Lib\site-packages\starlette\_exception_handler.py", line 42, in wrapped_app
    await app(scope, receive, sender)
  File "C:\Users\Ivan.Corona\AppData\Local\Programs\Python\Python314\Lib\site-packages\fastapi\middleware\asyncexitstack.py", line 18, in __call__
    await self.app(scope, receive, send)
  File "C:\Users\Ivan.Corona\AppData\Local\Programs\Python\Python314\Lib\site-packages\starlette\routing.py", line 716, in __call__
    await self.middleware_stack(scope, receive, send)
  File "C:\Users\Ivan.Corona\AppData\Local\Programs\Python\Python314\Lib\site-packages\starlette\routing.py", line 736, in app
    await route.handle(scope, receive, send)
  File "C:\Users\Ivan.Corona\AppData\Local\Programs\Python\Python314\Lib\site-packages\starlette\routing.py", line 290, in handle
    await self.app(scope, receive, send)
  File "C:\Users\Ivan.Corona\AppData\Local\Programs\Python\Python314\Lib\site-packages\fastapi\routing.py", line 120, in app
    await wrap_app_handling_exceptions(app, request)(scope, receive, send)
  File "C:\Users\Ivan.Corona\AppData\Local\Programs\Python\Python314\Lib\site-packages\starlette\_exception_handler.py", line 53, in wrapped_app
    raise exc
  File "C:\Users\Ivan.Corona\AppData\Local\Programs\Python\Python314\Lib\site-packages\starlette\_exception_handler.py", line 42, in wrapped_app
    await app(scope, receive, sender)
  File "C:\Users\Ivan.Corona\AppData\Local\Programs\Python\Python314\Lib\site-packages\fastapi\routing.py", line 106, in app
    response = await f(request)
               ^^^^^^^^^^^^^^^^
  File "C:\Users\Ivan.Corona\AppData\Local\Programs\Python\Python314\Lib\site-packages\fastapi\routing.py", line 430, in app
    raw_response = await run_endpoint_function(
                   ^^^^^^^^^^^^^^^^^^^^^^^^^^^^
    ...<3 lines>...
    )
    ^
  File "C:\Users\Ivan.Corona\AppData\Local\Programs\Python\Python314\Lib\site-packages\fastapi\routing.py", line 318, in run_endpoint_function
    return await run_in_threadpool(dependant.call, **values)
           ^^^^^^^^^^^^^^^^^^^^^^^^^^^^^^^^^^^^^^^^^^^^^^^^^
  File "C:\Users\Ivan.Corona\AppData\Local\Programs\Python\Python314\Lib\site-packages\starlette\concurrency.py", line 32, in run_in_threadpool
    return await anyio.to_thread.run_sync(func)
           ^^^^^^^^^^^^^^^^^^^^^^^^^^^^^^^^^^^^
  File "C:\Users\Ivan.Corona\AppData\Local\Programs\Python\Python314\Lib\site-packages\anyio\to_thread.py", line 61, in run_sync
    return await get_async_backend().run_sync_in_worker_thread(
           ^^^^^^^^^^^^^^^^^^^^^^^^^^^^^^^^^^^^^^^^^^^^^^^^^^^^
        func, args, abandon_on_cancel=abandon_on_cancel, limiter=limiter
        ^^^^^^^^^^^^^^^^^^^^^^^^^^^^^^^^^^^^^^^^^^^^^^^^^^^^^^^^^^^^^^^^
    )
    ^
  File "C:\Users\Ivan.Corona\AppData\Local\Programs\Python\Python314\Lib\site-packages\anyio\_backends\_asyncio.py", line 2525, in run_sync_in_worker_thread
    return await future
           ^^^^^^^^^^^^
  File "C:\Users\Ivan.Corona\AppData\Local\Programs\Python\Python314\Lib\site-packages\anyio\_backends\_asyncio.py", line 986, in run
    result = context.run(func, *args)
  File "C:\Users\Ivan.Corona\.gemini\antigravity\scratch\toolcrib\app\api\v1\endpoints\cycle_counts.py", line 13, in get_sessions
    return CycleCountService.get_sessions()
           ~~~~~~~~~~~~~~~~~~~~~~~~~~~~~~^^
  File "C:\Users\Ivan.Corona\.gemini\antigravity\scratch\toolcrib\app\services\cycle_count_service.py", line 11, in get_sessions
    res = supabase_admin.table('cycle_count_sessions').select('*, created_by_profile:profiles!created_by(full_name)').order('created_at', desc=True).execute()
  File "C:\Users\Ivan.Corona\AppData\Local\Programs\Python\Python314\Lib\site-packages\postgrest\_sync\request_builder.py", line 53, in execute
    raise APIError(dict(json_obj))
postgrest.exceptions.APIError: {'message': "Could not find a relationship between 'cycle_count_sessions' and 'profiles' in the schema cache", 'code': 'PGRST200', 'hint': None, 'details': "Searched for a foreign key relationship between 'cycle_count_sessions' and 'profiles' using the hint 'created_by' in the schema 'public', but no matches were found."}

[MIDDLEWARE OUTER] POST http://localhost:8002/api/v1/cycle-counts
[MIDDLEWARE OUTER] POST http://localhost:8002/api/v1/cycle-counts/
[MIDDLEWARE OUTER] OPTIONS http://localhost:8002/api/v1/users/debug/check
[MIDDLEWARE OUTER] OPTIONS http://localhost:8002/api/v1/requisitions
[MIDDLEWARE OUTER] GET http://localhost:8002/api/v1/users/debug/check
[MIDDLEWARE OUTER] GET http://localhost:8002/api/v1/requisitions
[MIDDLEWARE OUTER] GET http://localhost:8002/api/v1/requisitions
[MIDDLEWARE OUTER] OPTIONS http://localhost:8002/api/v1/requisitions/inbox
[MIDDLEWARE OUTER] GET http://localhost:8002/api/v1/requisitions
[MIDDLEWARE OUTER] GET http://localhost:8002/api/v1/requisitions/inbox
[MIDDLEWARE OUTER] GET http://localhost:8002/api/v1/users/debug/check
[MIDDLEWARE OUTER] GET http://localhost:8002/api/v1/requisitions/inbox
[MIDDLEWARE OUTER] GET http://localhost:8002/api/v1/requisitions/inbox
[MIDDLEWARE OUTER] GET http://localhost:8002/api/v1/users/debug/check
[MIDDLEWARE OUTER] GET http://localhost:8002/api/v1/users/debug/check
[MIDDLEWARE OUTER] OPTIONS http://localhost:8002/api/v1/cycle-counts
[MIDDLEWARE OUTER] GET http://localhost:8002/api/v1/cycle-counts
[MIDDLEWARE OUTER] OPTIONS http://localhost:8002/api/v1/cycle-counts/
[MIDDLEWARE OUTER] GET http://localhost:8002/api/v1/cycle-counts/
[MIDDLEWARE CRASH] {'message': "Could not find a relationship between 'cycle_count_sessions' and 'profiles' in the schema cache", 'code': 'PGRST200', 'hint': None, 'details': "Searched for a foreign key relationship between 'cycle_count_sessions' and 'profiles' using the hint 'created_by' in the schema 'public', but no matches were found."}
Traceback (most recent call last):
  File "C:\Users\Ivan.Corona\.gemini\antigravity\scratch\toolcrib\app\main.py", line 51, in dispatch
    response = await call_next(request)
               ^^^^^^^^^^^^^^^^^^^^^^^^
  File "C:\Users\Ivan.Corona\AppData\Local\Programs\Python\Python314\Lib\site-packages\starlette\middleware\base.py", line 168, in call_next
    raise app_exc from app_exc.__cause__ or app_exc.__context__
  File "C:\Users\Ivan.Corona\AppData\Local\Programs\Python\Python314\Lib\site-packages\starlette\middleware\base.py", line 144, in coro
    await self.app(scope, receive_or_disconnect, send_no_error)
  File "C:\Users\Ivan.Corona\AppData\Local\Programs\Python\Python314\Lib\site-packages\starlette\middleware\cors.py", line 93, in __call__
    await self.simple_response(scope, receive, send, request_headers=headers)
  File "C:\Users\Ivan.Corona\AppData\Local\Programs\Python\Python314\Lib\site-packages\starlette\middleware\cors.py", line 144, in simple_response
    await self.app(scope, receive, send)
  File "C:\Users\Ivan.Corona\AppData\Local\Programs\Python\Python314\Lib\site-packages\starlette\middleware\exceptions.py", line 63, in __call__
    await wrap_app_handling_exceptions(self.app, conn)(scope, receive, send)
  File "C:\Users\Ivan.Corona\AppData\Local\Programs\Python\Python314\Lib\site-packages\starlette\_exception_handler.py", line 53, in wrapped_app
    raise exc
  File "C:\Users\Ivan.Corona\AppData\Local\Programs\Python\Python314\Lib\site-packages\starlette\_exception_handler.py", line 42, in wrapped_app
    await app(scope, receive, sender)
  File "C:\Users\Ivan.Corona\AppData\Local\Programs\Python\Python314\Lib\site-packages\fastapi\middleware\asyncexitstack.py", line 18, in __call__
    await self.app(scope, receive, send)
  File "C:\Users\Ivan.Corona\AppData\Local\Programs\Python\Python314\Lib\site-packages\starlette\routing.py", line 716, in __call__
    await self.middleware_stack(scope, receive, send)
  File "C:\Users\Ivan.Corona\AppData\Local\Programs\Python\Python314\Lib\site-packages\starlette\routing.py", line 736, in app
    await route.handle(scope, receive, send)
  File "C:\Users\Ivan.Corona\AppData\Local\Programs\Python\Python314\Lib\site-packages\starlette\routing.py", line 290, in handle
    await self.app(scope, receive, send)
  File "C:\Users\Ivan.Corona\AppData\Local\Programs\Python\Python314\Lib\site-packages\fastapi\routing.py", line 120, in app
    await wrap_app_handling_exceptions(app, request)(scope, receive, send)
  File "C:\Users\Ivan.Corona\AppData\Local\Programs\Python\Python314\Lib\site-packages\starlette\_exception_handler.py", line 53, in wrapped_app
    raise exc
  File "C:\Users\Ivan.Corona\AppData\Local\Programs\Python\Python314\Lib\site-packages\starlette\_exception_handler.py", line 42, in wrapped_app
    await app(scope, receive, sender)
  File "C:\Users\Ivan.Corona\AppData\Local\Programs\Python\Python314\Lib\site-packages\fastapi\routing.py", line 106, in app
    response = await f(request)
               ^^^^^^^^^^^^^^^^
  File "C:\Users\Ivan.Corona\AppData\Local\Programs\Python\Python314\Lib\site-packages\fastapi\routing.py", line 430, in app
    raw_response = await run_endpoint_function(
                   ^^^^^^^^^^^^^^^^^^^^^^^^^^^^
    ...<3 lines>...
    )
    ^
  File "C:\Users\Ivan.Corona\AppData\Local\Programs\Python\Python314\Lib\site-packages\fastapi\routing.py", line 318, in run_endpoint_function
    return await run_in_threadpool(dependant.call, **values)
           ^^^^^^^^^^^^^^^^^^^^^^^^^^^^^^^^^^^^^^^^^^^^^^^^^
  File "C:\Users\Ivan.Corona\AppData\Local\Programs\Python\Python314\Lib\site-packages\starlette\concurrency.py", line 32, in run_in_threadpool
    return await anyio.to_thread.run_sync(func)
           ^^^^^^^^^^^^^^^^^^^^^^^^^^^^^^^^^^^^
  File "C:\Users\Ivan.Corona\AppData\Local\Programs\Python\Python314\Lib\site-packages\anyio\to_thread.py", line 61, in run_sync
    return await get_async_backend().run_sync_in_worker_thread(
           ^^^^^^^^^^^^^^^^^^^^^^^^^^^^^^^^^^^^^^^^^^^^^^^^^^^^
        func, args, abandon_on_cancel=abandon_on_cancel, limiter=limiter
        ^^^^^^^^^^^^^^^^^^^^^^^^^^^^^^^^^^^^^^^^^^^^^^^^^^^^^^^^^^^^^^^^
    )
    ^
  File "C:\Users\Ivan.Corona\AppData\Local\Programs\Python\Python314\Lib\site-packages\anyio\_backends\_asyncio.py", line 2525, in run_sync_in_worker_thread
    return await future
           ^^^^^^^^^^^^
  File "C:\Users\Ivan.Corona\AppData\Local\Programs\Python\Python314\Lib\site-packages\anyio\_backends\_asyncio.py", line 986, in run
    result = context.run(func, *args)
  File "C:\Users\Ivan.Corona\.gemini\antigravity\scratch\toolcrib\app\api\v1\endpoints\cycle_counts.py", line 13, in get_sessions
    return CycleCountService.get_sessions()
           ~~~~~~~~~~~~~~~~~~~~~~~~~~~~~~^^
  File "C:\Users\Ivan.Corona\.gemini\antigravity\scratch\toolcrib\app\services\cycle_count_service.py", line 11, in get_sessions
    res = supabase_admin.table('cycle_count_sessions').select('*, created_by_profile:profiles!created_by(full_name)').order('created_at', desc=True).execute()
  File "C:\Users\Ivan.Corona\AppData\Local\Programs\Python\Python314\Lib\site-packages\postgrest\_sync\request_builder.py", line 53, in execute
    raise APIError(dict(json_obj))
postgrest.exceptions.APIError: {'message': "Could not find a relationship between 'cycle_count_sessions' and 'profiles' in the schema cache", 'code': 'PGRST200', 'hint': None, 'details': "Searched for a foreign key relationship between 'cycle_count_sessions' and 'profiles' using the hint 'created_by' in the schema 'public', but no matches were found."}

[MIDDLEWARE OUTER] POST http://localhost:8002/api/v1/cycle-counts
[MIDDLEWARE OUTER] POST http://localhost:8002/api/v1/cycle-counts/
[MIDDLEWARE OUTER] GET http://localhost:8002/api/v1/cycle-counts
[MIDDLEWARE OUTER] GET http://localhost:8002/api/v1/cycle-counts/
[MIDDLEWARE CRASH] {'message': "Could not find a relationship between 'cycle_count_sessions' and 'profiles' in the schema cache", 'code': 'PGRST200', 'hint': None, 'details': "Searched for a foreign key relationship between 'cycle_count_sessions' and 'profiles' using the hint 'created_by' in the schema 'public', but no matches were found."}
Traceback (most recent call last):
  File "C:\Users\Ivan.Corona\.gemini\antigravity\scratch\toolcrib\app\main.py", line 51, in dispatch
    response = await call_next(request)
               ^^^^^^^^^^^^^^^^^^^^^^^^
  File "C:\Users\Ivan.Corona\AppData\Local\Programs\Python\Python314\Lib\site-packages\starlette\middleware\base.py", line 168, in call_next
    raise app_exc from app_exc.__cause__ or app_exc.__context__
  File "C:\Users\Ivan.Corona\AppData\Local\Programs\Python\Python314\Lib\site-packages\starlette\middleware\base.py", line 144, in coro
    await self.app(scope, receive_or_disconnect, send_no_error)
  File "C:\Users\Ivan.Corona\AppData\Local\Programs\Python\Python314\Lib\site-packages\starlette\middleware\cors.py", line 93, in __call__
    await self.simple_response(scope, receive, send, request_headers=headers)
  File "C:\Users\Ivan.Corona\AppData\Local\Programs\Python\Python314\Lib\site-packages\starlette\middleware\cors.py", line 144, in simple_response
    await self.app(scope, receive, send)
  File "C:\Users\Ivan.Corona\AppData\Local\Programs\Python\Python314\Lib\site-packages\starlette\middleware\exceptions.py", line 63, in __call__
    await wrap_app_handling_exceptions(self.app, conn)(scope, receive, send)
  File "C:\Users\Ivan.Corona\AppData\Local\Programs\Python\Python314\Lib\site-packages\starlette\_exception_handler.py", line 53, in wrapped_app
    raise exc
  File "C:\Users\Ivan.Corona\AppData\Local\Programs\Python\Python314\Lib\site-packages\starlette\_exception_handler.py", line 42, in wrapped_app
    await app(scope, receive, sender)
  File "C:\Users\Ivan.Corona\AppData\Local\Programs\Python\Python314\Lib\site-packages\fastapi\middleware\asyncexitstack.py", line 18, in __call__
    await self.app(scope, receive, send)
  File "C:\Users\Ivan.Corona\AppData\Local\Programs\Python\Python314\Lib\site-packages\starlette\routing.py", line 716, in __call__
    await self.middleware_stack(scope, receive, send)
  File "C:\Users\Ivan.Corona\AppData\Local\Programs\Python\Python314\Lib\site-packages\starlette\routing.py", line 736, in app
    await route.handle(scope, receive, send)
  File "C:\Users\Ivan.Corona\AppData\Local\Programs\Python\Python314\Lib\site-packages\starlette\routing.py", line 290, in handle
    await self.app(scope, receive, send)
  File "C:\Users\Ivan.Corona\AppData\Local\Programs\Python\Python314\Lib\site-packages\fastapi\routing.py", line 120, in app
    await wrap_app_handling_exceptions(app, request)(scope, receive, send)
  File "C:\Users\Ivan.Corona\AppData\Local\Programs\Python\Python314\Lib\site-packages\starlette\_exception_handler.py", line 53, in wrapped_app
    raise exc
  File "C:\Users\Ivan.Corona\AppData\Local\Programs\Python\Python314\Lib\site-packages\starlette\_exception_handler.py", line 42, in wrapped_app
    await app(scope, receive, sender)
  File "C:\Users\Ivan.Corona\AppData\Local\Programs\Python\Python314\Lib\site-packages\fastapi\routing.py", line 106, in app
    response = await f(request)
               ^^^^^^^^^^^^^^^^
  File "C:\Users\Ivan.Corona\AppData\Local\Programs\Python\Python314\Lib\site-packages\fastapi\routing.py", line 430, in app
    raw_response = await run_endpoint_function(
                   ^^^^^^^^^^^^^^^^^^^^^^^^^^^^
    ...<3 lines>...
    )
    ^
  File "C:\Users\Ivan.Corona\AppData\Local\Programs\Python\Python314\Lib\site-packages\fastapi\routing.py", line 318, in run_endpoint_function
    return await run_in_threadpool(dependant.call, **values)
           ^^^^^^^^^^^^^^^^^^^^^^^^^^^^^^^^^^^^^^^^^^^^^^^^^
  File "C:\Users\Ivan.Corona\AppData\Local\Programs\Python\Python314\Lib\site-packages\starlette\concurrency.py", line 32, in run_in_threadpool
    return await anyio.to_thread.run_sync(func)
           ^^^^^^^^^^^^^^^^^^^^^^^^^^^^^^^^^^^^
  File "C:\Users\Ivan.Corona\AppData\Local\Programs\Python\Python314\Lib\site-packages\anyio\to_thread.py", line 61, in run_sync
    return await get_async_backend().run_sync_in_worker_thread(
           ^^^^^^^^^^^^^^^^^^^^^^^^^^^^^^^^^^^^^^^^^^^^^^^^^^^^
        func, args, abandon_on_cancel=abandon_on_cancel, limiter=limiter
        ^^^^^^^^^^^^^^^^^^^^^^^^^^^^^^^^^^^^^^^^^^^^^^^^^^^^^^^^^^^^^^^^
    )
    ^
  File "C:\Users\Ivan.Corona\AppData\Local\Programs\Python\Python314\Lib\site-packages\anyio\_backends\_asyncio.py", line 2525, in run_sync_in_worker_thread
    return await future
           ^^^^^^^^^^^^
  File "C:\Users\Ivan.Corona\AppData\Local\Programs\Python\Python314\Lib\site-packages\anyio\_backends\_asyncio.py", line 986, in run
    result = context.run(func, *args)
  File "C:\Users\Ivan.Corona\.gemini\antigravity\scratch\toolcrib\app\api\v1\endpoints\cycle_counts.py", line 13, in get_sessions
    return CycleCountService.get_sessions()
           ~~~~~~~~~~~~~~~~~~~~~~~~~~~~~~^^
  File "C:\Users\Ivan.Corona\.gemini\antigravity\scratch\toolcrib\app\services\cycle_count_service.py", line 11, in get_sessions
    res = supabase_admin.table('cycle_count_sessions').select('*, created_by_profile:profiles!created_by(full_name)').order('created_at', desc=True).execute()
  File "C:\Users\Ivan.Corona\AppData\Local\Programs\Python\Python314\Lib\site-packages\postgrest\_sync\request_builder.py", line 53, in execute
    raise APIError(dict(json_obj))
postgrest.exceptions.APIError: {'message': "Could not find a relationship between 'cycle_count_sessions' and 'profiles' in the schema cache", 'code': 'PGRST200', 'hint': None, 'details': "Searched for a foreign key relationship between 'cycle_count_sessions' and 'profiles' using the hint 'created_by' in the schema 'public', but no matches were found."}

[MIDDLEWARE OUTER] GET http://localhost:8002/api/v1/users/debug/check
[MIDDLEWARE OUTER] GET http://localhost:8002/api/v1/requisitions
[MIDDLEWARE OUTER] GET http://localhost:8002/api/v1/requisitions
[MIDDLEWARE OUTER] GET http://localhost:8002/api/v1/requisitions/inbox
[MIDDLEWARE OUTER] GET http://localhost:8002/api/v1/requisitions
[MIDDLEWARE OUTER] GET http://localhost:8002/api/v1/requisitions/inbox
[MIDDLEWARE OUTER] GET http://localhost:8002/api/v1/users/debug/check
[MIDDLEWARE OUTER] GET http://localhost:8002/api/v1/requisitions/inbox
[MIDDLEWARE OUTER] GET http://localhost:8002/api/v1/users/debug/check
[MIDDLEWARE OUTER] GET http://localhost:8002/api/v1/users/debug/check
[MIDDLEWARE OUTER] GET http://localhost:8002/api/v1/cycle-counts
[MIDDLEWARE OUTER] GET http://localhost:8002/api/v1/cycle-counts/
[MIDDLEWARE CRASH] {'message': "Could not find a relationship between 'cycle_count_sessions' and 'profiles' in the schema cache", 'code': 'PGRST200', 'hint': None, 'details': "Searched for a foreign key relationship between 'cycle_count_sessions' and 'profiles' using the hint 'created_by' in the schema 'public', but no matches were found."}
Traceback (most recent call last):
  File "C:\Users\Ivan.Corona\.gemini\antigravity\scratch\toolcrib\app\main.py", line 51, in dispatch
    response = await call_next(request)
               ^^^^^^^^^^^^^^^^^^^^^^^^
  File "C:\Users\Ivan.Corona\AppData\Local\Programs\Python\Python314\Lib\site-packages\starlette\middleware\base.py", line 168, in call_next
    raise app_exc from app_exc.__cause__ or app_exc.__context__
  File "C:\Users\Ivan.Corona\AppData\Local\Programs\Python\Python314\Lib\site-packages\starlette\middleware\base.py", line 144, in coro
    await self.app(scope, receive_or_disconnect, send_no_error)
  File "C:\Users\Ivan.Corona\AppData\Local\Programs\Python\Python314\Lib\site-packages\starlette\middleware\cors.py", line 93, in __call__
    await self.simple_response(scope, receive, send, request_headers=headers)
  File "C:\Users\Ivan.Corona\AppData\Local\Programs\Python\Python314\Lib\site-packages\starlette\middleware\cors.py", line 144, in simple_response
    await self.app(scope, receive, send)
  File "C:\Users\Ivan.Corona\AppData\Local\Programs\Python\Python314\Lib\site-packages\starlette\middleware\exceptions.py", line 63, in __call__
    await wrap_app_handling_exceptions(self.app, conn)(scope, receive, send)
  File "C:\Users\Ivan.Corona\AppData\Local\Programs\Python\Python314\Lib\site-packages\starlette\_exception_handler.py", line 53, in wrapped_app
    raise exc
  File "C:\Users\Ivan.Corona\AppData\Local\Programs\Python\Python314\Lib\site-packages\starlette\_exception_handler.py", line 42, in wrapped_app
    await app(scope, receive, sender)
  File "C:\Users\Ivan.Corona\AppData\Local\Programs\Python\Python314\Lib\site-packages\fastapi\middleware\asyncexitstack.py", line 18, in __call__
    await self.app(scope, receive, send)
  File "C:\Users\Ivan.Corona\AppData\Local\Programs\Python\Python314\Lib\site-packages\starlette\routing.py", line 716, in __call__
    await self.middleware_stack(scope, receive, send)
  File "C:\Users\Ivan.Corona\AppData\Local\Programs\Python\Python314\Lib\site-packages\starlette\routing.py", line 736, in app
    await route.handle(scope, receive, send)
  File "C:\Users\Ivan.Corona\AppData\Local\Programs\Python\Python314\Lib\site-packages\starlette\routing.py", line 290, in handle
    await self.app(scope, receive, send)
  File "C:\Users\Ivan.Corona\AppData\Local\Programs\Python\Python314\Lib\site-packages\fastapi\routing.py", line 120, in app
    await wrap_app_handling_exceptions(app, request)(scope, receive, send)
  File "C:\Users\Ivan.Corona\AppData\Local\Programs\Python\Python314\Lib\site-packages\starlette\_exception_handler.py", line 53, in wrapped_app
    raise exc
  File "C:\Users\Ivan.Corona\AppData\Local\Programs\Python\Python314\Lib\site-packages\starlette\_exception_handler.py", line 42, in wrapped_app
    await app(scope, receive, sender)
  File "C:\Users\Ivan.Corona\AppData\Local\Programs\Python\Python314\Lib\site-packages\fastapi\routing.py", line 106, in app
    response = await f(request)
               ^^^^^^^^^^^^^^^^
  File "C:\Users\Ivan.Corona\AppData\Local\Programs\Python\Python314\Lib\site-packages\fastapi\routing.py", line 430, in app
    raw_response = await run_endpoint_function(
                   ^^^^^^^^^^^^^^^^^^^^^^^^^^^^
    ...<3 lines>...
    )
    ^
  File "C:\Users\Ivan.Corona\AppData\Local\Programs\Python\Python314\Lib\site-packages\fastapi\routing.py", line 318, in run_endpoint_function
    return await run_in_threadpool(dependant.call, **values)
           ^^^^^^^^^^^^^^^^^^^^^^^^^^^^^^^^^^^^^^^^^^^^^^^^^
  File "C:\Users\Ivan.Corona\AppData\Local\Programs\Python\Python314\Lib\site-packages\starlette\concurrency.py", line 32, in run_in_threadpool
    return await anyio.to_thread.run_sync(func)
           ^^^^^^^^^^^^^^^^^^^^^^^^^^^^^^^^^^^^
  File "C:\Users\Ivan.Corona\AppData\Local\Programs\Python\Python314\Lib\site-packages\anyio\to_thread.py", line 61, in run_sync
    return await get_async_backend().run_sync_in_worker_thread(
           ^^^^^^^^^^^^^^^^^^^^^^^^^^^^^^^^^^^^^^^^^^^^^^^^^^^^
        func, args, abandon_on_cancel=abandon_on_cancel, limiter=limiter
        ^^^^^^^^^^^^^^^^^^^^^^^^^^^^^^^^^^^^^^^^^^^^^^^^^^^^^^^^^^^^^^^^
    )
    ^
  File "C:\Users\Ivan.Corona\AppData\Local\Programs\Python\Python314\Lib\site-packages\anyio\_backends\_asyncio.py", line 2525, in run_sync_in_worker_thread
    return await future
           ^^^^^^^^^^^^
  File "C:\Users\Ivan.Corona\AppData\Local\Programs\Python\Python314\Lib\site-packages\anyio\_backends\_asyncio.py", line 986, in run
    result = context.run(func, *args)
  File "C:\Users\Ivan.Corona\.gemini\antigravity\scratch\toolcrib\app\api\v1\endpoints\cycle_counts.py", line 13, in get_sessions
    return CycleCountService.get_sessions()
           ~~~~~~~~~~~~~~~~~~~~~~~~~~~~~~^^
  File "C:\Users\Ivan.Corona\.gemini\antigravity\scratch\toolcrib\app\services\cycle_count_service.py", line 11, in get_sessions
    res = supabase_admin.table('cycle_count_sessions').select('*, created_by_profile:profiles!created_by(full_name)').order('created_at', desc=True).execute()
  File "C:\Users\Ivan.Corona\AppData\Local\Programs\Python\Python314\Lib\site-packages\postgrest\_sync\request_builder.py", line 53, in execute
    raise APIError(dict(json_obj))
postgrest.exceptions.APIError: {'message': "Could not find a relationship between 'cycle_count_sessions' and 'profiles' in the schema cache", 'code': 'PGRST200', 'hint': None, 'details': "Searched for a foreign key relationship between 'cycle_count_sessions' and 'profiles' using the hint 'created_by' in the schema 'public', but no matches were found."}

[MIDDLEWARE OUTER] GET http://localhost:8002/api/v1/cycle-counts
[MIDDLEWARE OUTER] GET http://localhost:8002/api/v1/cycle-counts/
[MIDDLEWARE CRASH] {'message': "Could not find a relationship between 'cycle_count_sessions' and 'profiles' in the schema cache", 'code': 'PGRST200', 'hint': None, 'details': "Searched for a foreign key relationship between 'cycle_count_sessions' and 'profiles' using the hint 'created_by' in the schema 'public', but no matches were found."}
Traceback (most recent call last):
  File "C:\Users\Ivan.Corona\.gemini\antigravity\scratch\toolcrib\app\main.py", line 51, in dispatch
    response = await call_next(request)
               ^^^^^^^^^^^^^^^^^^^^^^^^
  File "C:\Users\Ivan.Corona\AppData\Local\Programs\Python\Python314\Lib\site-packages\starlette\middleware\base.py", line 168, in call_next
    raise app_exc from app_exc.__cause__ or app_exc.__context__
  File "C:\Users\Ivan.Corona\AppData\Local\Programs\Python\Python314\Lib\site-packages\starlette\middleware\base.py", line 144, in coro
    await self.app(scope, receive_or_disconnect, send_no_error)
  File "C:\Users\Ivan.Corona\AppData\Local\Programs\Python\Python314\Lib\site-packages\starlette\middleware\cors.py", line 93, in __call__
    await self.simple_response(scope, receive, send, request_headers=headers)
  File "C:\Users\Ivan.Corona\AppData\Local\Programs\Python\Python314\Lib\site-packages\starlette\middleware\cors.py", line 144, in simple_response
    await self.app(scope, receive, send)
  File "C:\Users\Ivan.Corona\AppData\Local\Programs\Python\Python314\Lib\site-packages\starlette\middleware\exceptions.py", line 63, in __call__
    await wrap_app_handling_exceptions(self.app, conn)(scope, receive, send)
  File "C:\Users\Ivan.Corona\AppData\Local\Programs\Python\Python314\Lib\site-packages\starlette\_exception_handler.py", line 53, in wrapped_app
    raise exc
  File "C:\Users\Ivan.Corona\AppData\Local\Programs\Python\Python314\Lib\site-packages\starlette\_exception_handler.py", line 42, in wrapped_app
    await app(scope, receive, sender)
  File "C:\Users\Ivan.Corona\AppData\Local\Programs\Python\Python314\Lib\site-packages\fastapi\middleware\asyncexitstack.py", line 18, in __call__
    await self.app(scope, receive, send)
  File "C:\Users\Ivan.Corona\AppData\Local\Programs\Python\Python314\Lib\site-packages\starlette\routing.py", line 716, in __call__
    await self.middleware_stack(scope, receive, send)
  File "C:\Users\Ivan.Corona\AppData\Local\Programs\Python\Python314\Lib\site-packages\starlette\routing.py", line 736, in app
    await route.handle(scope, receive, send)
  File "C:\Users\Ivan.Corona\AppData\Local\Programs\Python\Python314\Lib\site-packages\starlette\routing.py", line 290, in handle
    await self.app(scope, receive, send)
  File "C:\Users\Ivan.Corona\AppData\Local\Programs\Python\Python314\Lib\site-packages\fastapi\routing.py", line 120, in app
    await wrap_app_handling_exceptions(app, request)(scope, receive, send)
  File "C:\Users\Ivan.Corona\AppData\Local\Programs\Python\Python314\Lib\site-packages\starlette\_exception_handler.py", line 53, in wrapped_app
    raise exc
  File "C:\Users\Ivan.Corona\AppData\Local\Programs\Python\Python314\Lib\site-packages\starlette\_exception_handler.py", line 42, in wrapped_app
    await app(scope, receive, sender)
  File "C:\Users\Ivan.Corona\AppData\Local\Programs\Python\Python314\Lib\site-packages\fastapi\routing.py", line 106, in app
    response = await f(request)
               ^^^^^^^^^^^^^^^^
  File "C:\Users\Ivan.Corona\AppData\Local\Programs\Python\Python314\Lib\site-packages\fastapi\routing.py", line 430, in app
    raw_response = await run_endpoint_function(
                   ^^^^^^^^^^^^^^^^^^^^^^^^^^^^
    ...<3 lines>...
    )
    ^
  File "C:\Users\Ivan.Corona\AppData\Local\Programs\Python\Python314\Lib\site-packages\fastapi\routing.py", line 318, in run_endpoint_function
    return await run_in_threadpool(dependant.call, **values)
           ^^^^^^^^^^^^^^^^^^^^^^^^^^^^^^^^^^^^^^^^^^^^^^^^^
  File "C:\Users\Ivan.Corona\AppData\Local\Programs\Python\Python314\Lib\site-packages\starlette\concurrency.py", line 32, in run_in_threadpool
    return await anyio.to_thread.run_sync(func)
           ^^^^^^^^^^^^^^^^^^^^^^^^^^^^^^^^^^^^
  File "C:\Users\Ivan.Corona\AppData\Local\Programs\Python\Python314\Lib\site-packages\anyio\to_thread.py", line 61, in run_sync
    return await get_async_backend().run_sync_in_worker_thread(
           ^^^^^^^^^^^^^^^^^^^^^^^^^^^^^^^^^^^^^^^^^^^^^^^^^^^^
        func, args, abandon_on_cancel=abandon_on_cancel, limiter=limiter
        ^^^^^^^^^^^^^^^^^^^^^^^^^^^^^^^^^^^^^^^^^^^^^^^^^^^^^^^^^^^^^^^^
    )
    ^
  File "C:\Users\Ivan.Corona\AppData\Local\Programs\Python\Python314\Lib\site-packages\anyio\_backends\_asyncio.py", line 2525, in run_sync_in_worker_thread
    return await future
           ^^^^^^^^^^^^
  File "C:\Users\Ivan.Corona\AppData\Local\Programs\Python\Python314\Lib\site-packages\anyio\_backends\_asyncio.py", line 986, in run
    result = context.run(func, *args)
  File "C:\Users\Ivan.Corona\.gemini\antigravity\scratch\toolcrib\app\api\v1\endpoints\cycle_counts.py", line 13, in get_sessions
    return CycleCountService.get_sessions()
           ~~~~~~~~~~~~~~~~~~~~~~~~~~~~~~^^
  File "C:\Users\Ivan.Corona\.gemini\antigravity\scratch\toolcrib\app\services\cycle_count_service.py", line 11, in get_sessions
    res = supabase_admin.table('cycle_count_sessions').select('*, created_by_profile:profiles!created_by(full_name)').order('created_at', desc=True).execute()
  File "C:\Users\Ivan.Corona\AppData\Local\Programs\Python\Python314\Lib\site-packages\postgrest\_sync\request_builder.py", line 53, in execute
    raise APIError(dict(json_obj))
postgrest.exceptions.APIError: {'message': "Could not find a relationship between 'cycle_count_sessions' and 'profiles' in the schema cache", 'code': 'PGRST200', 'hint': None, 'details': "Searched for a foreign key relationship between 'cycle_count_sessions' and 'profiles' using the hint 'created_by' in the schema 'public', but no matches were found."}

[MIDDLEWARE OUTER] GET http://localhost:8002/api/v1/cycle-counts
[MIDDLEWARE OUTER] GET http://localhost:8002/api/v1/cycle-counts/
[MIDDLEWARE CRASH] {'message': "Could not find a relationship between 'cycle_count_sessions' and 'profiles' in the schema cache", 'code': 'PGRST200', 'hint': None, 'details': "Searched for a foreign key relationship between 'cycle_count_sessions' and 'profiles' using the hint 'created_by' in the schema 'public', but no matches were found."}
Traceback (most recent call last):
  File "C:\Users\Ivan.Corona\.gemini\antigravity\scratch\toolcrib\app\main.py", line 51, in dispatch
    response = await call_next(request)
               ^^^^^^^^^^^^^^^^^^^^^^^^
  File "C:\Users\Ivan.Corona\AppData\Local\Programs\Python\Python314\Lib\site-packages\starlette\middleware\base.py", line 168, in call_next
    raise app_exc from app_exc.__cause__ or app_exc.__context__
  File "C:\Users\Ivan.Corona\AppData\Local\Programs\Python\Python314\Lib\site-packages\starlette\middleware\base.py", line 144, in coro
    await self.app(scope, receive_or_disconnect, send_no_error)
  File "C:\Users\Ivan.Corona\AppData\Local\Programs\Python\Python314\Lib\site-packages\starlette\middleware\cors.py", line 93, in __call__
    await self.simple_response(scope, receive, send, request_headers=headers)
  File "C:\Users\Ivan.Corona\AppData\Local\Programs\Python\Python314\Lib\site-packages\starlette\middleware\cors.py", line 144, in simple_response
    await self.app(scope, receive, send)
  File "C:\Users\Ivan.Corona\AppData\Local\Programs\Python\Python314\Lib\site-packages\starlette\middleware\exceptions.py", line 63, in __call__
    await wrap_app_handling_exceptions(self.app, conn)(scope, receive, send)
  File "C:\Users\Ivan.Corona\AppData\Local\Programs\Python\Python314\Lib\site-packages\starlette\_exception_handler.py", line 53, in wrapped_app
    raise exc
  File "C:\Users\Ivan.Corona\AppData\Local\Programs\Python\Python314\Lib\site-packages\starlette\_exception_handler.py", line 42, in wrapped_app
    await app(scope, receive, sender)
  File "C:\Users\Ivan.Corona\AppData\Local\Programs\Python\Python314\Lib\site-packages\fastapi\middleware\asyncexitstack.py", line 18, in __call__
    await self.app(scope, receive, send)
  File "C:\Users\Ivan.Corona\AppData\Local\Programs\Python\Python314\Lib\site-packages\starlette\routing.py", line 716, in __call__
    await self.middleware_stack(scope, receive, send)
  File "C:\Users\Ivan.Corona\AppData\Local\Programs\Python\Python314\Lib\site-packages\starlette\routing.py", line 736, in app
    await route.handle(scope, receive, send)
  File "C:\Users\Ivan.Corona\AppData\Local\Programs\Python\Python314\Lib\site-packages\starlette\routing.py", line 290, in handle
    await self.app(scope, receive, send)
  File "C:\Users\Ivan.Corona\AppData\Local\Programs\Python\Python314\Lib\site-packages\fastapi\routing.py", line 120, in app
    await wrap_app_handling_exceptions(app, request)(scope, receive, send)
  File "C:\Users\Ivan.Corona\AppData\Local\Programs\Python\Python314\Lib\site-packages\starlette\_exception_handler.py", line 53, in wrapped_app
    raise exc
  File "C:\Users\Ivan.Corona\AppData\Local\Programs\Python\Python314\Lib\site-packages\starlette\_exception_handler.py", line 42, in wrapped_app
    await app(scope, receive, sender)
  File "C:\Users\Ivan.Corona\AppData\Local\Programs\Python\Python314\Lib\site-packages\fastapi\routing.py", line 106, in app
    response = await f(request)
               ^^^^^^^^^^^^^^^^
  File "C:\Users\Ivan.Corona\AppData\Local\Programs\Python\Python314\Lib\site-packages\fastapi\routing.py", line 430, in app
    raw_response = await run_endpoint_function(
                   ^^^^^^^^^^^^^^^^^^^^^^^^^^^^
    ...<3 lines>...
    )
    ^
  File "C:\Users\Ivan.Corona\AppData\Local\Programs\Python\Python314\Lib\site-packages\fastapi\routing.py", line 318, in run_endpoint_function
    return await run_in_threadpool(dependant.call, **values)
           ^^^^^^^^^^^^^^^^^^^^^^^^^^^^^^^^^^^^^^^^^^^^^^^^^
  File "C:\Users\Ivan.Corona\AppData\Local\Programs\Python\Python314\Lib\site-packages\starlette\concurrency.py", line 32, in run_in_threadpool
    return await anyio.to_thread.run_sync(func)
           ^^^^^^^^^^^^^^^^^^^^^^^^^^^^^^^^^^^^
  File "C:\Users\Ivan.Corona\AppData\Local\Programs\Python\Python314\Lib\site-packages\anyio\to_thread.py", line 61, in run_sync
    return await get_async_backend().run_sync_in_worker_thread(
           ^^^^^^^^^^^^^^^^^^^^^^^^^^^^^^^^^^^^^^^^^^^^^^^^^^^^
        func, args, abandon_on_cancel=abandon_on_cancel, limiter=limiter
        ^^^^^^^^^^^^^^^^^^^^^^^^^^^^^^^^^^^^^^^^^^^^^^^^^^^^^^^^^^^^^^^^
    )
    ^
  File "C:\Users\Ivan.Corona\AppData\Local\Programs\Python\Python314\Lib\site-packages\anyio\_backends\_asyncio.py", line 2525, in run_sync_in_worker_thread
    return await future
           ^^^^^^^^^^^^
  File "C:\Users\Ivan.Corona\AppData\Local\Programs\Python\Python314\Lib\site-packages\anyio\_backends\_asyncio.py", line 986, in run
    result = context.run(func, *args)
  File "C:\Users\Ivan.Corona\.gemini\antigravity\scratch\toolcrib\app\api\v1\endpoints\cycle_counts.py", line 13, in get_sessions
    return CycleCountService.get_sessions()
           ~~~~~~~~~~~~~~~~~~~~~~~~~~~~~~^^
  File "C:\Users\Ivan.Corona\.gemini\antigravity\scratch\toolcrib\app\services\cycle_count_service.py", line 11, in get_sessions
    res = supabase_admin.table('cycle_count_sessions').select('*, created_by_profile:profiles!created_by(full_name)').order('created_at', desc=True).execute()
  File "C:\Users\Ivan.Corona\AppData\Local\Programs\Python\Python314\Lib\site-packages\postgrest\_sync\request_builder.py", line 53, in execute
    raise APIError(dict(json_obj))
postgrest.exceptions.APIError: {'message': "Could not find a relationship between 'cycle_count_sessions' and 'profiles' in the schema cache", 'code': 'PGRST200', 'hint': None, 'details': "Searched for a foreign key relationship between 'cycle_count_sessions' and 'profiles' using the hint 'created_by' in the schema 'public', but no matches were found."}

[MIDDLEWARE OUTER] GET http://localhost:8002/api/v1/cycle-counts
[MIDDLEWARE OUTER] GET http://localhost:8002/api/v1/cycle-counts/
[MIDDLEWARE CRASH] {'message': "Could not find a relationship between 'cycle_count_sessions' and 'profiles' in the schema cache", 'code': 'PGRST200', 'hint': None, 'details': "Searched for a foreign key relationship between 'cycle_count_sessions' and 'profiles' using the hint 'created_by' in the schema 'public', but no matches were found."}
Traceback (most recent call last):
  File "C:\Users\Ivan.Corona\.gemini\antigravity\scratch\toolcrib\app\main.py", line 51, in dispatch
    response = await call_next(request)
               ^^^^^^^^^^^^^^^^^^^^^^^^
  File "C:\Users\Ivan.Corona\AppData\Local\Programs\Python\Python314\Lib\site-packages\starlette\middleware\base.py", line 168, in call_next
    raise app_exc from app_exc.__cause__ or app_exc.__context__
  File "C:\Users\Ivan.Corona\AppData\Local\Programs\Python\Python314\Lib\site-packages\starlette\middleware\base.py", line 144, in coro
    await self.app(scope, receive_or_disconnect, send_no_error)
  File "C:\Users\Ivan.Corona\AppData\Local\Programs\Python\Python314\Lib\site-packages\starlette\middleware\cors.py", line 93, in __call__
    await self.simple_response(scope, receive, send, request_headers=headers)
  File "C:\Users\Ivan.Corona\AppData\Local\Programs\Python\Python314\Lib\site-packages\starlette\middleware\cors.py", line 144, in simple_response
    await self.app(scope, receive, send)
  File "C:\Users\Ivan.Corona\AppData\Local\Programs\Python\Python314\Lib\site-packages\starlette\middleware\exceptions.py", line 63, in __call__
    await wrap_app_handling_exceptions(self.app, conn)(scope, receive, send)
  File "C:\Users\Ivan.Corona\AppData\Local\Programs\Python\Python314\Lib\site-packages\starlette\_exception_handler.py", line 53, in wrapped_app
    raise exc
  File "C:\Users\Ivan.Corona\AppData\Local\Programs\Python\Python314\Lib\site-packages\starlette\_exception_handler.py", line 42, in wrapped_app
    await app(scope, receive, sender)
  File "C:\Users\Ivan.Corona\AppData\Local\Programs\Python\Python314\Lib\site-packages\fastapi\middleware\asyncexitstack.py", line 18, in __call__
    await self.app(scope, receive, send)
  File "C:\Users\Ivan.Corona\AppData\Local\Programs\Python\Python314\Lib\site-packages\starlette\routing.py", line 716, in __call__
    await self.middleware_stack(scope, receive, send)
  File "C:\Users\Ivan.Corona\AppData\Local\Programs\Python\Python314\Lib\site-packages\starlette\routing.py", line 736, in app
    await route.handle(scope, receive, send)
  File "C:\Users\Ivan.Corona\AppData\Local\Programs\Python\Python314\Lib\site-packages\starlette\routing.py", line 290, in handle
    await self.app(scope, receive, send)
  File "C:\Users\Ivan.Corona\AppData\Local\Programs\Python\Python314\Lib\site-packages\fastapi\routing.py", line 120, in app
    await wrap_app_handling_exceptions(app, request)(scope, receive, send)
  File "C:\Users\Ivan.Corona\AppData\Local\Programs\Python\Python314\Lib\site-packages\starlette\_exception_handler.py", line 53, in wrapped_app
    raise exc
  File "C:\Users\Ivan.Corona\AppData\Local\Programs\Python\Python314\Lib\site-packages\starlette\_exception_handler.py", line 42, in wrapped_app
    await app(scope, receive, sender)
  File "C:\Users\Ivan.Corona\AppData\Local\Programs\Python\Python314\Lib\site-packages\fastapi\routing.py", line 106, in app
    response = await f(request)
               ^^^^^^^^^^^^^^^^
  File "C:\Users\Ivan.Corona\AppData\Local\Programs\Python\Python314\Lib\site-packages\fastapi\routing.py", line 430, in app
    raw_response = await run_endpoint_function(
                   ^^^^^^^^^^^^^^^^^^^^^^^^^^^^
    ...<3 lines>...
    )
    ^
  File "C:\Users\Ivan.Corona\AppData\Local\Programs\Python\Python314\Lib\site-packages\fastapi\routing.py", line 318, in run_endpoint_function
    return await run_in_threadpool(dependant.call, **values)
           ^^^^^^^^^^^^^^^^^^^^^^^^^^^^^^^^^^^^^^^^^^^^^^^^^
  File "C:\Users\Ivan.Corona\AppData\Local\Programs\Python\Python314\Lib\site-packages\starlette\concurrency.py", line 32, in run_in_threadpool
    return await anyio.to_thread.run_sync(func)
           ^^^^^^^^^^^^^^^^^^^^^^^^^^^^^^^^^^^^
  File "C:\Users\Ivan.Corona\AppData\Local\Programs\Python\Python314\Lib\site-packages\anyio\to_thread.py", line 61, in run_sync
    return await get_async_backend().run_sync_in_worker_thread(
           ^^^^^^^^^^^^^^^^^^^^^^^^^^^^^^^^^^^^^^^^^^^^^^^^^^^^
        func, args, abandon_on_cancel=abandon_on_cancel, limiter=limiter
        ^^^^^^^^^^^^^^^^^^^^^^^^^^^^^^^^^^^^^^^^^^^^^^^^^^^^^^^^^^^^^^^^
    )
    ^
  File "C:\Users\Ivan.Corona\AppData\Local\Programs\Python\Python314\Lib\site-packages\anyio\_backends\_asyncio.py", line 2525, in run_sync_in_worker_thread
    return await future
           ^^^^^^^^^^^^
  File "C:\Users\Ivan.Corona\AppData\Local\Programs\Python\Python314\Lib\site-packages\anyio\_backends\_asyncio.py", line 986, in run
    result = context.run(func, *args)
  File "C:\Users\Ivan.Corona\.gemini\antigravity\scratch\toolcrib\app\api\v1\endpoints\cycle_counts.py", line 13, in get_sessions
    return CycleCountService.get_sessions()
           ~~~~~~~~~~~~~~~~~~~~~~~~~~~~~~^^
  File "C:\Users\Ivan.Corona\.gemini\antigravity\scratch\toolcrib\app\services\cycle_count_service.py", line 11, in get_sessions
    res = supabase_admin.table('cycle_count_sessions').select('*, created_by_profile:profiles!created_by(full_name)').order('created_at', desc=True).execute()
  File "C:\Users\Ivan.Corona\AppData\Local\Programs\Python\Python314\Lib\site-packages\postgrest\_sync\request_builder.py", line 53, in execute
    raise APIError(dict(json_obj))
postgrest.exceptions.APIError: {'message': "Could not find a relationship between 'cycle_count_sessions' and 'profiles' in the schema cache", 'code': 'PGRST200', 'hint': None, 'details': "Searched for a foreign key relationship between 'cycle_count_sessions' and 'profiles' using the hint 'created_by' in the schema 'public', but no matches were found."}

[MIDDLEWARE OUTER] GET http://localhost:8002/api/v1/cycle-counts
[MIDDLEWARE OUTER] GET http://localhost:8002/api/v1/cycle-counts/
[MIDDLEWARE CRASH] {'message': "Could not find a relationship between 'cycle_count_sessions' and 'profiles' in the schema cache", 'code': 'PGRST200', 'hint': None, 'details': "Searched for a foreign key relationship between 'cycle_count_sessions' and 'profiles' using the hint 'created_by' in the schema 'public', but no matches were found."}
Traceback (most recent call last):
  File "C:\Users\Ivan.Corona\.gemini\antigravity\scratch\toolcrib\app\main.py", line 51, in dispatch
    response = await call_next(request)
               ^^^^^^^^^^^^^^^^^^^^^^^^
  File "C:\Users\Ivan.Corona\AppData\Local\Programs\Python\Python314\Lib\site-packages\starlette\middleware\base.py", line 168, in call_next
    raise app_exc from app_exc.__cause__ or app_exc.__context__
  File "C:\Users\Ivan.Corona\AppData\Local\Programs\Python\Python314\Lib\site-packages\starlette\middleware\base.py", line 144, in coro
    await self.app(scope, receive_or_disconnect, send_no_error)
  File "C:\Users\Ivan.Corona\AppData\Local\Programs\Python\Python314\Lib\site-packages\starlette\middleware\cors.py", line 93, in __call__
    await self.simple_response(scope, receive, send, request_headers=headers)
  File "C:\Users\Ivan.Corona\AppData\Local\Programs\Python\Python314\Lib\site-packages\starlette\middleware\cors.py", line 144, in simple_response
    await self.app(scope, receive, send)
  File "C:\Users\Ivan.Corona\AppData\Local\Programs\Python\Python314\Lib\site-packages\starlette\middleware\exceptions.py", line 63, in __call__
    await wrap_app_handling_exceptions(self.app, conn)(scope, receive, send)
  File "C:\Users\Ivan.Corona\AppData\Local\Programs\Python\Python314\Lib\site-packages\starlette\_exception_handler.py", line 53, in wrapped_app
    raise exc
  File "C:\Users\Ivan.Corona\AppData\Local\Programs\Python\Python314\Lib\site-packages\starlette\_exception_handler.py", line 42, in wrapped_app
    await app(scope, receive, sender)
  File "C:\Users\Ivan.Corona\AppData\Local\Programs\Python\Python314\Lib\site-packages\fastapi\middleware\asyncexitstack.py", line 18, in __call__
    await self.app(scope, receive, send)
  File "C:\Users\Ivan.Corona\AppData\Local\Programs\Python\Python314\Lib\site-packages\starlette\routing.py", line 716, in __call__
    await self.middleware_stack(scope, receive, send)
  File "C:\Users\Ivan.Corona\AppData\Local\Programs\Python\Python314\Lib\site-packages\starlette\routing.py", line 736, in app
    await route.handle(scope, receive, send)
  File "C:\Users\Ivan.Corona\AppData\Local\Programs\Python\Python314\Lib\site-packages\starlette\routing.py", line 290, in handle
    await self.app(scope, receive, send)
  File "C:\Users\Ivan.Corona\AppData\Local\Programs\Python\Python314\Lib\site-packages\fastapi\routing.py", line 120, in app
    await wrap_app_handling_exceptions(app, request)(scope, receive, send)
  File "C:\Users\Ivan.Corona\AppData\Local\Programs\Python\Python314\Lib\site-packages\starlette\_exception_handler.py", line 53, in wrapped_app
    raise exc
  File "C:\Users\Ivan.Corona\AppData\Local\Programs\Python\Python314\Lib\site-packages\starlette\_exception_handler.py", line 42, in wrapped_app
    await app(scope, receive, sender)
  File "C:\Users\Ivan.Corona\AppData\Local\Programs\Python\Python314\Lib\site-packages\fastapi\routing.py", line 106, in app
    response = await f(request)
               ^^^^^^^^^^^^^^^^
  File "C:\Users\Ivan.Corona\AppData\Local\Programs\Python\Python314\Lib\site-packages\fastapi\routing.py", line 430, in app
    raw_response = await run_endpoint_function(
                   ^^^^^^^^^^^^^^^^^^^^^^^^^^^^
    ...<3 lines>...
    )
    ^
  File "C:\Users\Ivan.Corona\AppData\Local\Programs\Python\Python314\Lib\site-packages\fastapi\routing.py", line 318, in run_endpoint_function
    return await run_in_threadpool(dependant.call, **values)
           ^^^^^^^^^^^^^^^^^^^^^^^^^^^^^^^^^^^^^^^^^^^^^^^^^
  File "C:\Users\Ivan.Corona\AppData\Local\Programs\Python\Python314\Lib\site-packages\starlette\concurrency.py", line 32, in run_in_threadpool
    return await anyio.to_thread.run_sync(func)
           ^^^^^^^^^^^^^^^^^^^^^^^^^^^^^^^^^^^^
  File "C:\Users\Ivan.Corona\AppData\Local\Programs\Python\Python314\Lib\site-packages\anyio\to_thread.py", line 61, in run_sync
    return await get_async_backend().run_sync_in_worker_thread(
           ^^^^^^^^^^^^^^^^^^^^^^^^^^^^^^^^^^^^^^^^^^^^^^^^^^^^
        func, args, abandon_on_cancel=abandon_on_cancel, limiter=limiter
        ^^^^^^^^^^^^^^^^^^^^^^^^^^^^^^^^^^^^^^^^^^^^^^^^^^^^^^^^^^^^^^^^
    )
    ^
  File "C:\Users\Ivan.Corona\AppData\Local\Programs\Python\Python314\Lib\site-packages\anyio\_backends\_asyncio.py", line 2525, in run_sync_in_worker_thread
    return await future
           ^^^^^^^^^^^^
  File "C:\Users\Ivan.Corona\AppData\Local\Programs\Python\Python314\Lib\site-packages\anyio\_backends\_asyncio.py", line 986, in run
    result = context.run(func, *args)
  File "C:\Users\Ivan.Corona\.gemini\antigravity\scratch\toolcrib\app\api\v1\endpoints\cycle_counts.py", line 13, in get_sessions
    return CycleCountService.get_sessions()
           ~~~~~~~~~~~~~~~~~~~~~~~~~~~~~~^^
  File "C:\Users\Ivan.Corona\.gemini\antigravity\scratch\toolcrib\app\services\cycle_count_service.py", line 11, in get_sessions
    res = supabase_admin.table('cycle_count_sessions').select('*, created_by_profile:profiles!created_by(full_name)').order('created_at', desc=True).execute()
  File "C:\Users\Ivan.Corona\AppData\Local\Programs\Python\Python314\Lib\site-packages\postgrest\_sync\request_builder.py", line 53, in execute
    raise APIError(dict(json_obj))
postgrest.exceptions.APIError: {'message': "Could not find a relationship between 'cycle_count_sessions' and 'profiles' in the schema cache", 'code': 'PGRST200', 'hint': None, 'details': "Searched for a foreign key relationship between 'cycle_count_sessions' and 'profiles' using the hint 'created_by' in the schema 'public', but no matches were found."}

[MIDDLEWARE OUTER] POST http://localhost:8002/api/v1/cycle-counts
[MIDDLEWARE OUTER] POST http://localhost:8002/api/v1/cycle-counts/
[MIDDLEWARE OUTER] GET http://localhost:8002/api/v1/cycle-counts
[MIDDLEWARE OUTER] GET http://localhost:8002/api/v1/cycle-counts/
[MIDDLEWARE CRASH] {'message': "Could not find a relationship between 'cycle_count_sessions' and 'profiles' in the schema cache", 'code': 'PGRST200', 'hint': None, 'details': "Searched for a foreign key relationship between 'cycle_count_sessions' and 'profiles' using the hint 'created_by' in the schema 'public', but no matches were found."}
Traceback (most recent call last):
  File "C:\Users\Ivan.Corona\.gemini\antigravity\scratch\toolcrib\app\main.py", line 51, in dispatch
    response = await call_next(request)
               ^^^^^^^^^^^^^^^^^^^^^^^^
  File "C:\Users\Ivan.Corona\AppData\Local\Programs\Python\Python314\Lib\site-packages\starlette\middleware\base.py", line 168, in call_next
    raise app_exc from app_exc.__cause__ or app_exc.__context__
  File "C:\Users\Ivan.Corona\AppData\Local\Programs\Python\Python314\Lib\site-packages\starlette\middleware\base.py", line 144, in coro
    await self.app(scope, receive_or_disconnect, send_no_error)
  File "C:\Users\Ivan.Corona\AppData\Local\Programs\Python\Python314\Lib\site-packages\starlette\middleware\cors.py", line 93, in __call__
    await self.simple_response(scope, receive, send, request_headers=headers)
  File "C:\Users\Ivan.Corona\AppData\Local\Programs\Python\Python314\Lib\site-packages\starlette\middleware\cors.py", line 144, in simple_response
    await self.app(scope, receive, send)
  File "C:\Users\Ivan.Corona\AppData\Local\Programs\Python\Python314\Lib\site-packages\starlette\middleware\exceptions.py", line 63, in __call__
    await wrap_app_handling_exceptions(self.app, conn)(scope, receive, send)
  File "C:\Users\Ivan.Corona\AppData\Local\Programs\Python\Python314\Lib\site-packages\starlette\_exception_handler.py", line 53, in wrapped_app
    raise exc
  File "C:\Users\Ivan.Corona\AppData\Local\Programs\Python\Python314\Lib\site-packages\starlette\_exception_handler.py", line 42, in wrapped_app
    await app(scope, receive, sender)
  File "C:\Users\Ivan.Corona\AppData\Local\Programs\Python\Python314\Lib\site-packages\fastapi\middleware\asyncexitstack.py", line 18, in __call__
    await self.app(scope, receive, send)
  File "C:\Users\Ivan.Corona\AppData\Local\Programs\Python\Python314\Lib\site-packages\starlette\routing.py", line 716, in __call__
    await self.middleware_stack(scope, receive, send)
  File "C:\Users\Ivan.Corona\AppData\Local\Programs\Python\Python314\Lib\site-packages\starlette\routing.py", line 736, in app
    await route.handle(scope, receive, send)
  File "C:\Users\Ivan.Corona\AppData\Local\Programs\Python\Python314\Lib\site-packages\starlette\routing.py", line 290, in handle
    await self.app(scope, receive, send)
  File "C:\Users\Ivan.Corona\AppData\Local\Programs\Python\Python314\Lib\site-packages\fastapi\routing.py", line 120, in app
    await wrap_app_handling_exceptions(app, request)(scope, receive, send)
  File "C:\Users\Ivan.Corona\AppData\Local\Programs\Python\Python314\Lib\site-packages\starlette\_exception_handler.py", line 53, in wrapped_app
    raise exc
  File "C:\Users\Ivan.Corona\AppData\Local\Programs\Python\Python314\Lib\site-packages\starlette\_exception_handler.py", line 42, in wrapped_app
    await app(scope, receive, sender)
  File "C:\Users\Ivan.Corona\AppData\Local\Programs\Python\Python314\Lib\site-packages\fastapi\routing.py", line 106, in app
    response = await f(request)
               ^^^^^^^^^^^^^^^^
  File "C:\Users\Ivan.Corona\AppData\Local\Programs\Python\Python314\Lib\site-packages\fastapi\routing.py", line 430, in app
    raw_response = await run_endpoint_function(
                   ^^^^^^^^^^^^^^^^^^^^^^^^^^^^
    ...<3 lines>...
    )
    ^
  File "C:\Users\Ivan.Corona\AppData\Local\Programs\Python\Python314\Lib\site-packages\fastapi\routing.py", line 318, in run_endpoint_function
    return await run_in_threadpool(dependant.call, **values)
           ^^^^^^^^^^^^^^^^^^^^^^^^^^^^^^^^^^^^^^^^^^^^^^^^^
  File "C:\Users\Ivan.Corona\AppData\Local\Programs\Python\Python314\Lib\site-packages\starlette\concurrency.py", line 32, in run_in_threadpool
    return await anyio.to_thread.run_sync(func)
           ^^^^^^^^^^^^^^^^^^^^^^^^^^^^^^^^^^^^
  File "C:\Users\Ivan.Corona\AppData\Local\Programs\Python\Python314\Lib\site-packages\anyio\to_thread.py", line 61, in run_sync
    return await get_async_backend().run_sync_in_worker_thread(
           ^^^^^^^^^^^^^^^^^^^^^^^^^^^^^^^^^^^^^^^^^^^^^^^^^^^^
        func, args, abandon_on_cancel=abandon_on_cancel, limiter=limiter
        ^^^^^^^^^^^^^^^^^^^^^^^^^^^^^^^^^^^^^^^^^^^^^^^^^^^^^^^^^^^^^^^^
    )
    ^
  File "C:\Users\Ivan.Corona\AppData\Local\Programs\Python\Python314\Lib\site-packages\anyio\_backends\_asyncio.py", line 2525, in run_sync_in_worker_thread
    return await future
           ^^^^^^^^^^^^
  File "C:\Users\Ivan.Corona\AppData\Local\Programs\Python\Python314\Lib\site-packages\anyio\_backends\_asyncio.py", line 986, in run
    result = context.run(func, *args)
  File "C:\Users\Ivan.Corona\.gemini\antigravity\scratch\toolcrib\app\api\v1\endpoints\cycle_counts.py", line 13, in get_sessions
    return CycleCountService.get_sessions()
           ~~~~~~~~~~~~~~~~~~~~~~~~~~~~~~^^
  File "C:\Users\Ivan.Corona\.gemini\antigravity\scratch\toolcrib\app\services\cycle_count_service.py", line 11, in get_sessions
    res = supabase_admin.table('cycle_count_sessions').select('*, created_by_profile:profiles!created_by(full_name)').order('created_at', desc=True).execute()
  File "C:\Users\Ivan.Corona\AppData\Local\Programs\Python\Python314\Lib\site-packages\postgrest\_sync\request_builder.py", line 53, in execute
    raise APIError(dict(json_obj))
postgrest.exceptions.APIError: {'message': "Could not find a relationship between 'cycle_count_sessions' and 'profiles' in the schema cache", 'code': 'PGRST200', 'hint': None, 'details': "Searched for a foreign key relationship between 'cycle_count_sessions' and 'profiles' using the hint 'created_by' in the schema 'public', but no matches were found."}

[MIDDLEWARE OUTER] GET http://localhost:8002/api/v1/cycle-counts
[MIDDLEWARE OUTER] GET http://localhost:8002/api/v1/cycle-counts/
[MIDDLEWARE CRASH] {'message': "Could not find a relationship between 'cycle_count_sessions' and 'profiles' in the schema cache", 'code': 'PGRST200', 'hint': None, 'details': "Searched for a foreign key relationship between 'cycle_count_sessions' and 'profiles' using the hint 'created_by' in the schema 'public', but no matches were found."}
Traceback (most recent call last):
  File "C:\Users\Ivan.Corona\.gemini\antigravity\scratch\toolcrib\app\main.py", line 51, in dispatch
    response = await call_next(request)
               ^^^^^^^^^^^^^^^^^^^^^^^^
  File "C:\Users\Ivan.Corona\AppData\Local\Programs\Python\Python314\Lib\site-packages\starlette\middleware\base.py", line 168, in call_next
    raise app_exc from app_exc.__cause__ or app_exc.__context__
  File "C:\Users\Ivan.Corona\AppData\Local\Programs\Python\Python314\Lib\site-packages\starlette\middleware\base.py", line 144, in coro
    await self.app(scope, receive_or_disconnect, send_no_error)
  File "C:\Users\Ivan.Corona\AppData\Local\Programs\Python\Python314\Lib\site-packages\starlette\middleware\cors.py", line 93, in __call__
    await self.simple_response(scope, receive, send, request_headers=headers)
  File "C:\Users\Ivan.Corona\AppData\Local\Programs\Python\Python314\Lib\site-packages\starlette\middleware\cors.py", line 144, in simple_response
    await self.app(scope, receive, send)
  File "C:\Users\Ivan.Corona\AppData\Local\Programs\Python\Python314\Lib\site-packages\starlette\middleware\exceptions.py", line 63, in __call__
    await wrap_app_handling_exceptions(self.app, conn)(scope, receive, send)
  File "C:\Users\Ivan.Corona\AppData\Local\Programs\Python\Python314\Lib\site-packages\starlette\_exception_handler.py", line 53, in wrapped_app
    raise exc
  File "C:\Users\Ivan.Corona\AppData\Local\Programs\Python\Python314\Lib\site-packages\starlette\_exception_handler.py", line 42, in wrapped_app
    await app(scope, receive, sender)
  File "C:\Users\Ivan.Corona\AppData\Local\Programs\Python\Python314\Lib\site-packages\fastapi\middleware\asyncexitstack.py", line 18, in __call__
    await self.app(scope, receive, send)
  File "C:\Users\Ivan.Corona\AppData\Local\Programs\Python\Python314\Lib\site-packages\starlette\routing.py", line 716, in __call__
    await self.middleware_stack(scope, receive, send)
  File "C:\Users\Ivan.Corona\AppData\Local\Programs\Python\Python314\Lib\site-packages\starlette\routing.py", line 736, in app
    await route.handle(scope, receive, send)
  File "C:\Users\Ivan.Corona\AppData\Local\Programs\Python\Python314\Lib\site-packages\starlette\routing.py", line 290, in handle
    await self.app(scope, receive, send)
  File "C:\Users\Ivan.Corona\AppData\Local\Programs\Python\Python314\Lib\site-packages\fastapi\routing.py", line 120, in app
    await wrap_app_handling_exceptions(app, request)(scope, receive, send)
  File "C:\Users\Ivan.Corona\AppData\Local\Programs\Python\Python314\Lib\site-packages\starlette\_exception_handler.py", line 53, in wrapped_app
    raise exc
  File "C:\Users\Ivan.Corona\AppData\Local\Programs\Python\Python314\Lib\site-packages\starlette\_exception_handler.py", line 42, in wrapped_app
    await app(scope, receive, sender)
  File "C:\Users\Ivan.Corona\AppData\Local\Programs\Python\Python314\Lib\site-packages\fastapi\routing.py", line 106, in app
    response = await f(request)
               ^^^^^^^^^^^^^^^^
  File "C:\Users\Ivan.Corona\AppData\Local\Programs\Python\Python314\Lib\site-packages\fastapi\routing.py", line 430, in app
    raw_response = await run_endpoint_function(
                   ^^^^^^^^^^^^^^^^^^^^^^^^^^^^
    ...<3 lines>...
    )
    ^
  File "C:\Users\Ivan.Corona\AppData\Local\Programs\Python\Python314\Lib\site-packages\fastapi\routing.py", line 318, in run_endpoint_function
    return await run_in_threadpool(dependant.call, **values)
           ^^^^^^^^^^^^^^^^^^^^^^^^^^^^^^^^^^^^^^^^^^^^^^^^^
  File "C:\Users\Ivan.Corona\AppData\Local\Programs\Python\Python314\Lib\site-packages\starlette\concurrency.py", line 32, in run_in_threadpool
    return await anyio.to_thread.run_sync(func)
           ^^^^^^^^^^^^^^^^^^^^^^^^^^^^^^^^^^^^
  File "C:\Users\Ivan.Corona\AppData\Local\Programs\Python\Python314\Lib\site-packages\anyio\to_thread.py", line 61, in run_sync
    return await get_async_backend().run_sync_in_worker_thread(
           ^^^^^^^^^^^^^^^^^^^^^^^^^^^^^^^^^^^^^^^^^^^^^^^^^^^^
        func, args, abandon_on_cancel=abandon_on_cancel, limiter=limiter
        ^^^^^^^^^^^^^^^^^^^^^^^^^^^^^^^^^^^^^^^^^^^^^^^^^^^^^^^^^^^^^^^^
    )
    ^
  File "C:\Users\Ivan.Corona\AppData\Local\Programs\Python\Python314\Lib\site-packages\anyio\_backends\_asyncio.py", line 2525, in run_sync_in_worker_thread
    return await future
           ^^^^^^^^^^^^
  File "C:\Users\Ivan.Corona\AppData\Local\Programs\Python\Python314\Lib\site-packages\anyio\_backends\_asyncio.py", line 986, in run
    result = context.run(func, *args)
  File "C:\Users\Ivan.Corona\.gemini\antigravity\scratch\toolcrib\app\api\v1\endpoints\cycle_counts.py", line 13, in get_sessions
    return CycleCountService.get_sessions()
           ~~~~~~~~~~~~~~~~~~~~~~~~~~~~~~^^
  File "C:\Users\Ivan.Corona\.gemini\antigravity\scratch\toolcrib\app\services\cycle_count_service.py", line 11, in get_sessions
    res = supabase_admin.table('cycle_count_sessions').select('*, created_by_profile:profiles!created_by(full_name)').order('created_at', desc=True).execute()
  File "C:\Users\Ivan.Corona\AppData\Local\Programs\Python\Python314\Lib\site-packages\postgrest\_sync\request_builder.py", line 53, in execute
    raise APIError(dict(json_obj))
postgrest.exceptions.APIError: {'message': "Could not find a relationship between 'cycle_count_sessions' and 'profiles' in the schema cache", 'code': 'PGRST200', 'hint': None, 'details': "Searched for a foreign key relationship between 'cycle_count_sessions' and 'profiles' using the hint 'created_by' in the schema 'public', but no matches were found."}

[MIDDLEWARE OUTER] POST http://localhost:8002/api/v1/cycle-counts
[MIDDLEWARE OUTER] POST http://localhost:8002/api/v1/cycle-counts/
[MIDDLEWARE OUTER] GET http://127.0.0.1:8002/docs
[MIDDLEWARE OUTER] GET http://127.0.0.1:8002/api/v1/openapi.json
[MIDDLEWARE OUTER] POST http://localhost:8002/api/v1/cycle-counts
[MIDDLEWARE OUTER] POST http://localhost:8002/api/v1/cycle-counts/
[MIDDLEWARE OUTER] GET http://localhost:8002/api/v1/cycle-counts
[MIDDLEWARE OUTER] GET http://localhost:8002/api/v1/cycle-counts/
[MIDDLEWARE CRASH] {'message': "Could not find a relationship between 'cycle_count_sessions' and 'profiles' in the schema cache", 'code': 'PGRST200', 'hint': None, 'details': "Searched for a foreign key relationship between 'cycle_count_sessions' and 'profiles' using the hint 'created_by' in the schema 'public', but no matches were found."}
Traceback (most recent call last):
  File "C:\Users\Ivan.Corona\.gemini\antigravity\scratch\toolcrib\app\main.py", line 51, in dispatch
    response = await call_next(request)
               ^^^^^^^^^^^^^^^^^^^^^^^^
  File "C:\Users\Ivan.Corona\AppData\Local\Programs\Python\Python314\Lib\site-packages\starlette\middleware\base.py", line 168, in call_next
    raise app_exc from app_exc.__cause__ or app_exc.__context__
  File "C:\Users\Ivan.Corona\AppData\Local\Programs\Python\Python314\Lib\site-packages\starlette\middleware\base.py", line 144, in coro
    await self.app(scope, receive_or_disconnect, send_no_error)
  File "C:\Users\Ivan.Corona\AppData\Local\Programs\Python\Python314\Lib\site-packages\starlette\middleware\cors.py", line 93, in __call__
    await self.simple_response(scope, receive, send, request_headers=headers)
  File "C:\Users\Ivan.Corona\AppData\Local\Programs\Python\Python314\Lib\site-packages\starlette\middleware\cors.py", line 144, in simple_response
    await self.app(scope, receive, send)
  File "C:\Users\Ivan.Corona\AppData\Local\Programs\Python\Python314\Lib\site-packages\starlette\middleware\exceptions.py", line 63, in __call__
    await wrap_app_handling_exceptions(self.app, conn)(scope, receive, send)
  File "C:\Users\Ivan.Corona\AppData\Local\Programs\Python\Python314\Lib\site-packages\starlette\_exception_handler.py", line 53, in wrapped_app
    raise exc
  File "C:\Users\Ivan.Corona\AppData\Local\Programs\Python\Python314\Lib\site-packages\starlette\_exception_handler.py", line 42, in wrapped_app
    await app(scope, receive, sender)
  File "C:\Users\Ivan.Corona\AppData\Local\Programs\Python\Python314\Lib\site-packages\fastapi\middleware\asyncexitstack.py", line 18, in __call__
    await self.app(scope, receive, send)
  File "C:\Users\Ivan.Corona\AppData\Local\Programs\Python\Python314\Lib\site-packages\starlette\routing.py", line 716, in __call__
    await self.middleware_stack(scope, receive, send)
  File "C:\Users\Ivan.Corona\AppData\Local\Programs\Python\Python314\Lib\site-packages\starlette\routing.py", line 736, in app
    await route.handle(scope, receive, send)
  File "C:\Users\Ivan.Corona\AppData\Local\Programs\Python\Python314\Lib\site-packages\starlette\routing.py", line 290, in handle
    await self.app(scope, receive, send)
  File "C:\Users\Ivan.Corona\AppData\Local\Programs\Python\Python314\Lib\site-packages\fastapi\routing.py", line 120, in app
    await wrap_app_handling_exceptions(app, request)(scope, receive, send)
  File "C:\Users\Ivan.Corona\AppData\Local\Programs\Python\Python314\Lib\site-packages\starlette\_exception_handler.py", line 53, in wrapped_app
    raise exc
  File "C:\Users\Ivan.Corona\AppData\Local\Programs\Python\Python314\Lib\site-packages\starlette\_exception_handler.py", line 42, in wrapped_app
    await app(scope, receive, sender)
  File "C:\Users\Ivan.Corona\AppData\Local\Programs\Python\Python314\Lib\site-packages\fastapi\routing.py", line 106, in app
    response = await f(request)
               ^^^^^^^^^^^^^^^^
  File "C:\Users\Ivan.Corona\AppData\Local\Programs\Python\Python314\Lib\site-packages\fastapi\routing.py", line 430, in app
    raw_response = await run_endpoint_function(
                   ^^^^^^^^^^^^^^^^^^^^^^^^^^^^
    ...<3 lines>...
    )
    ^
  File "C:\Users\Ivan.Corona\AppData\Local\Programs\Python\Python314\Lib\site-packages\fastapi\routing.py", line 318, in run_endpoint_function
    return await run_in_threadpool(dependant.call, **values)
           ^^^^^^^^^^^^^^^^^^^^^^^^^^^^^^^^^^^^^^^^^^^^^^^^^
  File "C:\Users\Ivan.Corona\AppData\Local\Programs\Python\Python314\Lib\site-packages\starlette\concurrency.py", line 32, in run_in_threadpool
    return await anyio.to_thread.run_sync(func)
           ^^^^^^^^^^^^^^^^^^^^^^^^^^^^^^^^^^^^
  File "C:\Users\Ivan.Corona\AppData\Local\Programs\Python\Python314\Lib\site-packages\anyio\to_thread.py", line 61, in run_sync
    return await get_async_backend().run_sync_in_worker_thread(
           ^^^^^^^^^^^^^^^^^^^^^^^^^^^^^^^^^^^^^^^^^^^^^^^^^^^^
        func, args, abandon_on_cancel=abandon_on_cancel, limiter=limiter
        ^^^^^^^^^^^^^^^^^^^^^^^^^^^^^^^^^^^^^^^^^^^^^^^^^^^^^^^^^^^^^^^^
    )
    ^
  File "C:\Users\Ivan.Corona\AppData\Local\Programs\Python\Python314\Lib\site-packages\anyio\_backends\_asyncio.py", line 2525, in run_sync_in_worker_thread
    return await future
           ^^^^^^^^^^^^
  File "C:\Users\Ivan.Corona\AppData\Local\Programs\Python\Python314\Lib\site-packages\anyio\_backends\_asyncio.py", line 986, in run
    result = context.run(func, *args)
  File "C:\Users\Ivan.Corona\.gemini\antigravity\scratch\toolcrib\app\api\v1\endpoints\cycle_counts.py", line 13, in get_sessions
    return CycleCountService.get_sessions()
           ~~~~~~~~~~~~~~~~~~~~~~~~~~~~~~^^
  File "C:\Users\Ivan.Corona\.gemini\antigravity\scratch\toolcrib\app\services\cycle_count_service.py", line 11, in get_sessions
    res = supabase_admin.table('cycle_count_sessions').select('*, created_by_profile:profiles!created_by(full_name)').order('created_at', desc=True).execute()
  File "C:\Users\Ivan.Corona\AppData\Local\Programs\Python\Python314\Lib\site-packages\postgrest\_sync\request_builder.py", line 53, in execute
    raise APIError(dict(json_obj))
postgrest.exceptions.APIError: {'message': "Could not find a relationship between 'cycle_count_sessions' and 'profiles' in the schema cache", 'code': 'PGRST200', 'hint': None, 'details': "Searched for a foreign key relationship between 'cycle_count_sessions' and 'profiles' using the hint 'created_by' in the schema 'public', but no matches were found."}

[MIDDLEWARE OUTER] POST http://localhost:8002/api/v1/cycle-counts
[MIDDLEWARE OUTER] POST http://localhost:8002/api/v1/cycle-counts/
[MIDDLEWARE OUTER] POST http://localhost:8002/api/v1/cycle-counts
[MIDDLEWARE OUTER] POST http://localhost:8002/api/v1/cycle-counts/

[SYSTEM] SERVER RESTARTED AT 2026-01-19 16:03:48
[MIDDLEWARE OUTER] OPTIONS http://localhost:8002/api/v1/cycle-counts
[MIDDLEWARE OUTER] POST http://localhost:8002/api/v1/cycle-counts
[MIDDLEWARE OUTER] OPTIONS http://localhost:8002/api/v1/cycle-counts/
[MIDDLEWARE OUTER] POST http://localhost:8002/api/v1/cycle-counts/
[MIDDLEWARE OUTER] POST http://localhost:8002/api/v1/cycle-counts
[MIDDLEWARE OUTER] POST http://localhost:8002/api/v1/cycle-counts/
[MIDDLEWARE OUTER] POST http://localhost:8002/api/v1/cycle-counts
[MIDDLEWARE OUTER] POST http://localhost:8002/api/v1/cycle-counts/
[MIDDLEWARE OUTER] POST http://localhost:8002/api/v1/cycle-counts
[MIDDLEWARE OUTER] POST http://localhost:8002/api/v1/cycle-counts/
[MIDDLEWARE OUTER] POST http://localhost:8002/api/v1/cycle-counts
[MIDDLEWARE OUTER] POST http://localhost:8002/api/v1/cycle-counts/
[MIDDLEWARE OUTER] GET http://localhost:8002/api/v1/cycle-counts/
[MIDDLEWARE OUTER] GET http://localhost:8002/api/v1/cycle-counts/
[MIDDLEWARE OUTER] POST http://localhost:8002/api/v1/cycle-counts/

[SYSTEM] SERVER RESTARTED AT 2026-01-19 16:21:15
[MIDDLEWARE OUTER] OPTIONS http://localhost:8002/api/v1/cycle-counts
[MIDDLEWARE OUTER] GET http://localhost:8002/api/v1/cycle-counts
[MIDDLEWARE OUTER] OPTIONS http://localhost:8002/api/v1/cycle-counts/
[MIDDLEWARE OUTER] GET http://localhost:8002/api/v1/cycle-counts/
[MIDDLEWARE OUTER] POST http://localhost:8002/api/v1/cycle-counts
[MIDDLEWARE OUTER] POST http://localhost:8002/api/v1/cycle-counts/
[MIDDLEWARE OUTER] GET http://localhost:8002/api/v1/cycle-counts
[MIDDLEWARE OUTER] GET http://localhost:8002/api/v1/cycle-counts/
[MIDDLEWARE OUTER] GET http://localhost:8002/api/v1/cycle-counts
[MIDDLEWARE OUTER] GET http://localhost:8002/api/v1/cycle-counts/
[MIDDLEWARE OUTER] GET http://localhost:8002/api/v1/cycle-counts
[MIDDLEWARE OUTER] GET http://localhost:8002/api/v1/cycle-counts/
[MIDDLEWARE OUTER] GET http://localhost:8002/api/v1/cycle-counts
[MIDDLEWARE OUTER] GET http://localhost:8002/api/v1/cycle-counts/
[MIDDLEWARE OUTER] GET http://localhost:8002/api/v1/cycle-counts
[MIDDLEWARE OUTER] GET http://localhost:8002/api/v1/cycle-counts/
[MIDDLEWARE OUTER] POST http://localhost:8002/api/v1/cycle-counts
[MIDDLEWARE OUTER] POST http://localhost:8002/api/v1/cycle-counts/
[MIDDLEWARE OUTER] OPTIONS http://localhost:8002/api/v1/cycle-counts/9fef02b9-0f28-45f6-b352-e548d26f7ed7
[MIDDLEWARE OUTER] OPTIONS http://localhost:8002/api/v1/materials/
[MIDDLEWARE OUTER] OPTIONS http://localhost:8002/api/v1/users/debug/check
[MIDDLEWARE OUTER] GET http://localhost:8002/api/v1/cycle-counts/9fef02b9-0f28-45f6-b352-e548d26f7ed7
[MIDDLEWARE OUTER] GET http://localhost:8002/api/v1/materials/
[MIDDLEWARE CRASH] {'message': "Could not find a relationship between 'cycle_count_sessions' and 'profiles' in the schema cache", 'code': 'PGRST200', 'hint': None, 'details': "Searched for a foreign key relationship between 'cycle_count_sessions' and 'profiles' using the hint 'created_by' in the schema 'public', but no matches were found."}
Traceback (most recent call last):
  File "C:\Users\Ivan.Corona\.gemini\antigravity\scratch\toolcrib\app\main.py", line 51, in dispatch
    response = await call_next(request)
               ^^^^^^^^^^^^^^^^^^^^^^^^
  File "C:\Users\Ivan.Corona\AppData\Local\Programs\Python\Python314\Lib\site-packages\starlette\middleware\base.py", line 168, in call_next
    raise app_exc from app_exc.__cause__ or app_exc.__context__
  File "C:\Users\Ivan.Corona\AppData\Local\Programs\Python\Python314\Lib\site-packages\starlette\middleware\base.py", line 144, in coro
    await self.app(scope, receive_or_disconnect, send_no_error)
  File "C:\Users\Ivan.Corona\AppData\Local\Programs\Python\Python314\Lib\site-packages\starlette\middleware\cors.py", line 93, in __call__
    await self.simple_response(scope, receive, send, request_headers=headers)
  File "C:\Users\Ivan.Corona\AppData\Local\Programs\Python\Python314\Lib\site-packages\starlette\middleware\cors.py", line 144, in simple_response
    await self.app(scope, receive, send)
  File "C:\Users\Ivan.Corona\AppData\Local\Programs\Python\Python314\Lib\site-packages\starlette\middleware\exceptions.py", line 63, in __call__
    await wrap_app_handling_exceptions(self.app, conn)(scope, receive, send)
  File "C:\Users\Ivan.Corona\AppData\Local\Programs\Python\Python314\Lib\site-packages\starlette\_exception_handler.py", line 53, in wrapped_app
    raise exc
  File "C:\Users\Ivan.Corona\AppData\Local\Programs\Python\Python314\Lib\site-packages\starlette\_exception_handler.py", line 42, in wrapped_app
    await app(scope, receive, sender)
  File "C:\Users\Ivan.Corona\AppData\Local\Programs\Python\Python314\Lib\site-packages\fastapi\middleware\asyncexitstack.py", line 18, in __call__
    await self.app(scope, receive, send)
  File "C:\Users\Ivan.Corona\AppData\Local\Programs\Python\Python314\Lib\site-packages\starlette\routing.py", line 716, in __call__
    await self.middleware_stack(scope, receive, send)
  File "C:\Users\Ivan.Corona\AppData\Local\Programs\Python\Python314\Lib\site-packages\starlette\routing.py", line 736, in app
    await route.handle(scope, receive, send)
  File "C:\Users\Ivan.Corona\AppData\Local\Programs\Python\Python314\Lib\site-packages\starlette\routing.py", line 290, in handle
    await self.app(scope, receive, send)
  File "C:\Users\Ivan.Corona\AppData\Local\Programs\Python\Python314\Lib\site-packages\fastapi\routing.py", line 120, in app
    await wrap_app_handling_exceptions(app, request)(scope, receive, send)
  File "C:\Users\Ivan.Corona\AppData\Local\Programs\Python\Python314\Lib\site-packages\starlette\_exception_handler.py", line 53, in wrapped_app
    raise exc
  File "C:\Users\Ivan.Corona\AppData\Local\Programs\Python\Python314\Lib\site-packages\starlette\_exception_handler.py", line 42, in wrapped_app
    await app(scope, receive, sender)
  File "C:\Users\Ivan.Corona\AppData\Local\Programs\Python\Python314\Lib\site-packages\fastapi\routing.py", line 106, in app
    response = await f(request)
               ^^^^^^^^^^^^^^^^
  File "C:\Users\Ivan.Corona\AppData\Local\Programs\Python\Python314\Lib\site-packages\fastapi\routing.py", line 430, in app
    raw_response = await run_endpoint_function(
                   ^^^^^^^^^^^^^^^^^^^^^^^^^^^^
    ...<3 lines>...
    )
    ^
  File "C:\Users\Ivan.Corona\AppData\Local\Programs\Python\Python314\Lib\site-packages\fastapi\routing.py", line 318, in run_endpoint_function
    return await run_in_threadpool(dependant.call, **values)
           ^^^^^^^^^^^^^^^^^^^^^^^^^^^^^^^^^^^^^^^^^^^^^^^^^
  File "C:\Users\Ivan.Corona\AppData\Local\Programs\Python\Python314\Lib\site-packages\starlette\concurrency.py", line 32, in run_in_threadpool
    return await anyio.to_thread.run_sync(func)
           ^^^^^^^^^^^^^^^^^^^^^^^^^^^^^^^^^^^^
  File "C:\Users\Ivan.Corona\AppData\Local\Programs\Python\Python314\Lib\site-packages\anyio\to_thread.py", line 61, in run_sync
    return await get_async_backend().run_sync_in_worker_thread(
           ^^^^^^^^^^^^^^^^^^^^^^^^^^^^^^^^^^^^^^^^^^^^^^^^^^^^
        func, args, abandon_on_cancel=abandon_on_cancel, limiter=limiter
        ^^^^^^^^^^^^^^^^^^^^^^^^^^^^^^^^^^^^^^^^^^^^^^^^^^^^^^^^^^^^^^^^
    )
    ^
  File "C:\Users\Ivan.Corona\AppData\Local\Programs\Python\Python314\Lib\site-packages\anyio\_backends\_asyncio.py", line 2525, in run_sync_in_worker_thread
    return await future
           ^^^^^^^^^^^^
  File "C:\Users\Ivan.Corona\AppData\Local\Programs\Python\Python314\Lib\site-packages\anyio\_backends\_asyncio.py", line 986, in run
    result = context.run(func, *args)
  File "C:\Users\Ivan.Corona\.gemini\antigravity\scratch\toolcrib\app\api\v1\endpoints\cycle_counts.py", line 35, in get_session_detail
    return CycleCountService.get_session_by_id(id)
           ~~~~~~~~~~~~~~~~~~~~~~~~~~~~~~~~~~~^^^^
  File "C:\Users\Ivan.Corona\.gemini\antigravity\scratch\toolcrib\app\services\cycle_count_service.py", line 18, in get_session_by_id
    session_res = supabase_admin.table('cycle_count_sessions').select('*, created_by_profile:profiles!created_by(full_name)').eq('id', str(id)).single().execute()
  File "C:\Users\Ivan.Corona\AppData\Local\Programs\Python\Python314\Lib\site-packages\postgrest\_sync\request_builder.py", line 82, in execute
    raise APIError(dict(json_obj))
postgrest.exceptions.APIError: {'message': "Could not find a relationship between 'cycle_count_sessions' and 'profiles' in the schema cache", 'code': 'PGRST200', 'hint': None, 'details': "Searched for a foreign key relationship between 'cycle_count_sessions' and 'profiles' using the hint 'created_by' in the schema 'public', but no matches were found."}

[MIDDLEWARE OUTER] GET http://localhost:8002/api/v1/users/debug/check
[MIDDLEWARE OUTER] OPTIONS http://localhost:8002/api/v1/requisitions
[MIDDLEWARE OUTER] GET http://localhost:8002/api/v1/users/debug/check
[MIDDLEWARE OUTER] GET http://localhost:8002/api/v1/requisitions
[MIDDLEWARE OUTER] GET http://localhost:8002/api/v1/requisitions
[MIDDLEWARE OUTER] OPTIONS http://localhost:8002/api/v1/requisitions/inbox
[MIDDLEWARE OUTER] GET http://localhost:8002/api/v1/requisitions/inbox
[MIDDLEWARE OUTER] GET http://localhost:8002/api/v1/users/debug/check
[MIDDLEWARE OUTER] GET http://localhost:8002/api/v1/requisitions
[MIDDLEWARE OUTER] GET http://localhost:8002/api/v1/requisitions/inbox
[MIDDLEWARE OUTER] GET http://localhost:8002/api/v1/requisitions/inbox
[MIDDLEWARE OUTER] GET http://localhost:8002/api/v1/cycle-counts
[MIDDLEWARE OUTER] GET http://localhost:8002/api/v1/cycle-counts/
[MIDDLEWARE OUTER] GET http://localhost:8002/api/v1/users/debug/check
[MIDDLEWARE OUTER] POST http://localhost:8002/api/v1/cycle-counts
[MIDDLEWARE OUTER] POST http://localhost:8002/api/v1/cycle-counts/
[MIDDLEWARE OUTER] OPTIONS http://localhost:8002/api/v1/cycle-counts/fd5c64b5-e1f5-444a-ae26-3a7066e86b17
[MIDDLEWARE OUTER] GET http://localhost:8002/api/v1/materials/
[MIDDLEWARE OUTER] GET http://localhost:8002/api/v1/cycle-counts/fd5c64b5-e1f5-444a-ae26-3a7066e86b17
[MIDDLEWARE CRASH] {'message': "Could not find a relationship between 'cycle_count_sessions' and 'profiles' in the schema cache", 'code': 'PGRST200', 'hint': None, 'details': "Searched for a foreign key relationship between 'cycle_count_sessions' and 'profiles' using the hint 'created_by' in the schema 'public', but no matches were found."}
Traceback (most recent call last):
  File "C:\Users\Ivan.Corona\.gemini\antigravity\scratch\toolcrib\app\main.py", line 51, in dispatch
    response = await call_next(request)
               ^^^^^^^^^^^^^^^^^^^^^^^^
  File "C:\Users\Ivan.Corona\AppData\Local\Programs\Python\Python314\Lib\site-packages\starlette\middleware\base.py", line 168, in call_next
    raise app_exc from app_exc.__cause__ or app_exc.__context__
  File "C:\Users\Ivan.Corona\AppData\Local\Programs\Python\Python314\Lib\site-packages\starlette\middleware\base.py", line 144, in coro
    await self.app(scope, receive_or_disconnect, send_no_error)
  File "C:\Users\Ivan.Corona\AppData\Local\Programs\Python\Python314\Lib\site-packages\starlette\middleware\cors.py", line 93, in __call__
    await self.simple_response(scope, receive, send, request_headers=headers)
  File "C:\Users\Ivan.Corona\AppData\Local\Programs\Python\Python314\Lib\site-packages\starlette\middleware\cors.py", line 144, in simple_response
    await self.app(scope, receive, send)
  File "C:\Users\Ivan.Corona\AppData\Local\Programs\Python\Python314\Lib\site-packages\starlette\middleware\exceptions.py", line 63, in __call__
    await wrap_app_handling_exceptions(self.app, conn)(scope, receive, send)
  File "C:\Users\Ivan.Corona\AppData\Local\Programs\Python\Python314\Lib\site-packages\starlette\_exception_handler.py", line 53, in wrapped_app
    raise exc
  File "C:\Users\Ivan.Corona\AppData\Local\Programs\Python\Python314\Lib\site-packages\starlette\_exception_handler.py", line 42, in wrapped_app
    await app(scope, receive, sender)
  File "C:\Users\Ivan.Corona\AppData\Local\Programs\Python\Python314\Lib\site-packages\fastapi\middleware\asyncexitstack.py", line 18, in __call__
    await self.app(scope, receive, send)
  File "C:\Users\Ivan.Corona\AppData\Local\Programs\Python\Python314\Lib\site-packages\starlette\routing.py", line 716, in __call__
    await self.middleware_stack(scope, receive, send)
  File "C:\Users\Ivan.Corona\AppData\Local\Programs\Python\Python314\Lib\site-packages\starlette\routing.py", line 736, in app
    await route.handle(scope, receive, send)
  File "C:\Users\Ivan.Corona\AppData\Local\Programs\Python\Python314\Lib\site-packages\starlette\routing.py", line 290, in handle
    await self.app(scope, receive, send)
  File "C:\Users\Ivan.Corona\AppData\Local\Programs\Python\Python314\Lib\site-packages\fastapi\routing.py", line 120, in app
    await wrap_app_handling_exceptions(app, request)(scope, receive, send)
  File "C:\Users\Ivan.Corona\AppData\Local\Programs\Python\Python314\Lib\site-packages\starlette\_exception_handler.py", line 53, in wrapped_app
    raise exc
  File "C:\Users\Ivan.Corona\AppData\Local\Programs\Python\Python314\Lib\site-packages\starlette\_exception_handler.py", line 42, in wrapped_app
    await app(scope, receive, sender)
  File "C:\Users\Ivan.Corona\AppData\Local\Programs\Python\Python314\Lib\site-packages\fastapi\routing.py", line 106, in app
    response = await f(request)
               ^^^^^^^^^^^^^^^^
  File "C:\Users\Ivan.Corona\AppData\Local\Programs\Python\Python314\Lib\site-packages\fastapi\routing.py", line 430, in app
    raw_response = await run_endpoint_function(
                   ^^^^^^^^^^^^^^^^^^^^^^^^^^^^
    ...<3 lines>...
    )
    ^
  File "C:\Users\Ivan.Corona\AppData\Local\Programs\Python\Python314\Lib\site-packages\fastapi\routing.py", line 318, in run_endpoint_function
    return await run_in_threadpool(dependant.call, **values)
           ^^^^^^^^^^^^^^^^^^^^^^^^^^^^^^^^^^^^^^^^^^^^^^^^^
  File "C:\Users\Ivan.Corona\AppData\Local\Programs\Python\Python314\Lib\site-packages\starlette\concurrency.py", line 32, in run_in_threadpool
    return await anyio.to_thread.run_sync(func)
           ^^^^^^^^^^^^^^^^^^^^^^^^^^^^^^^^^^^^
  File "C:\Users\Ivan.Corona\AppData\Local\Programs\Python\Python314\Lib\site-packages\anyio\to_thread.py", line 61, in run_sync
    return await get_async_backend().run_sync_in_worker_thread(
           ^^^^^^^^^^^^^^^^^^^^^^^^^^^^^^^^^^^^^^^^^^^^^^^^^^^^
        func, args, abandon_on_cancel=abandon_on_cancel, limiter=limiter
        ^^^^^^^^^^^^^^^^^^^^^^^^^^^^^^^^^^^^^^^^^^^^^^^^^^^^^^^^^^^^^^^^
    )
    ^
  File "C:\Users\Ivan.Corona\AppData\Local\Programs\Python\Python314\Lib\site-packages\anyio\_backends\_asyncio.py", line 2525, in run_sync_in_worker_thread
    return await future
           ^^^^^^^^^^^^
  File "C:\Users\Ivan.Corona\AppData\Local\Programs\Python\Python314\Lib\site-packages\anyio\_backends\_asyncio.py", line 986, in run
    result = context.run(func, *args)
  File "C:\Users\Ivan.Corona\.gemini\antigravity\scratch\toolcrib\app\api\v1\endpoints\cycle_counts.py", line 35, in get_session_detail
    return CycleCountService.get_session_by_id(id)
           ~~~~~~~~~~~~~~~~~~~~~~~~~~~~~~~~~~~^^^^
  File "C:\Users\Ivan.Corona\.gemini\antigravity\scratch\toolcrib\app\services\cycle_count_service.py", line 18, in get_session_by_id
    session_res = supabase_admin.table('cycle_count_sessions').select('*, created_by_profile:profiles!created_by(full_name)').eq('id', str(id)).single().execute()
  File "C:\Users\Ivan.Corona\AppData\Local\Programs\Python\Python314\Lib\site-packages\postgrest\_sync\request_builder.py", line 82, in execute
    raise APIError(dict(json_obj))
postgrest.exceptions.APIError: {'message': "Could not find a relationship between 'cycle_count_sessions' and 'profiles' in the schema cache", 'code': 'PGRST200', 'hint': None, 'details': "Searched for a foreign key relationship between 'cycle_count_sessions' and 'profiles' using the hint 'created_by' in the schema 'public', but no matches were found."}

[MIDDLEWARE OUTER] GET http://localhost:8002/api/v1/users/debug/check
[MIDDLEWARE OUTER] GET http://localhost:8002/api/v1/users/debug/check
[MIDDLEWARE OUTER] GET http://localhost:8002/api/v1/cycle-counts
[MIDDLEWARE OUTER] GET http://localhost:8002/api/v1/cycle-counts/
[MIDDLEWARE OUTER] POST http://localhost:8002/api/v1/cycle-counts
[MIDDLEWARE OUTER] POST http://localhost:8002/api/v1/cycle-counts/
[MIDDLEWARE OUTER] OPTIONS http://localhost:8002/api/v1/cycle-counts/bd9655a4-7416-44b0-9183-12df0effd922
[MIDDLEWARE OUTER] GET http://localhost:8002/api/v1/materials/
[MIDDLEWARE OUTER] GET http://localhost:8002/api/v1/users/debug/check
[MIDDLEWARE OUTER] GET http://localhost:8002/api/v1/cycle-counts/bd9655a4-7416-44b0-9183-12df0effd922
[MIDDLEWARE CRASH] {'message': "Could not find a relationship between 'cycle_count_sessions' and 'profiles' in the schema cache", 'code': 'PGRST200', 'hint': None, 'details': "Searched for a foreign key relationship between 'cycle_count_sessions' and 'profiles' using the hint 'created_by' in the schema 'public', but no matches were found."}
Traceback (most recent call last):
  File "C:\Users\Ivan.Corona\.gemini\antigravity\scratch\toolcrib\app\main.py", line 51, in dispatch
    response = await call_next(request)
               ^^^^^^^^^^^^^^^^^^^^^^^^
  File "C:\Users\Ivan.Corona\AppData\Local\Programs\Python\Python314\Lib\site-packages\starlette\middleware\base.py", line 168, in call_next
    raise app_exc from app_exc.__cause__ or app_exc.__context__
  File "C:\Users\Ivan.Corona\AppData\Local\Programs\Python\Python314\Lib\site-packages\starlette\middleware\base.py", line 144, in coro
    await self.app(scope, receive_or_disconnect, send_no_error)
  File "C:\Users\Ivan.Corona\AppData\Local\Programs\Python\Python314\Lib\site-packages\starlette\middleware\cors.py", line 93, in __call__
    await self.simple_response(scope, receive, send, request_headers=headers)
  File "C:\Users\Ivan.Corona\AppData\Local\Programs\Python\Python314\Lib\site-packages\starlette\middleware\cors.py", line 144, in simple_response
    await self.app(scope, receive, send)
  File "C:\Users\Ivan.Corona\AppData\Local\Programs\Python\Python314\Lib\site-packages\starlette\middleware\exceptions.py", line 63, in __call__
    await wrap_app_handling_exceptions(self.app, conn)(scope, receive, send)
  File "C:\Users\Ivan.Corona\AppData\Local\Programs\Python\Python314\Lib\site-packages\starlette\_exception_handler.py", line 53, in wrapped_app
    raise exc
  File "C:\Users\Ivan.Corona\AppData\Local\Programs\Python\Python314\Lib\site-packages\starlette\_exception_handler.py", line 42, in wrapped_app
    await app(scope, receive, sender)
  File "C:\Users\Ivan.Corona\AppData\Local\Programs\Python\Python314\Lib\site-packages\fastapi\middleware\asyncexitstack.py", line 18, in __call__
    await self.app(scope, receive, send)
  File "C:\Users\Ivan.Corona\AppData\Local\Programs\Python\Python314\Lib\site-packages\starlette\routing.py", line 716, in __call__
    await self.middleware_stack(scope, receive, send)
  File "C:\Users\Ivan.Corona\AppData\Local\Programs\Python\Python314\Lib\site-packages\starlette\routing.py", line 736, in app
    await route.handle(scope, receive, send)
  File "C:\Users\Ivan.Corona\AppData\Local\Programs\Python\Python314\Lib\site-packages\starlette\routing.py", line 290, in handle
    await self.app(scope, receive, send)
  File "C:\Users\Ivan.Corona\AppData\Local\Programs\Python\Python314\Lib\site-packages\fastapi\routing.py", line 120, in app
    await wrap_app_handling_exceptions(app, request)(scope, receive, send)
  File "C:\Users\Ivan.Corona\AppData\Local\Programs\Python\Python314\Lib\site-packages\starlette\_exception_handler.py", line 53, in wrapped_app
    raise exc
  File "C:\Users\Ivan.Corona\AppData\Local\Programs\Python\Python314\Lib\site-packages\starlette\_exception_handler.py", line 42, in wrapped_app
    await app(scope, receive, sender)
  File "C:\Users\Ivan.Corona\AppData\Local\Programs\Python\Python314\Lib\site-packages\fastapi\routing.py", line 106, in app
    response = await f(request)
               ^^^^^^^^^^^^^^^^
  File "C:\Users\Ivan.Corona\AppData\Local\Programs\Python\Python314\Lib\site-packages\fastapi\routing.py", line 430, in app
    raw_response = await run_endpoint_function(
                   ^^^^^^^^^^^^^^^^^^^^^^^^^^^^
    ...<3 lines>...
    )
    ^
  File "C:\Users\Ivan.Corona\AppData\Local\Programs\Python\Python314\Lib\site-packages\fastapi\routing.py", line 318, in run_endpoint_function
    return await run_in_threadpool(dependant.call, **values)
           ^^^^^^^^^^^^^^^^^^^^^^^^^^^^^^^^^^^^^^^^^^^^^^^^^
  File "C:\Users\Ivan.Corona\AppData\Local\Programs\Python\Python314\Lib\site-packages\starlette\concurrency.py", line 32, in run_in_threadpool
    return await anyio.to_thread.run_sync(func)
           ^^^^^^^^^^^^^^^^^^^^^^^^^^^^^^^^^^^^
  File "C:\Users\Ivan.Corona\AppData\Local\Programs\Python\Python314\Lib\site-packages\anyio\to_thread.py", line 61, in run_sync
    return await get_async_backend().run_sync_in_worker_thread(
           ^^^^^^^^^^^^^^^^^^^^^^^^^^^^^^^^^^^^^^^^^^^^^^^^^^^^
        func, args, abandon_on_cancel=abandon_on_cancel, limiter=limiter
        ^^^^^^^^^^^^^^^^^^^^^^^^^^^^^^^^^^^^^^^^^^^^^^^^^^^^^^^^^^^^^^^^
    )
    ^
  File "C:\Users\Ivan.Corona\AppData\Local\Programs\Python\Python314\Lib\site-packages\anyio\_backends\_asyncio.py", line 2525, in run_sync_in_worker_thread
    return await future
           ^^^^^^^^^^^^
  File "C:\Users\Ivan.Corona\AppData\Local\Programs\Python\Python314\Lib\site-packages\anyio\_backends\_asyncio.py", line 986, in run
    result = context.run(func, *args)
  File "C:\Users\Ivan.Corona\.gemini\antigravity\scratch\toolcrib\app\api\v1\endpoints\cycle_counts.py", line 35, in get_session_detail
    return CycleCountService.get_session_by_id(id)
           ~~~~~~~~~~~~~~~~~~~~~~~~~~~~~~~~~~~^^^^
  File "C:\Users\Ivan.Corona\.gemini\antigravity\scratch\toolcrib\app\services\cycle_count_service.py", line 18, in get_session_by_id
    session_res = supabase_admin.table('cycle_count_sessions').select('*, created_by_profile:profiles!created_by(full_name)').eq('id', str(id)).single().execute()
  File "C:\Users\Ivan.Corona\AppData\Local\Programs\Python\Python314\Lib\site-packages\postgrest\_sync\request_builder.py", line 82, in execute
    raise APIError(dict(json_obj))
postgrest.exceptions.APIError: {'message': "Could not find a relationship between 'cycle_count_sessions' and 'profiles' in the schema cache", 'code': 'PGRST200', 'hint': None, 'details': "Searched for a foreign key relationship between 'cycle_count_sessions' and 'profiles' using the hint 'created_by' in the schema 'public', but no matches were found."}


[SYSTEM] SERVER RESTARTED AT 2026-01-19 16:25:53
[MIDDLEWARE OUTER] OPTIONS http://localhost:8002/api/v1/cycle-counts/bd9655a4-7416-44b0-9183-12df0effd922
[MIDDLEWARE OUTER] OPTIONS http://localhost:8002/api/v1/users/debug/check
[MIDDLEWARE OUTER] OPTIONS http://localhost:8002/api/v1/materials/
[MIDDLEWARE OUTER] GET http://localhost:8002/api/v1/cycle-counts/bd9655a4-7416-44b0-9183-12df0effd922
[MIDDLEWARE OUTER] GET http://localhost:8002/api/v1/users/debug/check
[MIDDLEWARE OUTER] GET http://localhost:8002/api/v1/materials/
[MIDDLEWARE OUTER] GET http://localhost:8002/api/v1/cycle-counts/bd9655a4-7416-44b0-9183-12df0effd922
[MIDDLEWARE OUTER] GET http://localhost:8002/api/v1/users/debug/check
[MIDDLEWARE OUTER] GET http://localhost:8002/api/v1/materials/
[MIDDLEWARE OUTER] GET http://localhost:8002/api/v1/cycle-counts/bd9655a4-7416-44b0-9183-12df0effd922
[MIDDLEWARE OUTER] GET http://localhost:8002/api/v1/materials/
[MIDDLEWARE OUTER] GET http://localhost:8002/api/v1/users/debug/check
[MIDDLEWARE OUTER] GET http://localhost:8002/api/v1/cycle-counts/bd9655a4-7416-44b0-9183-12df0effd922
[MIDDLEWARE OUTER] GET http://localhost:8002/api/v1/materials/
[MIDDLEWARE OUTER] GET http://localhost:8002/api/v1/users/debug/check
[MIDDLEWARE OUTER] OPTIONS http://localhost:8002/api/v1/cycle-counts/bd9655a4-7416-44b0-9183-12df0effd922
[MIDDLEWARE OUTER] OPTIONS http://localhost:8002/api/v1/users/debug/check
[MIDDLEWARE OUTER] OPTIONS http://localhost:8002/api/v1/materials/
[MIDDLEWARE OUTER] GET http://localhost:8002/api/v1/cycle-counts/bd9655a4-7416-44b0-9183-12df0effd922
[MIDDLEWARE OUTER] GET http://localhost:8002/api/v1/materials/
[MIDDLEWARE OUTER] GET http://localhost:8002/api/v1/users/debug/check
[MIDDLEWARE OUTER] GET http://localhost:8002/api/v1/cycle-counts/bd9655a4-7416-44b0-9183-12df0effd922
[MIDDLEWARE OUTER] GET http://localhost:8002/api/v1/users/debug/check
[MIDDLEWARE OUTER] GET http://localhost:8002/api/v1/materials/
[MIDDLEWARE OUTER] GET http://localhost:8002/api/v1/cycle-counts/bd9655a4-7416-44b0-9183-12df0effd922
[MIDDLEWARE OUTER] GET http://localhost:8002/api/v1/materials/
[MIDDLEWARE OUTER] GET http://localhost:8002/api/v1/users/debug/check
[MIDDLEWARE OUTER] GET http://localhost:8002/api/v1/cycle-counts/bd9655a4-7416-44b0-9183-12df0effd922
[MIDDLEWARE OUTER] GET http://localhost:8002/api/v1/users/debug/check
[MIDDLEWARE OUTER] GET http://localhost:8002/api/v1/materials/
[MIDDLEWARE OUTER] OPTIONS http://localhost:8002/api/v1/cycle-counts/bd9655a4-7416-44b0-9183-12df0effd922
[MIDDLEWARE OUTER] OPTIONS http://localhost:8002/api/v1/users/debug/check
[MIDDLEWARE OUTER] OPTIONS http://localhost:8002/api/v1/materials/
[MIDDLEWARE OUTER] GET http://localhost:8002/api/v1/cycle-counts/bd9655a4-7416-44b0-9183-12df0effd922
[MIDDLEWARE OUTER] GET http://localhost:8002/api/v1/users/debug/check
[MIDDLEWARE OUTER] GET http://localhost:8002/api/v1/materials/
[MIDDLEWARE OUTER] OPTIONS http://localhost:8002/api/v1/cycle-counts
[MIDDLEWARE OUTER] GET http://localhost:8002/api/v1/cycle-counts
[MIDDLEWARE OUTER] OPTIONS http://localhost:8002/api/v1/cycle-counts/
[MIDDLEWARE OUTER] GET http://localhost:8002/api/v1/cycle-counts/
[MIDDLEWARE OUTER] POST http://localhost:8002/api/v1/cycle-counts
[MIDDLEWARE OUTER] POST http://localhost:8002/api/v1/cycle-counts/
[MIDDLEWARE OUTER] OPTIONS http://localhost:8002/api/v1/cycle-counts/f3b59460-9fb4-4bed-a480-7db73ca2a307
[MIDDLEWARE OUTER] GET http://localhost:8002/api/v1/materials/
[MIDDLEWARE OUTER] GET http://localhost:8002/api/v1/users/debug/check
[MIDDLEWARE OUTER] GET http://localhost:8002/api/v1/cycle-counts/f3b59460-9fb4-4bed-a480-7db73ca2a307
[MIDDLEWARE OUTER] GET http://localhost:8002/api/v1/cycle-counts
[MIDDLEWARE OUTER] GET http://localhost:8002/api/v1/cycle-counts/
[MIDDLEWARE OUTER] POST http://localhost:8002/api/v1/cycle-counts
[MIDDLEWARE OUTER] POST http://localhost:8002/api/v1/cycle-counts/
[MIDDLEWARE OUTER] OPTIONS http://localhost:8002/api/v1/cycle-counts/16744a99-4632-4b37-81a9-ff3fc4578b05
[MIDDLEWARE OUTER] GET http://localhost:8002/api/v1/materials/
[MIDDLEWARE OUTER] GET http://localhost:8002/api/v1/users/debug/check
[MIDDLEWARE OUTER] GET http://localhost:8002/api/v1/cycle-counts/16744a99-4632-4b37-81a9-ff3fc4578b05
[MIDDLEWARE OUTER] GET http://localhost:8002/api/v1/cycle-counts/16744a99-4632-4b37-81a9-ff3fc4578b05
[MIDDLEWARE OUTER] GET http://localhost:8002/api/v1/materials/
[MIDDLEWARE OUTER] GET http://localhost:8002/api/v1/users/debug/check
[MIDDLEWARE OUTER] GET http://localhost:8002/api/v1/cycle-counts
[MIDDLEWARE OUTER] GET http://localhost:8002/api/v1/cycle-counts/
[MIDDLEWARE OUTER] GET http://localhost:8002/api/v1/users/debug/check
[MIDDLEWARE OUTER] GET http://localhost:8002/api/v1/users/debug/check
[MIDDLEWARE OUTER] GET http://localhost:8002/api/v1/users/debug/check
[MIDDLEWARE OUTER] GET http://localhost:8002/api/v1/users/debug/check
[MIDDLEWARE OUTER] GET http://localhost:8002/api/v1/users/debug/check
[MIDDLEWARE OUTER] GET http://localhost:8002/api/v1/users/debug/check
[MIDDLEWARE OUTER] GET http://localhost:8002/api/v1/users/debug/check
[MIDDLEWARE OUTER] GET http://localhost:8002/api/v1/users/debug/check
[MIDDLEWARE OUTER] GET http://localhost:8002/api/v1/users/debug/check
[MIDDLEWARE OUTER] GET http://localhost:8002/api/v1/users/debug/check
[MIDDLEWARE OUTER] GET http://localhost:8002/api/v1/users/debug/check
[MIDDLEWARE OUTER] GET http://localhost:8002/api/v1/users/debug/check
[MIDDLEWARE OUTER] GET http://localhost:8002/api/v1/users/debug/check
[MIDDLEWARE OUTER] GET http://localhost:8002/api/v1/users/debug/check
[MIDDLEWARE OUTER] GET http://localhost:8002/api/v1/users/debug/check
[MIDDLEWARE OUTER] GET http://localhost:8002/api/v1/users/debug/check
[MIDDLEWARE OUTER] GET http://localhost:8002/api/v1/users/debug/check
[MIDDLEWARE OUTER] GET http://localhost:8002/api/v1/users/debug/check
[MIDDLEWARE OUTER] GET http://localhost:8002/api/v1/users/debug/check
[MIDDLEWARE OUTER] GET http://localhost:8002/api/v1/users/debug/check
[MIDDLEWARE OUTER] GET http://localhost:8002/api/v1/users/debug/check
[MIDDLEWARE OUTER] GET http://localhost:8002/api/v1/users/debug/check
[MIDDLEWARE OUTER] GET http://localhost:8002/api/v1/users/debug/check
[MIDDLEWARE OUTER] GET http://localhost:8002/api/v1/users/debug/check
[MIDDLEWARE OUTER] GET http://localhost:8002/api/v1/users/debug/check
[MIDDLEWARE OUTER] GET http://localhost:8002/api/v1/users/debug/check
[MIDDLEWARE OUTER] GET http://localhost:8002/api/v1/users/debug/check
[MIDDLEWARE OUTER] GET http://localhost:8002/api/v1/users/debug/check
[MIDDLEWARE OUTER] GET http://localhost:8002/api/v1/users/debug/check
[MIDDLEWARE OUTER] GET http://localhost:8002/api/v1/users/debug/check
[MIDDLEWARE OUTER] GET http://localhost:8002/api/v1/users/debug/check
[MIDDLEWARE OUTER] GET http://localhost:8002/api/v1/users/debug/check
[MIDDLEWARE OUTER] GET http://localhost:8002/api/v1/users/debug/check
[MIDDLEWARE OUTER] GET http://localhost:8002/api/v1/users/debug/check
[MIDDLEWARE OUTER] GET http://localhost:8002/api/v1/users/debug/check
[MIDDLEWARE OUTER] GET http://localhost:8002/api/v1/users/debug/check
[MIDDLEWARE OUTER] GET http://localhost:8002/api/v1/users/debug/check
[MIDDLEWARE OUTER] GET http://localhost:8002/api/v1/users/debug/check
[MIDDLEWARE OUTER] GET http://localhost:8002/api/v1/users/debug/check
[MIDDLEWARE OUTER] GET http://localhost:8002/api/v1/users/debug/check
[MIDDLEWARE OUTER] GET http://localhost:8002/api/v1/users/debug/check
[MIDDLEWARE OUTER] GET http://localhost:8002/api/v1/users/debug/check
[MIDDLEWARE OUTER] GET http://localhost:8002/api/v1/users/debug/check
[MIDDLEWARE OUTER] GET http://localhost:8002/api/v1/users/debug/check
[MIDDLEWARE OUTER] GET http://localhost:8002/api/v1/users/debug/check
[MIDDLEWARE OUTER] GET http://localhost:8002/api/v1/users/debug/check
[MIDDLEWARE OUTER] GET http://localhost:8002/api/v1/users/debug/check
[MIDDLEWARE OUTER] GET http://localhost:8002/api/v1/users/debug/check
[MIDDLEWARE OUTER] GET http://localhost:8002/api/v1/users/debug/check
[MIDDLEWARE OUTER] GET http://localhost:8002/api/v1/users/debug/check
[MIDDLEWARE OUTER] GET http://localhost:8002/api/v1/users/debug/check
[MIDDLEWARE OUTER] GET http://localhost:8002/api/v1/users/debug/check
[MIDDLEWARE OUTER] GET http://localhost:8002/api/v1/users/debug/check
[MIDDLEWARE OUTER] GET http://localhost:8002/api/v1/users/debug/check
[MIDDLEWARE OUTER] GET http://localhost:8002/api/v1/users/debug/check
[MIDDLEWARE OUTER] GET http://localhost:8002/api/v1/users/debug/check
[MIDDLEWARE OUTER] GET http://localhost:8002/api/v1/users/debug/check
[MIDDLEWARE OUTER] GET http://localhost:8002/api/v1/users/debug/check
[MIDDLEWARE OUTER] GET http://localhost:8002/api/v1/users/debug/check
[MIDDLEWARE OUTER] GET http://localhost:8002/api/v1/users/debug/check
[MIDDLEWARE OUTER] GET http://localhost:8002/api/v1/users/debug/check
[MIDDLEWARE OUTER] GET http://localhost:8002/api/v1/users/debug/check
[MIDDLEWARE OUTER] GET http://localhost:8002/api/v1/users/debug/check
[MIDDLEWARE OUTER] GET http://localhost:8002/api/v1/users/debug/check
[MIDDLEWARE OUTER] GET http://localhost:8002/api/v1/users/debug/check
[MIDDLEWARE OUTER] GET http://localhost:8002/api/v1/users/debug/check
[MIDDLEWARE OUTER] GET http://localhost:8002/api/v1/users/debug/check
[MIDDLEWARE OUTER] GET http://localhost:8002/api/v1/users/debug/check
[MIDDLEWARE OUTER] GET http://localhost:8002/api/v1/users/debug/check
[MIDDLEWARE OUTER] GET http://localhost:8002/api/v1/users/debug/check
[MIDDLEWARE OUTER] GET http://localhost:8002/api/v1/users/debug/check
[MIDDLEWARE OUTER] GET http://localhost:8002/api/v1/users/debug/check
[MIDDLEWARE OUTER] GET http://localhost:8002/api/v1/users/debug/check
[MIDDLEWARE OUTER] GET http://localhost:8002/api/v1/users/debug/check
[MIDDLEWARE OUTER] GET http://localhost:8002/api/v1/users/debug/check
[MIDDLEWARE OUTER] GET http://localhost:8002/api/v1/users/debug/check
[MIDDLEWARE OUTER] GET http://localhost:8002/api/v1/users/debug/check
[MIDDLEWARE OUTER] GET http://localhost:8002/api/v1/users/debug/check
[MIDDLEWARE OUTER] GET http://localhost:8002/api/v1/users/debug/check
[MIDDLEWARE OUTER] GET http://localhost:8002/api/v1/users/debug/check
[MIDDLEWARE OUTER] GET http://localhost:8002/api/v1/users/debug/check
[MIDDLEWARE OUTER] GET http://localhost:8002/api/v1/users/debug/check
[MIDDLEWARE OUTER] GET http://localhost:8002/api/v1/users/debug/check
[MIDDLEWARE OUTER] GET http://localhost:8002/api/v1/users/debug/check
[MIDDLEWARE OUTER] OPTIONS http://localhost:8002/api/v1/requisitions
[MIDDLEWARE OUTER] GET http://localhost:8002/api/v1/requisitions
[MIDDLEWARE OUTER] GET http://localhost:8002/api/v1/users/debug/check
[MIDDLEWARE OUTER] GET http://localhost:8002/api/v1/requisitions
[MIDDLEWARE OUTER] OPTIONS http://localhost:8002/api/v1/requisitions/inbox
[MIDDLEWARE OUTER] GET http://localhost:8002/api/v1/requisitions/inbox
[MIDDLEWARE OUTER] GET http://localhost:8002/api/v1/requisitions
[MIDDLEWARE OUTER] GET http://localhost:8002/api/v1/users/debug/check
[MIDDLEWARE OUTER] GET http://localhost:8002/api/v1/requisitions/inbox
[MIDDLEWARE OUTER] GET http://localhost:8002/api/v1/requisitions/inbox
[MIDDLEWARE OUTER] GET http://localhost:8002/api/v1/users/debug/check
[MIDDLEWARE OUTER] GET http://localhost:8002/api/v1/users/debug/check
[MIDDLEWARE OUTER] GET http://localhost:8002/api/v1/users/debug/check
[MIDDLEWARE OUTER] GET http://localhost:8002/api/v1/users/debug/check
[MIDDLEWARE OUTER] GET http://localhost:8002/api/v1/users/debug/check
[MIDDLEWARE OUTER] GET http://localhost:8002/api/v1/users/debug/check
[MIDDLEWARE OUTER] GET http://localhost:8002/api/v1/users/debug/check
[MIDDLEWARE OUTER] GET http://localhost:8002/api/v1/users/debug/check
[MIDDLEWARE OUTER] GET http://localhost:8002/api/v1/users/debug/check
[MIDDLEWARE OUTER] GET http://localhost:8002/api/v1/users/debug/check
[MIDDLEWARE OUTER] GET http://localhost:8002/api/v1/users/debug/check
[MIDDLEWARE OUTER] GET http://localhost:8002/api/v1/users/debug/check
[MIDDLEWARE OUTER] GET http://localhost:8002/api/v1/users/debug/check
[MIDDLEWARE OUTER] GET http://localhost:8002/api/v1/users/debug/check
[MIDDLEWARE OUTER] GET http://localhost:8002/api/v1/users/debug/check
[MIDDLEWARE OUTER] GET http://localhost:8002/api/v1/users/debug/check
[MIDDLEWARE OUTER] GET http://localhost:8002/api/v1/users/debug/check
[MIDDLEWARE OUTER] GET http://localhost:8002/api/v1/users/debug/check
[MIDDLEWARE OUTER] GET http://localhost:8002/api/v1/users/debug/check
[MIDDLEWARE OUTER] GET http://localhost:8002/api/v1/users/debug/check
[MIDDLEWARE OUTER] GET http://localhost:8002/api/v1/users/debug/check
[MIDDLEWARE OUTER] GET http://localhost:8002/api/v1/users/debug/check
[MIDDLEWARE OUTER] GET http://localhost:8002/api/v1/users/debug/check
[MIDDLEWARE OUTER] GET http://localhost:8002/api/v1/users/debug/check
[MIDDLEWARE OUTER] GET http://localhost:8002/api/v1/users/debug/check
[MIDDLEWARE OUTER] GET http://localhost:8002/api/v1/users/debug/check
[MIDDLEWARE OUTER] GET http://localhost:8002/api/v1/users/debug/check
[MIDDLEWARE OUTER] GET http://localhost:8002/api/v1/users/debug/check
[MIDDLEWARE OUTER] GET http://localhost:8002/api/v1/users/debug/check
[MIDDLEWARE OUTER] GET http://localhost:8002/api/v1/users/debug/check
[MIDDLEWARE OUTER] GET http://localhost:8002/api/v1/users/debug/check
[MIDDLEWARE OUTER] GET http://localhost:8002/api/v1/users/debug/check
[MIDDLEWARE OUTER] GET http://localhost:8002/api/v1/users/debug/check
[MIDDLEWARE OUTER] GET http://localhost:8002/api/v1/users/debug/check
[MIDDLEWARE OUTER] GET http://localhost:8002/api/v1/users/debug/check
[MIDDLEWARE OUTER] GET http://localhost:8002/api/v1/users/debug/check
[MIDDLEWARE OUTER] GET http://localhost:8002/api/v1/users/debug/check
[MIDDLEWARE OUTER] GET http://localhost:8002/api/v1/users/debug/check
[MIDDLEWARE OUTER] GET http://localhost:8002/api/v1/users/debug/check
[MIDDLEWARE OUTER] GET http://localhost:8002/api/v1/users/debug/check
[MIDDLEWARE OUTER] GET http://localhost:8002/api/v1/users/debug/check
[MIDDLEWARE OUTER] GET http://localhost:8002/api/v1/users/debug/check
[MIDDLEWARE OUTER] GET http://localhost:8002/api/v1/users/debug/check
[MIDDLEWARE OUTER] GET http://localhost:8002/api/v1/users/debug/check
[MIDDLEWARE OUTER] GET http://localhost:8002/api/v1/users/debug/check
[MIDDLEWARE OUTER] GET http://localhost:8002/api/v1/users/debug/check
[MIDDLEWARE OUTER] GET http://localhost:8002/api/v1/users/debug/check
[MIDDLEWARE OUTER] GET http://localhost:8002/api/v1/users/debug/check
[MIDDLEWARE OUTER] GET http://localhost:8002/api/v1/users/debug/check
[MIDDLEWARE OUTER] GET http://localhost:8002/api/v1/users/debug/check
[MIDDLEWARE OUTER] GET http://localhost:8002/api/v1/users/debug/check
[MIDDLEWARE OUTER] GET http://localhost:8002/api/v1/users/debug/check
[MIDDLEWARE OUTER] GET http://localhost:8002/api/v1/users/debug/check
[MIDDLEWARE OUTER] GET http://localhost:8002/api/v1/users/debug/check
[MIDDLEWARE OUTER] GET http://localhost:8002/api/v1/users/debug/check
[MIDDLEWARE OUTER] GET http://localhost:8002/api/v1/users/debug/check
[MIDDLEWARE OUTER] GET http://localhost:8002/api/v1/users/debug/check
[MIDDLEWARE OUTER] OPTIONS http://localhost:8002/api/v1/materials/27/history
[MIDDLEWARE OUTER] GET http://localhost:8002/api/v1/materials/27/history
[MIDDLEWARE OUTER] GET http://localhost:8002/api/v1/users/debug/check
[MIDDLEWARE OUTER] GET http://localhost:8002/api/v1/users/debug/check
[MIDDLEWARE OUTER] GET http://localhost:8002/api/v1/users/debug/check
[MIDDLEWARE OUTER] OPTIONS http://localhost:8002/api/v1/requisitions/90b2c5ac-d82b-48c6-a816-321c6b94760a
[MIDDLEWARE OUTER] GET http://localhost:8002/api/v1/requisitions/90b2c5ac-d82b-48c6-a816-321c6b94760a
[MIDDLEWARE OUTER] GET http://localhost:8002/api/v1/requisitions
[MIDDLEWARE OUTER] GET http://localhost:8002/api/v1/users/debug/check
[MIDDLEWARE OUTER] GET http://localhost:8002/api/v1/requisitions/inbox
[MIDDLEWARE OUTER] GET http://localhost:8002/api/v1/requisitions
[MIDDLEWARE OUTER] GET http://localhost:8002/api/v1/users/debug/check
[MIDDLEWARE OUTER] GET http://localhost:8002/api/v1/requisitions/inbox
[MIDDLEWARE OUTER] GET http://localhost:8002/api/v1/cycle-counts
[MIDDLEWARE OUTER] GET http://localhost:8002/api/v1/cycle-counts/
[MIDDLEWARE OUTER] POST http://localhost:8002/api/v1/cycle-counts
[MIDDLEWARE OUTER] POST http://localhost:8002/api/v1/cycle-counts/
[MIDDLEWARE OUTER] OPTIONS http://localhost:8002/api/v1/cycle-counts/39b5da93-a2fa-498e-9456-5cbb5adcf8f6
[MIDDLEWARE OUTER] GET http://localhost:8002/api/v1/materials/
[MIDDLEWARE OUTER] GET http://localhost:8002/api/v1/users/debug/check
[MIDDLEWARE OUTER] GET http://localhost:8002/api/v1/cycle-counts/39b5da93-a2fa-498e-9456-5cbb5adcf8f6
[MIDDLEWARE OUTER] OPTIONS http://localhost:8002/api/v1/users/
[MIDDLEWARE OUTER] POST http://localhost:8002/api/v1/users/
[MIDDLEWARE OUTER] OPTIONS http://localhost:8002/api/v1/users/a16cf5de-8f64-4e69-9fc6-4b3a3c0cfbc2/impersonate
[MIDDLEWARE OUTER] POST http://localhost:8002/api/v1/users/a16cf5de-8f64-4e69-9fc6-4b3a3c0cfbc2/impersonate
[MIDDLEWARE OUTER] OPTIONS http://localhost:8002/api/v1/users/debug/check
[MIDDLEWARE OUTER] OPTIONS http://localhost:8002/api/v1/users/debug/check
[MIDDLEWARE OUTER] OPTIONS http://localhost:8002/api/v1/users/debug/check
[MIDDLEWARE OUTER] GET http://localhost:8002/api/v1/users/debug/check
[MIDDLEWARE OUTER] GET http://localhost:8002/api/v1/users/debug/check
[MIDDLEWARE OUTER] GET http://localhost:8002/api/v1/users/debug/check
[MIDDLEWARE OUTER] GET http://localhost:8002/api/v1/users/debug/check
[MIDDLEWARE OUTER] GET http://localhost:8002/api/v1/users/debug/check
[MIDDLEWARE OUTER] GET http://localhost:8002/api/v1/users/debug/check
[MIDDLEWARE OUTER] GET http://localhost:8002/api/v1/users/debug/check
[MIDDLEWARE OUTER] GET http://localhost:8002/api/v1/users/debug/check
[MIDDLEWARE OUTER] GET http://localhost:8002/api/v1/users/debug/check
[MIDDLEWARE OUTER] GET http://localhost:8002/api/v1/users/debug/check
[MIDDLEWARE OUTER] GET http://localhost:8002/api/v1/users/debug/check
[MIDDLEWARE OUTER] GET http://localhost:8002/api/v1/users/debug/check
[MIDDLEWARE OUTER] GET http://localhost:8002/api/v1/users/debug/check
[MIDDLEWARE OUTER] GET http://localhost:8002/api/v1/users/debug/check
[MIDDLEWARE OUTER] GET http://localhost:8002/api/v1/users/debug/check
[MIDDLEWARE OUTER] GET http://localhost:8002/api/v1/users/debug/check
[MIDDLEWARE OUTER] GET http://localhost:8002/api/v1/users/debug/check
[MIDDLEWARE OUTER] GET http://localhost:8002/api/v1/users/debug/check
[MIDDLEWARE OUTER] OPTIONS http://localhost:8002/api/v1/cycle-counts
[MIDDLEWARE OUTER] GET http://localhost:8002/api/v1/cycle-counts
[MIDDLEWARE OUTER] OPTIONS http://localhost:8002/api/v1/cycle-counts/
[MIDDLEWARE OUTER] GET http://localhost:8002/api/v1/cycle-counts/
[MIDDLEWARE OUTER] GET http://localhost:8002/api/v1/users/debug/check
[MIDDLEWARE OUTER] GET http://localhost:8002/api/v1/users/debug/check
[MIDDLEWARE OUTER] GET http://localhost:8002/api/v1/users/debug/check
[MIDDLEWARE OUTER] GET http://localhost:8002/api/v1/users/debug/check
[MIDDLEWARE OUTER] GET http://localhost:8002/api/v1/users/debug/check
[MIDDLEWARE OUTER] GET http://localhost:8002/api/v1/users/debug/check
[MIDDLEWARE OUTER] GET http://localhost:8002/api/v1/users/debug/check
[MIDDLEWARE OUTER] GET http://localhost:8002/api/v1/users/debug/check
[MIDDLEWARE OUTER] GET http://localhost:8002/api/v1/users/debug/check
[MIDDLEWARE OUTER] GET http://localhost:8002/api/v1/users/debug/check
[MIDDLEWARE OUTER] GET http://localhost:8002/api/v1/users/debug/check
[MIDDLEWARE OUTER] GET http://localhost:8002/api/v1/users/debug/check
[MIDDLEWARE OUTER] GET http://localhost:8002/api/v1/users/debug/check
[MIDDLEWARE OUTER] GET http://localhost:8002/api/v1/users/debug/check
[MIDDLEWARE OUTER] GET http://localhost:8002/api/v1/users/debug/check
[MIDDLEWARE OUTER] GET http://localhost:8002/api/v1/users/debug/check
[MIDDLEWARE OUTER] GET http://localhost:8002/api/v1/users/debug/check
[MIDDLEWARE OUTER] GET http://localhost:8002/api/v1/users/debug/check
[MIDDLEWARE OUTER] POST http://localhost:8002/api/v1/cycle-counts
[MIDDLEWARE OUTER] POST http://localhost:8002/api/v1/cycle-counts/
[MIDDLEWARE OUTER] OPTIONS http://localhost:8002/api/v1/cycle-counts/5b2f767b-9f22-453f-9736-d1d301f99492
[MIDDLEWARE OUTER] OPTIONS http://localhost:8002/api/v1/materials/
[MIDDLEWARE OUTER] GET http://localhost:8002/api/v1/users/debug/check
[MIDDLEWARE OUTER] GET http://localhost:8002/api/v1/cycle-counts/5b2f767b-9f22-453f-9736-d1d301f99492
[MIDDLEWARE OUTER] GET http://localhost:8002/api/v1/materials/
[MIDDLEWARE OUTER] GET http://localhost:8002/api/v1/cycle-counts/5b2f767b-9f22-453f-9736-d1d301f99492
[MIDDLEWARE OUTER] GET http://localhost:8002/api/v1/users/debug/check
[MIDDLEWARE OUTER] GET http://localhost:8002/api/v1/materials/
[MIDDLEWARE OUTER] OPTIONS http://localhost:8002/api/v1/cycle-counts/5b2f767b-9f22-453f-9736-d1d301f99492/lines
[MIDDLEWARE OUTER] POST http://localhost:8002/api/v1/cycle-counts/5b2f767b-9f22-453f-9736-d1d301f99492/lines
[MIDDLEWARE OUTER] POST http://localhost:8002/api/v1/cycle-counts/5b2f767b-9f22-453f-9736-d1d301f99492/lines
[MIDDLEWARE OUTER] POST http://localhost:8002/api/v1/cycle-counts/5b2f767b-9f22-453f-9736-d1d301f99492/lines
[MIDDLEWARE OUTER] POST http://localhost:8002/api/v1/cycle-counts/5b2f767b-9f22-453f-9736-d1d301f99492/lines
[MIDDLEWARE OUTER] POST http://localhost:8002/api/v1/cycle-counts/5b2f767b-9f22-453f-9736-d1d301f99492/lines
[MIDDLEWARE OUTER] POST http://localhost:8002/api/v1/cycle-counts/5b2f767b-9f22-453f-9736-d1d301f99492/lines
[MIDDLEWARE OUTER] OPTIONS http://localhost:8002/api/v1/cycle-counts/5b2f767b-9f22-453f-9736-d1d301f99492
[MIDDLEWARE OUTER] OPTIONS http://localhost:8002/api/v1/materials/
[MIDDLEWARE OUTER] OPTIONS http://localhost:8002/api/v1/users/debug/check
[MIDDLEWARE OUTER] GET http://localhost:8002/api/v1/cycle-counts/5b2f767b-9f22-453f-9736-d1d301f99492
[MIDDLEWARE OUTER] GET http://localhost:8002/api/v1/materials/
[MIDDLEWARE OUTER] GET http://localhost:8002/api/v1/users/debug/check

[SYSTEM] SERVER RESTARTED AT 2026-01-19 17:38:15
[MIDDLEWARE OUTER] GET http://127.0.0.1:8002/docs
[MIDDLEWARE OUTER] GET http://127.0.0.1:8002/api/v1/openapi.json
[MIDDLEWARE OUTER] OPTIONS http://localhost:8002/api/v1/cycle-counts
[MIDDLEWARE OUTER] POST http://localhost:8002/api/v1/cycle-counts
[MIDDLEWARE OUTER] OPTIONS http://localhost:8002/api/v1/cycle-counts/
[MIDDLEWARE OUTER] POST http://localhost:8002/api/v1/cycle-counts/
[MIDDLEWARE OUTER] OPTIONS http://localhost:8002/api/v1/cycle-counts/f7ffcbca-68d3-44a0-bbc4-7928a6090179
[MIDDLEWARE OUTER] GET http://localhost:8002/api/v1/materials/
[MIDDLEWARE OUTER] GET http://localhost:8002/api/v1/users/debug/check
[MIDDLEWARE OUTER] GET http://localhost:8002/api/v1/cycle-counts/f7ffcbca-68d3-44a0-bbc4-7928a6090179
[MIDDLEWARE CRASH] [WinError 10035] No se puede completar de forma inmediata una operación de desbloqueo de socket
Traceback (most recent call last):
  File "C:\Users\Ivan.Corona\AppData\Local\Programs\Python\Python314\Lib\site-packages\httpx\_transports\default.py", line 101, in map_httpcore_exceptions
    yield
  File "C:\Users\Ivan.Corona\AppData\Local\Programs\Python\Python314\Lib\site-packages\httpx\_transports\default.py", line 250, in handle_request
    resp = self._pool.handle_request(req)
  File "C:\Users\Ivan.Corona\AppData\Local\Programs\Python\Python314\Lib\site-packages\httpcore\_sync\connection_pool.py", line 256, in handle_request
    raise exc from None
  File "C:\Users\Ivan.Corona\AppData\Local\Programs\Python\Python314\Lib\site-packages\httpcore\_sync\connection_pool.py", line 236, in handle_request
    response = connection.handle_request(
        pool_request.request
    )
  File "C:\Users\Ivan.Corona\AppData\Local\Programs\Python\Python314\Lib\site-packages\httpcore\_sync\connection.py", line 103, in handle_request
    return self._connection.handle_request(request)
           ~~~~~~~~~~~~~~~~~~~~~~~~~~~~~~~^^^^^^^^^
  File "C:\Users\Ivan.Corona\AppData\Local\Programs\Python\Python314\Lib\site-packages\httpcore\_sync\http2.py", line 187, in handle_request
    raise exc
  File "C:\Users\Ivan.Corona\AppData\Local\Programs\Python\Python314\Lib\site-packages\httpcore\_sync\http2.py", line 150, in handle_request
    status, headers = self._receive_response(
                      ~~~~~~~~~~~~~~~~~~~~~~^
        request=request, stream_id=stream_id
        ^^^^^^^^^^^^^^^^^^^^^^^^^^^^^^^^^^^^
    )
    ^
  File "C:\Users\Ivan.Corona\AppData\Local\Programs\Python\Python314\Lib\site-packages\httpcore\_sync\http2.py", line 294, in _receive_response
    event = self._receive_stream_event(request, stream_id)
  File "C:\Users\Ivan.Corona\AppData\Local\Programs\Python\Python314\Lib\site-packages\httpcore\_sync\http2.py", line 336, in _receive_stream_event
    self._receive_events(request, stream_id)
    ~~~~~~~~~~~~~~~~~~~~^^^^^^^^^^^^^^^^^^^^
  File "C:\Users\Ivan.Corona\AppData\Local\Programs\Python\Python314\Lib\site-packages\httpcore\_sync\http2.py", line 364, in _receive_events
    events = self._read_incoming_data(request)
  File "C:\Users\Ivan.Corona\AppData\Local\Programs\Python\Python314\Lib\site-packages\httpcore\_sync\http2.py", line 438, in _read_incoming_data
    raise self._read_exception  # pragma: nocover
    ^^^^^^^^^^^^^^^^^^^^^^^^^^
  File "C:\Users\Ivan.Corona\AppData\Local\Programs\Python\Python314\Lib\site-packages\httpx\_transports\default.py", line 101, in map_httpcore_exceptions
    yield
  File "C:\Users\Ivan.Corona\AppData\Local\Programs\Python\Python314\Lib\site-packages\httpx\_transports\default.py", line 250, in handle_request
    resp = self._pool.handle_request(req)
  File "C:\Users\Ivan.Corona\AppData\Local\Programs\Python\Python314\Lib\site-packages\httpcore\_sync\connection_pool.py", line 256, in handle_request
    raise exc from None
  File "C:\Users\Ivan.Corona\AppData\Local\Programs\Python\Python314\Lib\site-packages\httpcore\_sync\connection_pool.py", line 236, in handle_request
    response = connection.handle_request(
        pool_request.request
    )
  File "C:\Users\Ivan.Corona\AppData\Local\Programs\Python\Python314\Lib\site-packages\httpcore\_sync\connection.py", line 103, in handle_request
    return self._connection.handle_request(request)
           ~~~~~~~~~~~~~~~~~~~~~~~~~~~~~~~^^^^^^^^^
  File "C:\Users\Ivan.Corona\AppData\Local\Programs\Python\Python314\Lib\site-packages\httpcore\_sync\http2.py", line 187, in handle_request
    raise exc
  File "C:\Users\Ivan.Corona\AppData\Local\Programs\Python\Python314\Lib\site-packages\httpcore\_sync\http2.py", line 150, in handle_request
    status, headers = self._receive_response(
                      ~~~~~~~~~~~~~~~~~~~~~~^
        request=request, stream_id=stream_id
        ^^^^^^^^^^^^^^^^^^^^^^^^^^^^^^^^^^^^
    )
    ^
  File "C:\Users\Ivan.Corona\AppData\Local\Programs\Python\Python314\Lib\site-packages\httpcore\_sync\http2.py", line 294, in _receive_response
    event = self._receive_stream_event(request, stream_id)
  File "C:\Users\Ivan.Corona\AppData\Local\Programs\Python\Python314\Lib\site-packages\httpcore\_sync\http2.py", line 336, in _receive_stream_event
    self._receive_events(request, stream_id)
    ~~~~~~~~~~~~~~~~~~~~^^^^^^^^^^^^^^^^^^^^
  File "C:\Users\Ivan.Corona\AppData\Local\Programs\Python\Python314\Lib\site-packages\httpcore\_sync\http2.py", line 364, in _receive_events
    events = self._read_incoming_data(request)
  File "C:\Users\Ivan.Corona\AppData\Local\Programs\Python\Python314\Lib\site-packages\httpcore\_sync\http2.py", line 455, in _read_incoming_data
    raise exc
  File "C:\Users\Ivan.Corona\AppData\Local\Programs\Python\Python314\Lib\site-packages\httpcore\_sync\http2.py", line 441, in _read_incoming_data
    data = self._network_stream.read(self.READ_NUM_BYTES, timeout)
  File "C:\Users\Ivan.Corona\AppData\Local\Programs\Python\Python314\Lib\site-packages\httpcore\_backends\sync.py", line 126, in read
    with map_exceptions(exc_map):
         ~~~~~~~~~~~~~~^^^^^^^^^
  File "C:\Users\Ivan.Corona\AppData\Local\Programs\Python\Python314\Lib\contextlib.py", line 162, in __exit__
    self.gen.throw(value)
    ~~~~~~~~~~~~~~^^^^^^^
  File "C:\Users\Ivan.Corona\AppData\Local\Programs\Python\Python314\Lib\site-packages\httpcore\_exceptions.py", line 14, in map_exceptions
    raise to_exc(exc) from exc
httpcore.ReadError: [WinError 10035] No se puede completar de forma inmediata una operación de desbloqueo de socket

The above exception was the direct cause of the following exception:

Traceback (most recent call last):
  File "C:\Users\Ivan.Corona\.gemini\antigravity\scratch\toolcrib\app\main.py", line 51, in dispatch
    response = await call_next(request)
               ^^^^^^^^^^^^^^^^^^^^^^^^
  File "C:\Users\Ivan.Corona\AppData\Local\Programs\Python\Python314\Lib\site-packages\starlette\middleware\base.py", line 168, in call_next
    raise app_exc from app_exc.__cause__ or app_exc.__context__
  File "C:\Users\Ivan.Corona\AppData\Local\Programs\Python\Python314\Lib\site-packages\starlette\middleware\base.py", line 144, in coro
    await self.app(scope, receive_or_disconnect, send_no_error)
  File "C:\Users\Ivan.Corona\AppData\Local\Programs\Python\Python314\Lib\site-packages\starlette\middleware\cors.py", line 93, in __call__
    await self.simple_response(scope, receive, send, request_headers=headers)
  File "C:\Users\Ivan.Corona\AppData\Local\Programs\Python\Python314\Lib\site-packages\starlette\middleware\cors.py", line 144, in simple_response
    await self.app(scope, receive, send)
  File "C:\Users\Ivan.Corona\AppData\Local\Programs\Python\Python314\Lib\site-packages\starlette\middleware\exceptions.py", line 63, in __call__
    await wrap_app_handling_exceptions(self.app, conn)(scope, receive, send)
  File "C:\Users\Ivan.Corona\AppData\Local\Programs\Python\Python314\Lib\site-packages\starlette\_exception_handler.py", line 53, in wrapped_app
    raise exc
  File "C:\Users\Ivan.Corona\AppData\Local\Programs\Python\Python314\Lib\site-packages\starlette\_exception_handler.py", line 42, in wrapped_app
    await app(scope, receive, sender)
  File "C:\Users\Ivan.Corona\AppData\Local\Programs\Python\Python314\Lib\site-packages\fastapi\middleware\asyncexitstack.py", line 18, in __call__
    await self.app(scope, receive, send)
  File "C:\Users\Ivan.Corona\AppData\Local\Programs\Python\Python314\Lib\site-packages\starlette\routing.py", line 716, in __call__
    await self.middleware_stack(scope, receive, send)
  File "C:\Users\Ivan.Corona\AppData\Local\Programs\Python\Python314\Lib\site-packages\starlette\routing.py", line 736, in app
    await route.handle(scope, receive, send)
  File "C:\Users\Ivan.Corona\AppData\Local\Programs\Python\Python314\Lib\site-packages\starlette\routing.py", line 290, in handle
    await self.app(scope, receive, send)
  File "C:\Users\Ivan.Corona\AppData\Local\Programs\Python\Python314\Lib\site-packages\fastapi\routing.py", line 120, in app
    await wrap_app_handling_exceptions(app, request)(scope, receive, send)
  File "C:\Users\Ivan.Corona\AppData\Local\Programs\Python\Python314\Lib\site-packages\starlette\_exception_handler.py", line 53, in wrapped_app
    raise exc
  File "C:\Users\Ivan.Corona\AppData\Local\Programs\Python\Python314\Lib\site-packages\starlette\_exception_handler.py", line 42, in wrapped_app
    await app(scope, receive, sender)
  File "C:\Users\Ivan.Corona\AppData\Local\Programs\Python\Python314\Lib\site-packages\fastapi\routing.py", line 106, in app
    response = await f(request)
               ^^^^^^^^^^^^^^^^
  File "C:\Users\Ivan.Corona\AppData\Local\Programs\Python\Python314\Lib\site-packages\fastapi\routing.py", line 430, in app
    raw_response = await run_endpoint_function(
                   ^^^^^^^^^^^^^^^^^^^^^^^^^^^^
    ...<3 lines>...
    )
    ^
  File "C:\Users\Ivan.Corona\AppData\Local\Programs\Python\Python314\Lib\site-packages\fastapi\routing.py", line 318, in run_endpoint_function
    return await run_in_threadpool(dependant.call, **values)
           ^^^^^^^^^^^^^^^^^^^^^^^^^^^^^^^^^^^^^^^^^^^^^^^^^
  File "C:\Users\Ivan.Corona\AppData\Local\Programs\Python\Python314\Lib\site-packages\starlette\concurrency.py", line 32, in run_in_threadpool
    return await anyio.to_thread.run_sync(func)
           ^^^^^^^^^^^^^^^^^^^^^^^^^^^^^^^^^^^^
  File "C:\Users\Ivan.Corona\AppData\Local\Programs\Python\Python314\Lib\site-packages\anyio\to_thread.py", line 61, in run_sync
    return await get_async_backend().run_sync_in_worker_thread(
           ^^^^^^^^^^^^^^^^^^^^^^^^^^^^^^^^^^^^^^^^^^^^^^^^^^^^
        func, args, abandon_on_cancel=abandon_on_cancel, limiter=limiter
        ^^^^^^^^^^^^^^^^^^^^^^^^^^^^^^^^^^^^^^^^^^^^^^^^^^^^^^^^^^^^^^^^
    )
    ^
  File "C:\Users\Ivan.Corona\AppData\Local\Programs\Python\Python314\Lib\site-packages\anyio\_backends\_asyncio.py", line 2525, in run_sync_in_worker_thread
    return await future
           ^^^^^^^^^^^^
  File "C:\Users\Ivan.Corona\AppData\Local\Programs\Python\Python314\Lib\site-packages\anyio\_backends\_asyncio.py", line 986, in run
    result = context.run(func, *args)
  File "C:\Users\Ivan.Corona\.gemini\antigravity\scratch\toolcrib\app\api\v1\endpoints\cycle_counts.py", line 35, in get_session_detail
    return CycleCountService.get_session_by_id(id)
           ~~~~~~~~~~~~~~~~~~~~~~~~~~~~~~~~~~~^^^^
  File "C:\Users\Ivan.Corona\.gemini\antigravity\scratch\toolcrib\app\services\cycle_count_service.py", line 18, in get_session_by_id
    session_res = supabase_admin.table('cycle_count_sessions').select('*').eq('id', str(id)).single().execute()
  File "C:\Users\Ivan.Corona\AppData\Local\Programs\Python\Python314\Lib\site-packages\postgrest\_sync\request_builder.py", line 74, in execute
    r = self.request.send()
  File "C:\Users\Ivan.Corona\AppData\Local\Programs\Python\Python314\Lib\site-packages\postgrest\base_request_builder.py", line 81, in send
    return self.session.request(
           ~~~~~~~~~~~~~~~~~~~~^
        self.http_method,
        ^^^^^^^^^^^^^^^^^
    ...<4 lines>...
        auth=self.auth,
        ^^^^^^^^^^^^^^^
    )
    ^
  File "C:\Users\Ivan.Corona\AppData\Local\Programs\Python\Python314\Lib\site-packages\httpx\_client.py", line 825, in request
    return self.send(request, auth=auth, follow_redirects=follow_redirects)
           ~~~~~~~~~^^^^^^^^^^^^^^^^^^^^^^^^^^^^^^^^^^^^^^^^^^^^^^^^^^^^^^^
  File "C:\Users\Ivan.Corona\AppData\Local\Programs\Python\Python314\Lib\site-packages\httpx\_client.py", line 914, in send
    response = self._send_handling_auth(
        request,
    ...<2 lines>...
        history=[],
    )
  File "C:\Users\Ivan.Corona\AppData\Local\Programs\Python\Python314\Lib\site-packages\httpx\_client.py", line 942, in _send_handling_auth
    response = self._send_handling_redirects(
        request,
        follow_redirects=follow_redirects,
        history=history,
    )
  File "C:\Users\Ivan.Corona\AppData\Local\Programs\Python\Python314\Lib\site-packages\httpx\_client.py", line 979, in _send_handling_redirects
    response = self._send_single_request(request)
  File "C:\Users\Ivan.Corona\AppData\Local\Programs\Python\Python314\Lib\site-packages\httpx\_client.py", line 1014, in _send_single_request
    response = transport.handle_request(request)
  File "C:\Users\Ivan.Corona\AppData\Local\Programs\Python\Python314\Lib\site-packages\httpx\_transports\default.py", line 249, in handle_request
    with map_httpcore_exceptions():
         ~~~~~~~~~~~~~~~~~~~~~~~^^
  File "C:\Users\Ivan.Corona\AppData\Local\Programs\Python\Python314\Lib\contextlib.py", line 162, in __exit__
    self.gen.throw(value)
    ~~~~~~~~~~~~~~^^^^^^^
  File "C:\Users\Ivan.Corona\AppData\Local\Programs\Python\Python314\Lib\site-packages\httpx\_transports\default.py", line 118, in map_httpcore_exceptions
    raise mapped_exc(message) from exc
httpx.ReadError: [WinError 10035] No se puede completar de forma inmediata una operación de desbloqueo de socket

[MIDDLEWARE CRASH] [WinError 10035] No se puede completar de forma inmediata una operación de desbloqueo de socket
Traceback (most recent call last):
  File "C:\Users\Ivan.Corona\AppData\Local\Programs\Python\Python314\Lib\site-packages\httpx\_transports\default.py", line 101, in map_httpcore_exceptions
    yield
  File "C:\Users\Ivan.Corona\AppData\Local\Programs\Python\Python314\Lib\site-packages\httpx\_transports\default.py", line 250, in handle_request
    resp = self._pool.handle_request(req)
  File "C:\Users\Ivan.Corona\AppData\Local\Programs\Python\Python314\Lib\site-packages\httpcore\_sync\connection_pool.py", line 256, in handle_request
    raise exc from None
  File "C:\Users\Ivan.Corona\AppData\Local\Programs\Python\Python314\Lib\site-packages\httpcore\_sync\connection_pool.py", line 236, in handle_request
    response = connection.handle_request(
        pool_request.request
    )
  File "C:\Users\Ivan.Corona\AppData\Local\Programs\Python\Python314\Lib\site-packages\httpcore\_sync\connection.py", line 103, in handle_request
    return self._connection.handle_request(request)
           ~~~~~~~~~~~~~~~~~~~~~~~~~~~~~~~^^^^^^^^^
  File "C:\Users\Ivan.Corona\AppData\Local\Programs\Python\Python314\Lib\site-packages\httpcore\_sync\http2.py", line 187, in handle_request
    raise exc
  File "C:\Users\Ivan.Corona\AppData\Local\Programs\Python\Python314\Lib\site-packages\httpcore\_sync\http2.py", line 150, in handle_request
    status, headers = self._receive_response(
                      ~~~~~~~~~~~~~~~~~~~~~~^
        request=request, stream_id=stream_id
        ^^^^^^^^^^^^^^^^^^^^^^^^^^^^^^^^^^^^
    )
    ^
  File "C:\Users\Ivan.Corona\AppData\Local\Programs\Python\Python314\Lib\site-packages\httpcore\_sync\http2.py", line 294, in _receive_response
    event = self._receive_stream_event(request, stream_id)
  File "C:\Users\Ivan.Corona\AppData\Local\Programs\Python\Python314\Lib\site-packages\httpcore\_sync\http2.py", line 336, in _receive_stream_event
    self._receive_events(request, stream_id)
    ~~~~~~~~~~~~~~~~~~~~^^^^^^^^^^^^^^^^^^^^
  File "C:\Users\Ivan.Corona\AppData\Local\Programs\Python\Python314\Lib\site-packages\httpcore\_sync\http2.py", line 364, in _receive_events
    events = self._read_incoming_data(request)
  File "C:\Users\Ivan.Corona\AppData\Local\Programs\Python\Python314\Lib\site-packages\httpcore\_sync\http2.py", line 438, in _read_incoming_data
    raise self._read_exception  # pragma: nocover
    ^^^^^^^^^^^^^^^^^^^^^^^^^^
  File "C:\Users\Ivan.Corona\AppData\Local\Programs\Python\Python314\Lib\site-packages\httpx\_transports\default.py", line 101, in map_httpcore_exceptions
    yield
  File "C:\Users\Ivan.Corona\AppData\Local\Programs\Python\Python314\Lib\site-packages\httpx\_transports\default.py", line 250, in handle_request
    resp = self._pool.handle_request(req)
  File "C:\Users\Ivan.Corona\AppData\Local\Programs\Python\Python314\Lib\site-packages\httpcore\_sync\connection_pool.py", line 256, in handle_request
    raise exc from None
  File "C:\Users\Ivan.Corona\AppData\Local\Programs\Python\Python314\Lib\site-packages\httpcore\_sync\connection_pool.py", line 236, in handle_request
    response = connection.handle_request(
        pool_request.request
    )
  File "C:\Users\Ivan.Corona\AppData\Local\Programs\Python\Python314\Lib\site-packages\httpcore\_sync\connection.py", line 103, in handle_request
    return self._connection.handle_request(request)
           ~~~~~~~~~~~~~~~~~~~~~~~~~~~~~~~^^^^^^^^^
  File "C:\Users\Ivan.Corona\AppData\Local\Programs\Python\Python314\Lib\site-packages\httpcore\_sync\http2.py", line 187, in handle_request
    raise exc
  File "C:\Users\Ivan.Corona\AppData\Local\Programs\Python\Python314\Lib\site-packages\httpcore\_sync\http2.py", line 150, in handle_request
    status, headers = self._receive_response(
                      ~~~~~~~~~~~~~~~~~~~~~~^
        request=request, stream_id=stream_id
        ^^^^^^^^^^^^^^^^^^^^^^^^^^^^^^^^^^^^
    )
    ^
  File "C:\Users\Ivan.Corona\AppData\Local\Programs\Python\Python314\Lib\site-packages\httpcore\_sync\http2.py", line 294, in _receive_response
    event = self._receive_stream_event(request, stream_id)
  File "C:\Users\Ivan.Corona\AppData\Local\Programs\Python\Python314\Lib\site-packages\httpcore\_sync\http2.py", line 336, in _receive_stream_event
    self._receive_events(request, stream_id)
    ~~~~~~~~~~~~~~~~~~~~^^^^^^^^^^^^^^^^^^^^
  File "C:\Users\Ivan.Corona\AppData\Local\Programs\Python\Python314\Lib\site-packages\httpcore\_sync\http2.py", line 364, in _receive_events
    events = self._read_incoming_data(request)
  File "C:\Users\Ivan.Corona\AppData\Local\Programs\Python\Python314\Lib\site-packages\httpcore\_sync\http2.py", line 455, in _read_incoming_data
    raise exc
  File "C:\Users\Ivan.Corona\AppData\Local\Programs\Python\Python314\Lib\site-packages\httpcore\_sync\http2.py", line 441, in _read_incoming_data
    data = self._network_stream.read(self.READ_NUM_BYTES, timeout)
  File "C:\Users\Ivan.Corona\AppData\Local\Programs\Python\Python314\Lib\site-packages\httpcore\_backends\sync.py", line 126, in read
    with map_exceptions(exc_map):
         ~~~~~~~~~~~~~~^^^^^^^^^
  File "C:\Users\Ivan.Corona\AppData\Local\Programs\Python\Python314\Lib\contextlib.py", line 162, in __exit__
    self.gen.throw(value)
    ~~~~~~~~~~~~~~^^^^^^^
  File "C:\Users\Ivan.Corona\AppData\Local\Programs\Python\Python314\Lib\site-packages\httpcore\_exceptions.py", line 14, in map_exceptions
    raise to_exc(exc) from exc
httpcore.ReadError: [WinError 10035] No se puede completar de forma inmediata una operación de desbloqueo de socket

The above exception was the direct cause of the following exception:

Traceback (most recent call last):
  File "C:\Users\Ivan.Corona\.gemini\antigravity\scratch\toolcrib\app\main.py", line 51, in dispatch
    response = await call_next(request)
               ^^^^^^^^^^^^^^^^^^^^^^^^
  File "C:\Users\Ivan.Corona\AppData\Local\Programs\Python\Python314\Lib\site-packages\starlette\middleware\base.py", line 168, in call_next
    raise app_exc from app_exc.__cause__ or app_exc.__context__
  File "C:\Users\Ivan.Corona\AppData\Local\Programs\Python\Python314\Lib\site-packages\starlette\middleware\base.py", line 144, in coro
    await self.app(scope, receive_or_disconnect, send_no_error)
  File "C:\Users\Ivan.Corona\AppData\Local\Programs\Python\Python314\Lib\site-packages\starlette\middleware\cors.py", line 93, in __call__
    await self.simple_response(scope, receive, send, request_headers=headers)
  File "C:\Users\Ivan.Corona\AppData\Local\Programs\Python\Python314\Lib\site-packages\starlette\middleware\cors.py", line 144, in simple_response
    await self.app(scope, receive, send)
  File "C:\Users\Ivan.Corona\AppData\Local\Programs\Python\Python314\Lib\site-packages\starlette\middleware\exceptions.py", line 63, in __call__
    await wrap_app_handling_exceptions(self.app, conn)(scope, receive, send)
  File "C:\Users\Ivan.Corona\AppData\Local\Programs\Python\Python314\Lib\site-packages\starlette\_exception_handler.py", line 53, in wrapped_app
    raise exc
  File "C:\Users\Ivan.Corona\AppData\Local\Programs\Python\Python314\Lib\site-packages\starlette\_exception_handler.py", line 42, in wrapped_app
    await app(scope, receive, sender)
  File "C:\Users\Ivan.Corona\AppData\Local\Programs\Python\Python314\Lib\site-packages\fastapi\middleware\asyncexitstack.py", line 18, in __call__
    await self.app(scope, receive, send)
  File "C:\Users\Ivan.Corona\AppData\Local\Programs\Python\Python314\Lib\site-packages\starlette\routing.py", line 716, in __call__
    await self.middleware_stack(scope, receive, send)
  File "C:\Users\Ivan.Corona\AppData\Local\Programs\Python\Python314\Lib\site-packages\starlette\routing.py", line 736, in app
    await route.handle(scope, receive, send)
  File "C:\Users\Ivan.Corona\AppData\Local\Programs\Python\Python314\Lib\site-packages\starlette\routing.py", line 290, in handle
    await self.app(scope, receive, send)
  File "C:\Users\Ivan.Corona\AppData\Local\Programs\Python\Python314\Lib\site-packages\fastapi\routing.py", line 120, in app
    await wrap_app_handling_exceptions(app, request)(scope, receive, send)
  File "C:\Users\Ivan.Corona\AppData\Local\Programs\Python\Python314\Lib\site-packages\starlette\_exception_handler.py", line 53, in wrapped_app
    raise exc
  File "C:\Users\Ivan.Corona\AppData\Local\Programs\Python\Python314\Lib\site-packages\starlette\_exception_handler.py", line 42, in wrapped_app
    await app(scope, receive, sender)
  File "C:\Users\Ivan.Corona\AppData\Local\Programs\Python\Python314\Lib\site-packages\fastapi\routing.py", line 106, in app
    response = await f(request)
               ^^^^^^^^^^^^^^^^
  File "C:\Users\Ivan.Corona\AppData\Local\Programs\Python\Python314\Lib\site-packages\fastapi\routing.py", line 430, in app
    raw_response = await run_endpoint_function(
                   ^^^^^^^^^^^^^^^^^^^^^^^^^^^^
    ...<3 lines>...
    )
    ^
  File "C:\Users\Ivan.Corona\AppData\Local\Programs\Python\Python314\Lib\site-packages\fastapi\routing.py", line 318, in run_endpoint_function
    return await run_in_threadpool(dependant.call, **values)
           ^^^^^^^^^^^^^^^^^^^^^^^^^^^^^^^^^^^^^^^^^^^^^^^^^
  File "C:\Users\Ivan.Corona\AppData\Local\Programs\Python\Python314\Lib\site-packages\starlette\concurrency.py", line 32, in run_in_threadpool
    return await anyio.to_thread.run_sync(func)
           ^^^^^^^^^^^^^^^^^^^^^^^^^^^^^^^^^^^^
  File "C:\Users\Ivan.Corona\AppData\Local\Programs\Python\Python314\Lib\site-packages\anyio\to_thread.py", line 61, in run_sync
    return await get_async_backend().run_sync_in_worker_thread(
           ^^^^^^^^^^^^^^^^^^^^^^^^^^^^^^^^^^^^^^^^^^^^^^^^^^^^
        func, args, abandon_on_cancel=abandon_on_cancel, limiter=limiter
        ^^^^^^^^^^^^^^^^^^^^^^^^^^^^^^^^^^^^^^^^^^^^^^^^^^^^^^^^^^^^^^^^
    )
    ^
  File "C:\Users\Ivan.Corona\AppData\Local\Programs\Python\Python314\Lib\site-packages\anyio\_backends\_asyncio.py", line 2525, in run_sync_in_worker_thread
    return await future
           ^^^^^^^^^^^^
  File "C:\Users\Ivan.Corona\AppData\Local\Programs\Python\Python314\Lib\site-packages\anyio\_backends\_asyncio.py", line 986, in run
    result = context.run(func, *args)
  File "C:\Users\Ivan.Corona\.gemini\antigravity\scratch\toolcrib\app\api\v1\endpoints\materials.py", line 20, in read_materials
    res = supabase_admin.table('materials').select('*').range(skip, skip + limit - 1).execute()
  File "C:\Users\Ivan.Corona\AppData\Local\Programs\Python\Python314\Lib\site-packages\postgrest\_sync\request_builder.py", line 47, in execute
    r = self.request.send()
  File "C:\Users\Ivan.Corona\AppData\Local\Programs\Python\Python314\Lib\site-packages\postgrest\base_request_builder.py", line 81, in send
    return self.session.request(
           ~~~~~~~~~~~~~~~~~~~~^
        self.http_method,
        ^^^^^^^^^^^^^^^^^
    ...<4 lines>...
        auth=self.auth,
        ^^^^^^^^^^^^^^^
    )
    ^
  File "C:\Users\Ivan.Corona\AppData\Local\Programs\Python\Python314\Lib\site-packages\httpx\_client.py", line 825, in request
    return self.send(request, auth=auth, follow_redirects=follow_redirects)
           ~~~~~~~~~^^^^^^^^^^^^^^^^^^^^^^^^^^^^^^^^^^^^^^^^^^^^^^^^^^^^^^^
  File "C:\Users\Ivan.Corona\AppData\Local\Programs\Python\Python314\Lib\site-packages\httpx\_client.py", line 914, in send
    response = self._send_handling_auth(
        request,
    ...<2 lines>...
        history=[],
    )
  File "C:\Users\Ivan.Corona\AppData\Local\Programs\Python\Python314\Lib\site-packages\httpx\_client.py", line 942, in _send_handling_auth
    response = self._send_handling_redirects(
        request,
        follow_redirects=follow_redirects,
        history=history,
    )
  File "C:\Users\Ivan.Corona\AppData\Local\Programs\Python\Python314\Lib\site-packages\httpx\_client.py", line 979, in _send_handling_redirects
    response = self._send_single_request(request)
  File "C:\Users\Ivan.Corona\AppData\Local\Programs\Python\Python314\Lib\site-packages\httpx\_client.py", line 1014, in _send_single_request
    response = transport.handle_request(request)
  File "C:\Users\Ivan.Corona\AppData\Local\Programs\Python\Python314\Lib\site-packages\httpx\_transports\default.py", line 249, in handle_request
    with map_httpcore_exceptions():
         ~~~~~~~~~~~~~~~~~~~~~~~^^
  File "C:\Users\Ivan.Corona\AppData\Local\Programs\Python\Python314\Lib\contextlib.py", line 162, in __exit__
    self.gen.throw(value)
    ~~~~~~~~~~~~~~^^^^^^^
  File "C:\Users\Ivan.Corona\AppData\Local\Programs\Python\Python314\Lib\site-packages\httpx\_transports\default.py", line 118, in map_httpcore_exceptions
    raise mapped_exc(message) from exc
httpx.ReadError: [WinError 10035] No se puede completar de forma inmediata una operación de desbloqueo de socket

[MIDDLEWARE OUTER] GET http://localhost:8002/api/v1/cycle-counts
[MIDDLEWARE OUTER] GET http://localhost:8002/api/v1/cycle-counts/
[MIDDLEWARE OUTER] GET http://localhost:8002/api/v1/cycle-counts/f7ffcbca-68d3-44a0-bbc4-7928a6090179
[MIDDLEWARE OUTER] GET http://localhost:8002/api/v1/materials/
[MIDDLEWARE OUTER] GET http://localhost:8002/api/v1/users/debug/check
[MIDDLEWARE OUTER] GET http://localhost:8002/api/v1/cycle-counts
[MIDDLEWARE OUTER] GET http://localhost:8002/api/v1/cycle-counts/

[SYSTEM] SERVER RESTARTED AT 2026-01-19 17:40:30

[SYSTEM] SERVER RESTARTED AT 2026-01-19 17:40:34
[MIDDLEWARE OUTER] OPTIONS http://localhost:8002/api/v1/users/2215af38-4a26-4b6c-8793-8e9b92935375/impersonate
[MIDDLEWARE OUTER] POST http://localhost:8002/api/v1/users/2215af38-4a26-4b6c-8793-8e9b92935375/impersonate
[MIDDLEWARE OUTER] GET http://localhost:8002/api/v1/cycle-counts
[MIDDLEWARE OUTER] GET http://localhost:8002/api/v1/cycle-counts/
[MIDDLEWARE OUTER] POST http://localhost:8002/api/v1/cycle-counts
[MIDDLEWARE OUTER] POST http://localhost:8002/api/v1/cycle-counts/
[MIDDLEWARE OUTER] OPTIONS http://localhost:8002/api/v1/cycle-counts/bc62ab17-9aba-4486-9948-44e060120d1c
[MIDDLEWARE OUTER] GET http://localhost:8002/api/v1/materials/
[MIDDLEWARE OUTER] GET http://localhost:8002/api/v1/users/debug/check
[MIDDLEWARE OUTER] GET http://localhost:8002/api/v1/cycle-counts/bc62ab17-9aba-4486-9948-44e060120d1c
[MIDDLEWARE OUTER] GET http://localhost:8002/api/v1/cycle-counts
[MIDDLEWARE OUTER] GET http://localhost:8002/api/v1/cycle-counts/

[SYSTEM] SERVER RESTARTED AT 2026-01-19 17:43:52
[MIDDLEWARE OUTER] GET http://localhost:8002/api/v1/cycle-counts
[MIDDLEWARE OUTER] GET http://localhost:8002/api/v1/cycle-counts/
[MIDDLEWARE OUTER] POST http://localhost:8002/api/v1/cycle-counts
[MIDDLEWARE OUTER] POST http://localhost:8002/api/v1/cycle-counts/
[MIDDLEWARE OUTER] OPTIONS http://localhost:8002/api/v1/cycle-counts/8c0a1981-6374-435d-88c1-60c637adc655
[MIDDLEWARE OUTER] OPTIONS http://localhost:8002/api/v1/materials/catalog
[MIDDLEWARE OUTER] OPTIONS http://localhost:8002/api/v1/users/debug/check
[MIDDLEWARE OUTER] GET http://localhost:8002/api/v1/cycle-counts/8c0a1981-6374-435d-88c1-60c637adc655
[MIDDLEWARE OUTER] GET http://localhost:8002/api/v1/materials/catalog
[MIDDLEWARE OUTER] GET http://localhost:8002/api/v1/users/debug/check
[MIDDLEWARE OUTER] PATCH http://localhost:8002/api/v1/cycle-counts/8c0a1981-6374-435d-88c1-60c637adc655
[MIDDLEWARE OUTER] OPTIONS http://localhost:8002/api/v1/cycle-counts/8c0a1981-6374-435d-88c1-60c637adc655/lines
[MIDDLEWARE OUTER] POST http://localhost:8002/api/v1/cycle-counts/8c0a1981-6374-435d-88c1-60c637adc655/lines
[MIDDLEWARE OUTER] POST http://localhost:8002/api/v1/cycle-counts/8c0a1981-6374-435d-88c1-60c637adc655/lines
[MIDDLEWARE OUTER] POST http://localhost:8002/api/v1/cycle-counts/8c0a1981-6374-435d-88c1-60c637adc655/lines
[MIDDLEWARE OUTER] GET http://localhost:8002/api/v1/cycle-counts
[MIDDLEWARE OUTER] GET http://localhost:8002/api/v1/cycle-counts/
[MIDDLEWARE OUTER] GET http://localhost:8002/api/v1/cycle-counts/8c0a1981-6374-435d-88c1-60c637adc655
[MIDDLEWARE OUTER] GET http://localhost:8002/api/v1/materials/catalog
[MIDDLEWARE OUTER] GET http://localhost:8002/api/v1/users/debug/check
[MIDDLEWARE OUTER] GET http://localhost:8002/api/v1/cycle-counts
[MIDDLEWARE OUTER] GET http://localhost:8002/api/v1/cycle-counts/
[MIDDLEWARE OUTER] POST http://localhost:8002/api/v1/cycle-counts
[MIDDLEWARE OUTER] POST http://localhost:8002/api/v1/cycle-counts/
[MIDDLEWARE OUTER] OPTIONS http://localhost:8002/api/v1/cycle-counts/a3971db4-641d-466a-8873-0bf71f2e859b
[MIDDLEWARE OUTER] GET http://localhost:8002/api/v1/materials/catalog
[MIDDLEWARE OUTER] GET http://localhost:8002/api/v1/users/debug/check
[MIDDLEWARE OUTER] GET http://localhost:8002/api/v1/cycle-counts/a3971db4-641d-466a-8873-0bf71f2e859b
[MIDDLEWARE OUTER] GET http://localhost:8002/api/v1/cycle-counts
[MIDDLEWARE OUTER] GET http://localhost:8002/api/v1/cycle-counts/
[MIDDLEWARE OUTER] POST http://localhost:8002/api/v1/cycle-counts
[MIDDLEWARE OUTER] POST http://localhost:8002/api/v1/cycle-counts/
[MIDDLEWARE OUTER] OPTIONS http://localhost:8002/api/v1/cycle-counts/882362cf-461f-41fc-a89e-03f5735b9dc7
[MIDDLEWARE OUTER] GET http://localhost:8002/api/v1/materials/catalog
[MIDDLEWARE OUTER] GET http://localhost:8002/api/v1/users/debug/check
[MIDDLEWARE OUTER] GET http://localhost:8002/api/v1/cycle-counts/882362cf-461f-41fc-a89e-03f5735b9dc7
[MIDDLEWARE CRASH] <ConnectionTerminated error_code:1, last_stream_id:17, additional_data:None>
Traceback (most recent call last):
  File "C:\Users\Ivan.Corona\AppData\Local\Programs\Python\Python314\Lib\site-packages\httpx\_transports\default.py", line 101, in map_httpcore_exceptions
    yield
  File "C:\Users\Ivan.Corona\AppData\Local\Programs\Python\Python314\Lib\site-packages\httpx\_transports\default.py", line 250, in handle_request
    resp = self._pool.handle_request(req)
  File "C:\Users\Ivan.Corona\AppData\Local\Programs\Python\Python314\Lib\site-packages\httpcore\_sync\connection_pool.py", line 256, in handle_request
    raise exc from None
  File "C:\Users\Ivan.Corona\AppData\Local\Programs\Python\Python314\Lib\site-packages\httpcore\_sync\connection_pool.py", line 236, in handle_request
    response = connection.handle_request(
        pool_request.request
    )
  File "C:\Users\Ivan.Corona\AppData\Local\Programs\Python\Python314\Lib\site-packages\httpcore\_sync\connection.py", line 103, in handle_request
    return self._connection.handle_request(request)
           ~~~~~~~~~~~~~~~~~~~~~~~~~~~~~~~^^^^^^^^^
  File "C:\Users\Ivan.Corona\AppData\Local\Programs\Python\Python314\Lib\site-packages\httpcore\_sync\http2.py", line 187, in handle_request
    raise exc
  File "C:\Users\Ivan.Corona\AppData\Local\Programs\Python\Python314\Lib\site-packages\httpcore\_sync\http2.py", line 150, in handle_request
    status, headers = self._receive_response(
                      ~~~~~~~~~~~~~~~~~~~~~~^
        request=request, stream_id=stream_id
        ^^^^^^^^^^^^^^^^^^^^^^^^^^^^^^^^^^^^
    )
    ^
  File "C:\Users\Ivan.Corona\AppData\Local\Programs\Python\Python314\Lib\site-packages\httpcore\_sync\http2.py", line 294, in _receive_response
    event = self._receive_stream_event(request, stream_id)
  File "C:\Users\Ivan.Corona\AppData\Local\Programs\Python\Python314\Lib\site-packages\httpcore\_sync\http2.py", line 336, in _receive_stream_event
    self._receive_events(request, stream_id)
    ~~~~~~~~~~~~~~~~~~~~^^^^^^^^^^^^^^^^^^^^
  File "C:\Users\Ivan.Corona\AppData\Local\Programs\Python\Python314\Lib\site-packages\httpcore\_sync\http2.py", line 355, in _receive_events
    raise RemoteProtocolError(self._connection_terminated)
httpcore.RemoteProtocolError: <ConnectionTerminated error_code:1, last_stream_id:17, additional_data:None>

The above exception was the direct cause of the following exception:

Traceback (most recent call last):
  File "C:\Users\Ivan.Corona\.gemini\antigravity\scratch\toolcrib\app\main.py", line 51, in dispatch
    response = await call_next(request)
               ^^^^^^^^^^^^^^^^^^^^^^^^
  File "C:\Users\Ivan.Corona\AppData\Local\Programs\Python\Python314\Lib\site-packages\starlette\middleware\base.py", line 168, in call_next
    raise app_exc from app_exc.__cause__ or app_exc.__context__
  File "C:\Users\Ivan.Corona\AppData\Local\Programs\Python\Python314\Lib\site-packages\starlette\middleware\base.py", line 144, in coro
    await self.app(scope, receive_or_disconnect, send_no_error)
  File "C:\Users\Ivan.Corona\AppData\Local\Programs\Python\Python314\Lib\site-packages\starlette\middleware\cors.py", line 93, in __call__
    await self.simple_response(scope, receive, send, request_headers=headers)
  File "C:\Users\Ivan.Corona\AppData\Local\Programs\Python\Python314\Lib\site-packages\starlette\middleware\cors.py", line 144, in simple_response
    await self.app(scope, receive, send)
  File "C:\Users\Ivan.Corona\AppData\Local\Programs\Python\Python314\Lib\site-packages\starlette\middleware\exceptions.py", line 63, in __call__
    await wrap_app_handling_exceptions(self.app, conn)(scope, receive, send)
  File "C:\Users\Ivan.Corona\AppData\Local\Programs\Python\Python314\Lib\site-packages\starlette\_exception_handler.py", line 53, in wrapped_app
    raise exc
  File "C:\Users\Ivan.Corona\AppData\Local\Programs\Python\Python314\Lib\site-packages\starlette\_exception_handler.py", line 42, in wrapped_app
    await app(scope, receive, sender)
  File "C:\Users\Ivan.Corona\AppData\Local\Programs\Python\Python314\Lib\site-packages\fastapi\middleware\asyncexitstack.py", line 18, in __call__
    await self.app(scope, receive, send)
  File "C:\Users\Ivan.Corona\AppData\Local\Programs\Python\Python314\Lib\site-packages\starlette\routing.py", line 716, in __call__
    await self.middleware_stack(scope, receive, send)
  File "C:\Users\Ivan.Corona\AppData\Local\Programs\Python\Python314\Lib\site-packages\starlette\routing.py", line 736, in app
    await route.handle(scope, receive, send)
  File "C:\Users\Ivan.Corona\AppData\Local\Programs\Python\Python314\Lib\site-packages\starlette\routing.py", line 290, in handle
    await self.app(scope, receive, send)
  File "C:\Users\Ivan.Corona\AppData\Local\Programs\Python\Python314\Lib\site-packages\fastapi\routing.py", line 120, in app
    await wrap_app_handling_exceptions(app, request)(scope, receive, send)
  File "C:\Users\Ivan.Corona\AppData\Local\Programs\Python\Python314\Lib\site-packages\starlette\_exception_handler.py", line 53, in wrapped_app
    raise exc
  File "C:\Users\Ivan.Corona\AppData\Local\Programs\Python\Python314\Lib\site-packages\starlette\_exception_handler.py", line 42, in wrapped_app
    await app(scope, receive, sender)
  File "C:\Users\Ivan.Corona\AppData\Local\Programs\Python\Python314\Lib\site-packages\fastapi\routing.py", line 106, in app
    response = await f(request)
               ^^^^^^^^^^^^^^^^
  File "C:\Users\Ivan.Corona\AppData\Local\Programs\Python\Python314\Lib\site-packages\fastapi\routing.py", line 430, in app
    raw_response = await run_endpoint_function(
                   ^^^^^^^^^^^^^^^^^^^^^^^^^^^^
    ...<3 lines>...
    )
    ^
  File "C:\Users\Ivan.Corona\AppData\Local\Programs\Python\Python314\Lib\site-packages\fastapi\routing.py", line 318, in run_endpoint_function
    return await run_in_threadpool(dependant.call, **values)
           ^^^^^^^^^^^^^^^^^^^^^^^^^^^^^^^^^^^^^^^^^^^^^^^^^
  File "C:\Users\Ivan.Corona\AppData\Local\Programs\Python\Python314\Lib\site-packages\starlette\concurrency.py", line 32, in run_in_threadpool
    return await anyio.to_thread.run_sync(func)
           ^^^^^^^^^^^^^^^^^^^^^^^^^^^^^^^^^^^^
  File "C:\Users\Ivan.Corona\AppData\Local\Programs\Python\Python314\Lib\site-packages\anyio\to_thread.py", line 61, in run_sync
    return await get_async_backend().run_sync_in_worker_thread(
           ^^^^^^^^^^^^^^^^^^^^^^^^^^^^^^^^^^^^^^^^^^^^^^^^^^^^
        func, args, abandon_on_cancel=abandon_on_cancel, limiter=limiter
        ^^^^^^^^^^^^^^^^^^^^^^^^^^^^^^^^^^^^^^^^^^^^^^^^^^^^^^^^^^^^^^^^
    )
    ^
  File "C:\Users\Ivan.Corona\AppData\Local\Programs\Python\Python314\Lib\site-packages\anyio\_backends\_asyncio.py", line 2525, in run_sync_in_worker_thread
    return await future
           ^^^^^^^^^^^^
  File "C:\Users\Ivan.Corona\AppData\Local\Programs\Python\Python314\Lib\site-packages\anyio\_backends\_asyncio.py", line 986, in run
    result = context.run(func, *args)
  File "C:\Users\Ivan.Corona\.gemini\antigravity\scratch\toolcrib\app\api\v1\endpoints\materials.py", line 34, in get_material_catalog
    ).limit(5000).order('part_number').execute()
                                       ~~~~~~~^^
  File "C:\Users\Ivan.Corona\AppData\Local\Programs\Python\Python314\Lib\site-packages\postgrest\_sync\request_builder.py", line 47, in execute
    r = self.request.send()
  File "C:\Users\Ivan.Corona\AppData\Local\Programs\Python\Python314\Lib\site-packages\postgrest\base_request_builder.py", line 81, in send
    return self.session.request(
           ~~~~~~~~~~~~~~~~~~~~^
        self.http_method,
        ^^^^^^^^^^^^^^^^^
    ...<4 lines>...
        auth=self.auth,
        ^^^^^^^^^^^^^^^
    )
    ^
  File "C:\Users\Ivan.Corona\AppData\Local\Programs\Python\Python314\Lib\site-packages\httpx\_client.py", line 825, in request
    return self.send(request, auth=auth, follow_redirects=follow_redirects)
           ~~~~~~~~~^^^^^^^^^^^^^^^^^^^^^^^^^^^^^^^^^^^^^^^^^^^^^^^^^^^^^^^
  File "C:\Users\Ivan.Corona\AppData\Local\Programs\Python\Python314\Lib\site-packages\httpx\_client.py", line 914, in send
    response = self._send_handling_auth(
        request,
    ...<2 lines>...
        history=[],
    )
  File "C:\Users\Ivan.Corona\AppData\Local\Programs\Python\Python314\Lib\site-packages\httpx\_client.py", line 942, in _send_handling_auth
    response = self._send_handling_redirects(
        request,
        follow_redirects=follow_redirects,
        history=history,
    )
  File "C:\Users\Ivan.Corona\AppData\Local\Programs\Python\Python314\Lib\site-packages\httpx\_client.py", line 979, in _send_handling_redirects
    response = self._send_single_request(request)
  File "C:\Users\Ivan.Corona\AppData\Local\Programs\Python\Python314\Lib\site-packages\httpx\_client.py", line 1014, in _send_single_request
    response = transport.handle_request(request)
  File "C:\Users\Ivan.Corona\AppData\Local\Programs\Python\Python314\Lib\site-packages\httpx\_transports\default.py", line 249, in handle_request
    with map_httpcore_exceptions():
         ~~~~~~~~~~~~~~~~~~~~~~~^^
  File "C:\Users\Ivan.Corona\AppData\Local\Programs\Python\Python314\Lib\contextlib.py", line 162, in __exit__
    self.gen.throw(value)
    ~~~~~~~~~~~~~~^^^^^^^
  File "C:\Users\Ivan.Corona\AppData\Local\Programs\Python\Python314\Lib\site-packages\httpx\_transports\default.py", line 118, in map_httpcore_exceptions
    raise mapped_exc(message) from exc
httpx.RemoteProtocolError: <ConnectionTerminated error_code:1, last_stream_id:17, additional_data:None>

[MIDDLEWARE CRASH] <ConnectionTerminated error_code:1, last_stream_id:17, additional_data:None>
Traceback (most recent call last):
  File "C:\Users\Ivan.Corona\AppData\Local\Programs\Python\Python314\Lib\site-packages\httpx\_transports\default.py", line 101, in map_httpcore_exceptions
    yield
  File "C:\Users\Ivan.Corona\AppData\Local\Programs\Python\Python314\Lib\site-packages\httpx\_transports\default.py", line 250, in handle_request
    resp = self._pool.handle_request(req)
  File "C:\Users\Ivan.Corona\AppData\Local\Programs\Python\Python314\Lib\site-packages\httpcore\_sync\connection_pool.py", line 256, in handle_request
    raise exc from None
  File "C:\Users\Ivan.Corona\AppData\Local\Programs\Python\Python314\Lib\site-packages\httpcore\_sync\connection_pool.py", line 236, in handle_request
    response = connection.handle_request(
        pool_request.request
    )
  File "C:\Users\Ivan.Corona\AppData\Local\Programs\Python\Python314\Lib\site-packages\httpcore\_sync\connection.py", line 103, in handle_request
    return self._connection.handle_request(request)
           ~~~~~~~~~~~~~~~~~~~~~~~~~~~~~~~^^^^^^^^^
  File "C:\Users\Ivan.Corona\AppData\Local\Programs\Python\Python314\Lib\site-packages\httpcore\_sync\http2.py", line 187, in handle_request
    raise exc
  File "C:\Users\Ivan.Corona\AppData\Local\Programs\Python\Python314\Lib\site-packages\httpcore\_sync\http2.py", line 150, in handle_request
    status, headers = self._receive_response(
                      ~~~~~~~~~~~~~~~~~~~~~~^
        request=request, stream_id=stream_id
        ^^^^^^^^^^^^^^^^^^^^^^^^^^^^^^^^^^^^
    )
    ^
  File "C:\Users\Ivan.Corona\AppData\Local\Programs\Python\Python314\Lib\site-packages\httpcore\_sync\http2.py", line 294, in _receive_response
    event = self._receive_stream_event(request, stream_id)
  File "C:\Users\Ivan.Corona\AppData\Local\Programs\Python\Python314\Lib\site-packages\httpcore\_sync\http2.py", line 336, in _receive_stream_event
    self._receive_events(request, stream_id)
    ~~~~~~~~~~~~~~~~~~~~^^^^^^^^^^^^^^^^^^^^
  File "C:\Users\Ivan.Corona\AppData\Local\Programs\Python\Python314\Lib\site-packages\httpcore\_sync\http2.py", line 355, in _receive_events
    raise RemoteProtocolError(self._connection_terminated)
httpcore.RemoteProtocolError: <ConnectionTerminated error_code:1, last_stream_id:17, additional_data:None>

The above exception was the direct cause of the following exception:

Traceback (most recent call last):
  File "C:\Users\Ivan.Corona\.gemini\antigravity\scratch\toolcrib\app\main.py", line 51, in dispatch
    response = await call_next(request)
               ^^^^^^^^^^^^^^^^^^^^^^^^
  File "C:\Users\Ivan.Corona\AppData\Local\Programs\Python\Python314\Lib\site-packages\starlette\middleware\base.py", line 168, in call_next
    raise app_exc from app_exc.__cause__ or app_exc.__context__
  File "C:\Users\Ivan.Corona\AppData\Local\Programs\Python\Python314\Lib\site-packages\starlette\middleware\base.py", line 144, in coro
    await self.app(scope, receive_or_disconnect, send_no_error)
  File "C:\Users\Ivan.Corona\AppData\Local\Programs\Python\Python314\Lib\site-packages\starlette\middleware\cors.py", line 93, in __call__
    await self.simple_response(scope, receive, send, request_headers=headers)
  File "C:\Users\Ivan.Corona\AppData\Local\Programs\Python\Python314\Lib\site-packages\starlette\middleware\cors.py", line 144, in simple_response
    await self.app(scope, receive, send)
  File "C:\Users\Ivan.Corona\AppData\Local\Programs\Python\Python314\Lib\site-packages\starlette\middleware\exceptions.py", line 63, in __call__
    await wrap_app_handling_exceptions(self.app, conn)(scope, receive, send)
  File "C:\Users\Ivan.Corona\AppData\Local\Programs\Python\Python314\Lib\site-packages\starlette\_exception_handler.py", line 53, in wrapped_app
    raise exc
  File "C:\Users\Ivan.Corona\AppData\Local\Programs\Python\Python314\Lib\site-packages\starlette\_exception_handler.py", line 42, in wrapped_app
    await app(scope, receive, sender)
  File "C:\Users\Ivan.Corona\AppData\Local\Programs\Python\Python314\Lib\site-packages\fastapi\middleware\asyncexitstack.py", line 18, in __call__
    await self.app(scope, receive, send)
  File "C:\Users\Ivan.Corona\AppData\Local\Programs\Python\Python314\Lib\site-packages\starlette\routing.py", line 716, in __call__
    await self.middleware_stack(scope, receive, send)
  File "C:\Users\Ivan.Corona\AppData\Local\Programs\Python\Python314\Lib\site-packages\starlette\routing.py", line 736, in app
    await route.handle(scope, receive, send)
  File "C:\Users\Ivan.Corona\AppData\Local\Programs\Python\Python314\Lib\site-packages\starlette\routing.py", line 290, in handle
    await self.app(scope, receive, send)
  File "C:\Users\Ivan.Corona\AppData\Local\Programs\Python\Python314\Lib\site-packages\fastapi\routing.py", line 120, in app
    await wrap_app_handling_exceptions(app, request)(scope, receive, send)
  File "C:\Users\Ivan.Corona\AppData\Local\Programs\Python\Python314\Lib\site-packages\starlette\_exception_handler.py", line 53, in wrapped_app
    raise exc
  File "C:\Users\Ivan.Corona\AppData\Local\Programs\Python\Python314\Lib\site-packages\starlette\_exception_handler.py", line 42, in wrapped_app
    await app(scope, receive, sender)
  File "C:\Users\Ivan.Corona\AppData\Local\Programs\Python\Python314\Lib\site-packages\fastapi\routing.py", line 106, in app
    response = await f(request)
               ^^^^^^^^^^^^^^^^
  File "C:\Users\Ivan.Corona\AppData\Local\Programs\Python\Python314\Lib\site-packages\fastapi\routing.py", line 430, in app
    raw_response = await run_endpoint_function(
                   ^^^^^^^^^^^^^^^^^^^^^^^^^^^^
    ...<3 lines>...
    )
    ^
  File "C:\Users\Ivan.Corona\AppData\Local\Programs\Python\Python314\Lib\site-packages\fastapi\routing.py", line 318, in run_endpoint_function
    return await run_in_threadpool(dependant.call, **values)
           ^^^^^^^^^^^^^^^^^^^^^^^^^^^^^^^^^^^^^^^^^^^^^^^^^
  File "C:\Users\Ivan.Corona\AppData\Local\Programs\Python\Python314\Lib\site-packages\starlette\concurrency.py", line 32, in run_in_threadpool
    return await anyio.to_thread.run_sync(func)
           ^^^^^^^^^^^^^^^^^^^^^^^^^^^^^^^^^^^^
  File "C:\Users\Ivan.Corona\AppData\Local\Programs\Python\Python314\Lib\site-packages\anyio\to_thread.py", line 61, in run_sync
    return await get_async_backend().run_sync_in_worker_thread(
           ^^^^^^^^^^^^^^^^^^^^^^^^^^^^^^^^^^^^^^^^^^^^^^^^^^^^
        func, args, abandon_on_cancel=abandon_on_cancel, limiter=limiter
        ^^^^^^^^^^^^^^^^^^^^^^^^^^^^^^^^^^^^^^^^^^^^^^^^^^^^^^^^^^^^^^^^
    )
    ^
  File "C:\Users\Ivan.Corona\AppData\Local\Programs\Python\Python314\Lib\site-packages\anyio\_backends\_asyncio.py", line 2525, in run_sync_in_worker_thread
    return await future
           ^^^^^^^^^^^^
  File "C:\Users\Ivan.Corona\AppData\Local\Programs\Python\Python314\Lib\site-packages\anyio\_backends\_asyncio.py", line 986, in run
    result = context.run(func, *args)
  File "C:\Users\Ivan.Corona\.gemini\antigravity\scratch\toolcrib\app\api\v1\endpoints\cycle_counts.py", line 35, in get_session_detail
    return CycleCountService.get_session_by_id(id)
           ~~~~~~~~~~~~~~~~~~~~~~~~~~~~~~~~~~~^^^^
  File "C:\Users\Ivan.Corona\.gemini\antigravity\scratch\toolcrib\app\services\cycle_count_service.py", line 18, in get_session_by_id
    session_res = supabase_admin.table('cycle_count_sessions').select('*').eq('id', str(id)).single().execute()
  File "C:\Users\Ivan.Corona\AppData\Local\Programs\Python\Python314\Lib\site-packages\postgrest\_sync\request_builder.py", line 74, in execute
    r = self.request.send()
  File "C:\Users\Ivan.Corona\AppData\Local\Programs\Python\Python314\Lib\site-packages\postgrest\base_request_builder.py", line 81, in send
    return self.session.request(
           ~~~~~~~~~~~~~~~~~~~~^
        self.http_method,
        ^^^^^^^^^^^^^^^^^
    ...<4 lines>...
        auth=self.auth,
        ^^^^^^^^^^^^^^^
    )
    ^
  File "C:\Users\Ivan.Corona\AppData\Local\Programs\Python\Python314\Lib\site-packages\httpx\_client.py", line 825, in request
    return self.send(request, auth=auth, follow_redirects=follow_redirects)
           ~~~~~~~~~^^^^^^^^^^^^^^^^^^^^^^^^^^^^^^^^^^^^^^^^^^^^^^^^^^^^^^^
  File "C:\Users\Ivan.Corona\AppData\Local\Programs\Python\Python314\Lib\site-packages\httpx\_client.py", line 914, in send
    response = self._send_handling_auth(
        request,
    ...<2 lines>...
        history=[],
    )
  File "C:\Users\Ivan.Corona\AppData\Local\Programs\Python\Python314\Lib\site-packages\httpx\_client.py", line 942, in _send_handling_auth
    response = self._send_handling_redirects(
        request,
        follow_redirects=follow_redirects,
        history=history,
    )
  File "C:\Users\Ivan.Corona\AppData\Local\Programs\Python\Python314\Lib\site-packages\httpx\_client.py", line 979, in _send_handling_redirects
    response = self._send_single_request(request)
  File "C:\Users\Ivan.Corona\AppData\Local\Programs\Python\Python314\Lib\site-packages\httpx\_client.py", line 1014, in _send_single_request
    response = transport.handle_request(request)
  File "C:\Users\Ivan.Corona\AppData\Local\Programs\Python\Python314\Lib\site-packages\httpx\_transports\default.py", line 249, in handle_request
    with map_httpcore_exceptions():
         ~~~~~~~~~~~~~~~~~~~~~~~^^
  File "C:\Users\Ivan.Corona\AppData\Local\Programs\Python\Python314\Lib\contextlib.py", line 162, in __exit__
    self.gen.throw(value)
    ~~~~~~~~~~~~~~^^^^^^^
  File "C:\Users\Ivan.Corona\AppData\Local\Programs\Python\Python314\Lib\site-packages\httpx\_transports\default.py", line 118, in map_httpcore_exceptions
    raise mapped_exc(message) from exc
httpx.RemoteProtocolError: <ConnectionTerminated error_code:1, last_stream_id:17, additional_data:None>

[MIDDLEWARE OUTER] GET http://localhost:8002/api/v1/cycle-counts
[MIDDLEWARE OUTER] GET http://localhost:8002/api/v1/cycle-counts/

[SYSTEM] SERVER RESTARTED AT 2026-01-19 17:48:33
[MIDDLEWARE OUTER] OPTIONS http://localhost:8002/api/v1/cycle-counts
[MIDDLEWARE OUTER] POST http://localhost:8002/api/v1/cycle-counts
[MIDDLEWARE OUTER] OPTIONS http://localhost:8002/api/v1/cycle-counts/
[MIDDLEWARE OUTER] POST http://localhost:8002/api/v1/cycle-counts/
[MIDDLEWARE OUTER] OPTIONS http://localhost:8002/api/v1/cycle-counts/06b1e7a9-3f70-47c5-9e48-e9d00201b87e
[MIDDLEWARE OUTER] GET http://localhost:8002/api/v1/users/debug/check
[MIDDLEWARE OUTER] GET http://localhost:8002/api/v1/materials/catalog
[MIDDLEWARE OUTER] GET http://localhost:8002/api/v1/cycle-counts/06b1e7a9-3f70-47c5-9e48-e9d00201b87e
[MIDDLEWARE OUTER] GET http://localhost:8002/api/v1/cycle-counts
[MIDDLEWARE OUTER] GET http://localhost:8002/api/v1/cycle-counts/
[MIDDLEWARE OUTER] POST http://localhost:8002/api/v1/cycle-counts
[MIDDLEWARE OUTER] POST http://localhost:8002/api/v1/cycle-counts/
[MIDDLEWARE OUTER] OPTIONS http://localhost:8002/api/v1/cycle-counts/66ac0b86-534b-4ef7-ad99-4e32fdb8ed18
[MIDDLEWARE OUTER] GET http://localhost:8002/api/v1/materials/catalog
[MIDDLEWARE OUTER] GET http://localhost:8002/api/v1/users/debug/check
[MIDDLEWARE OUTER] GET http://localhost:8002/api/v1/cycle-counts/66ac0b86-534b-4ef7-ad99-4e32fdb8ed18
[MIDDLEWARE OUTER] GET http://localhost:8002/api/v1/cycle-counts
[MIDDLEWARE OUTER] GET http://localhost:8002/api/v1/cycle-counts/
[MIDDLEWARE OUTER] GET http://localhost:8002/api/v1/cycle-counts/8c0a1981-6374-435d-88c1-60c637adc655
[MIDDLEWARE OUTER] GET http://localhost:8002/api/v1/materials/catalog
[MIDDLEWARE OUTER] GET http://localhost:8002/api/v1/users/debug/check
[MIDDLEWARE OUTER] GET http://localhost:8002/api/v1/cycle-counts
[MIDDLEWARE OUTER] GET http://localhost:8002/api/v1/cycle-counts/

[SYSTEM] SERVER RESTARTED AT 2026-01-19 17:54:45
[MIDDLEWARE OUTER] GET http://localhost:8002/api/v1/cycle-counts
[MIDDLEWARE OUTER] GET http://localhost:8002/api/v1/cycle-counts/
[MIDDLEWARE OUTER] GET http://localhost:8002/api/v1/materials/catalog
[MIDDLEWARE OUTER] GET http://localhost:8002/api/v1/users/debug/check
[MIDDLEWARE OUTER] GET http://localhost:8002/api/v1/cycle-counts
[MIDDLEWARE OUTER] GET http://localhost:8002/api/v1/cycle-counts/
[MIDDLEWARE OUTER] GET http://localhost:8002/api/v1/materials/catalog
[MIDDLEWARE OUTER] GET http://localhost:8002/api/v1/users/debug/check
[MIDDLEWARE OUTER] GET http://localhost:8002/api/v1/cycle-counts
[MIDDLEWARE OUTER] GET http://localhost:8002/api/v1/cycle-counts/
[MIDDLEWARE OUTER] OPTIONS http://localhost:8002/api/v1/materials/catalog
[MIDDLEWARE OUTER] OPTIONS http://localhost:8002/api/v1/users/debug/check
[MIDDLEWARE OUTER] GET http://localhost:8002/api/v1/materials/catalog
[MIDDLEWARE OUTER] GET http://localhost:8002/api/v1/users/debug/check
[MIDDLEWARE OUTER] POST http://localhost:8002/api/v1/cycle-counts
[MIDDLEWARE OUTER] POST http://localhost:8002/api/v1/cycle-counts/
[MIDDLEWARE CRASH] Object of type UUID is not JSON serializable
Traceback (most recent call last):
  File "C:\Users\Ivan.Corona\.gemini\antigravity\scratch\toolcrib\app\main.py", line 51, in dispatch
    response = await call_next(request)
               ^^^^^^^^^^^^^^^^^^^^^^^^
  File "C:\Users\Ivan.Corona\AppData\Local\Programs\Python\Python314\Lib\site-packages\starlette\middleware\base.py", line 168, in call_next
    raise app_exc from app_exc.__cause__ or app_exc.__context__
  File "C:\Users\Ivan.Corona\AppData\Local\Programs\Python\Python314\Lib\site-packages\starlette\middleware\base.py", line 144, in coro
    await self.app(scope, receive_or_disconnect, send_no_error)
  File "C:\Users\Ivan.Corona\AppData\Local\Programs\Python\Python314\Lib\site-packages\starlette\middleware\cors.py", line 93, in __call__
    await self.simple_response(scope, receive, send, request_headers=headers)
  File "C:\Users\Ivan.Corona\AppData\Local\Programs\Python\Python314\Lib\site-packages\starlette\middleware\cors.py", line 144, in simple_response
    await self.app(scope, receive, send)
  File "C:\Users\Ivan.Corona\AppData\Local\Programs\Python\Python314\Lib\site-packages\starlette\middleware\exceptions.py", line 63, in __call__
    await wrap_app_handling_exceptions(self.app, conn)(scope, receive, send)
  File "C:\Users\Ivan.Corona\AppData\Local\Programs\Python\Python314\Lib\site-packages\starlette\_exception_handler.py", line 53, in wrapped_app
    raise exc
  File "C:\Users\Ivan.Corona\AppData\Local\Programs\Python\Python314\Lib\site-packages\starlette\_exception_handler.py", line 42, in wrapped_app
    await app(scope, receive, sender)
  File "C:\Users\Ivan.Corona\AppData\Local\Programs\Python\Python314\Lib\site-packages\fastapi\middleware\asyncexitstack.py", line 18, in __call__
    await self.app(scope, receive, send)
  File "C:\Users\Ivan.Corona\AppData\Local\Programs\Python\Python314\Lib\site-packages\starlette\routing.py", line 716, in __call__
    await self.middleware_stack(scope, receive, send)
  File "C:\Users\Ivan.Corona\AppData\Local\Programs\Python\Python314\Lib\site-packages\starlette\routing.py", line 736, in app
    await route.handle(scope, receive, send)
  File "C:\Users\Ivan.Corona\AppData\Local\Programs\Python\Python314\Lib\site-packages\starlette\routing.py", line 290, in handle
    await self.app(scope, receive, send)
  File "C:\Users\Ivan.Corona\AppData\Local\Programs\Python\Python314\Lib\site-packages\fastapi\routing.py", line 120, in app
    await wrap_app_handling_exceptions(app, request)(scope, receive, send)
  File "C:\Users\Ivan.Corona\AppData\Local\Programs\Python\Python314\Lib\site-packages\starlette\_exception_handler.py", line 53, in wrapped_app
    raise exc
  File "C:\Users\Ivan.Corona\AppData\Local\Programs\Python\Python314\Lib\site-packages\starlette\_exception_handler.py", line 42, in wrapped_app
    await app(scope, receive, sender)
  File "C:\Users\Ivan.Corona\AppData\Local\Programs\Python\Python314\Lib\site-packages\fastapi\routing.py", line 106, in app
    response = await f(request)
               ^^^^^^^^^^^^^^^^
  File "C:\Users\Ivan.Corona\AppData\Local\Programs\Python\Python314\Lib\site-packages\fastapi\routing.py", line 430, in app
    raw_response = await run_endpoint_function(
                   ^^^^^^^^^^^^^^^^^^^^^^^^^^^^
    ...<3 lines>...
    )
    ^
  File "C:\Users\Ivan.Corona\AppData\Local\Programs\Python\Python314\Lib\site-packages\fastapi\routing.py", line 318, in run_endpoint_function
    return await run_in_threadpool(dependant.call, **values)
           ^^^^^^^^^^^^^^^^^^^^^^^^^^^^^^^^^^^^^^^^^^^^^^^^^
  File "C:\Users\Ivan.Corona\AppData\Local\Programs\Python\Python314\Lib\site-packages\starlette\concurrency.py", line 32, in run_in_threadpool
    return await anyio.to_thread.run_sync(func)
           ^^^^^^^^^^^^^^^^^^^^^^^^^^^^^^^^^^^^
  File "C:\Users\Ivan.Corona\AppData\Local\Programs\Python\Python314\Lib\site-packages\anyio\to_thread.py", line 61, in run_sync
    return await get_async_backend().run_sync_in_worker_thread(
           ^^^^^^^^^^^^^^^^^^^^^^^^^^^^^^^^^^^^^^^^^^^^^^^^^^^^
        func, args, abandon_on_cancel=abandon_on_cancel, limiter=limiter
        ^^^^^^^^^^^^^^^^^^^^^^^^^^^^^^^^^^^^^^^^^^^^^^^^^^^^^^^^^^^^^^^^
    )
    ^
  File "C:\Users\Ivan.Corona\AppData\Local\Programs\Python\Python314\Lib\site-packages\anyio\_backends\_asyncio.py", line 2525, in run_sync_in_worker_thread
    return await future
           ^^^^^^^^^^^^
  File "C:\Users\Ivan.Corona\AppData\Local\Programs\Python\Python314\Lib\site-packages\anyio\_backends\_asyncio.py", line 986, in run
    result = context.run(func, *args)
  File "C:\Users\Ivan.Corona\.gemini\antigravity\scratch\toolcrib\app\api\v1\endpoints\cycle_counts.py", line 28, in create_session
    raise e
  File "C:\Users\Ivan.Corona\.gemini\antigravity\scratch\toolcrib\app\api\v1\endpoints\cycle_counts.py", line 23, in create_session
    result = CycleCountService.create_session(data, current_user.id)
  File "C:\Users\Ivan.Corona\.gemini\antigravity\scratch\toolcrib\app\services\cycle_count_service.py", line 40, in create_session
    res = supabase_admin.table('cycle_count_sessions').insert(payload).execute()
  File "C:\Users\Ivan.Corona\AppData\Local\Programs\Python\Python314\Lib\site-packages\postgrest\_sync\request_builder.py", line 47, in execute
    r = self.request.send()
  File "C:\Users\Ivan.Corona\AppData\Local\Programs\Python\Python314\Lib\site-packages\postgrest\base_request_builder.py", line 81, in send
    return self.session.request(
           ~~~~~~~~~~~~~~~~~~~~^
        self.http_method,
        ^^^^^^^^^^^^^^^^^
    ...<4 lines>...
        auth=self.auth,
        ^^^^^^^^^^^^^^^
    )
    ^
  File "C:\Users\Ivan.Corona\AppData\Local\Programs\Python\Python314\Lib\site-packages\httpx\_client.py", line 812, in request
    request = self.build_request(
        method=method,
    ...<9 lines>...
        extensions=extensions,
    )
  File "C:\Users\Ivan.Corona\AppData\Local\Programs\Python\Python314\Lib\site-packages\httpx\_client.py", line 378, in build_request
    return Request(
        method,
    ...<8 lines>...
        extensions=extensions,
    )
  File "C:\Users\Ivan.Corona\AppData\Local\Programs\Python\Python314\Lib\site-packages\httpx\_models.py", line 408, in __init__
    headers, stream = encode_request(
                      ~~~~~~~~~~~~~~^
        content=content,
        ^^^^^^^^^^^^^^^^
    ...<7 lines>...
        ),
        ^^
    )
    ^
  File "C:\Users\Ivan.Corona\AppData\Local\Programs\Python\Python314\Lib\site-packages\httpx\_content.py", line 216, in encode_request
    return encode_json(json)
  File "C:\Users\Ivan.Corona\AppData\Local\Programs\Python\Python314\Lib\site-packages\httpx\_content.py", line 177, in encode_json
    body = json_dumps(
           ~~~~~~~~~~^
        json, ensure_ascii=False, separators=(",", ":"), allow_nan=False
        ^^^^^^^^^^^^^^^^^^^^^^^^^^^^^^^^^^^^^^^^^^^^^^^^^^^^^^^^^^^^^^^^
    ).encode("utf-8")
    ^
  File "C:\Users\Ivan.Corona\AppData\Local\Programs\Python\Python314\Lib\json\__init__.py", line 238, in dumps
    **kw).encode(obj)
          ~~~~~~^^^^^
  File "C:\Users\Ivan.Corona\AppData\Local\Programs\Python\Python314\Lib\json\encoder.py", line 200, in encode
    chunks = self.iterencode(o, _one_shot=True)
  File "C:\Users\Ivan.Corona\AppData\Local\Programs\Python\Python314\Lib\json\encoder.py", line 261, in iterencode
    return _iterencode(o, 0)
  File "C:\Users\Ivan.Corona\AppData\Local\Programs\Python\Python314\Lib\json\encoder.py", line 180, in default
    raise TypeError(f'Object of type {o.__class__.__name__} '
                    f'is not JSON serializable')
TypeError: Object of type UUID is not JSON serializable
when serializing dict item 'assigned_to'

[MIDDLEWARE OUTER] POST http://localhost:8002/api/v1/cycle-counts
[MIDDLEWARE OUTER] POST http://localhost:8002/api/v1/cycle-counts/
[MIDDLEWARE CRASH] Object of type UUID is not JSON serializable
Traceback (most recent call last):
  File "C:\Users\Ivan.Corona\.gemini\antigravity\scratch\toolcrib\app\main.py", line 51, in dispatch
    response = await call_next(request)
               ^^^^^^^^^^^^^^^^^^^^^^^^
  File "C:\Users\Ivan.Corona\AppData\Local\Programs\Python\Python314\Lib\site-packages\starlette\middleware\base.py", line 168, in call_next
    raise app_exc from app_exc.__cause__ or app_exc.__context__
  File "C:\Users\Ivan.Corona\AppData\Local\Programs\Python\Python314\Lib\site-packages\starlette\middleware\base.py", line 144, in coro
    await self.app(scope, receive_or_disconnect, send_no_error)
  File "C:\Users\Ivan.Corona\AppData\Local\Programs\Python\Python314\Lib\site-packages\starlette\middleware\cors.py", line 93, in __call__
    await self.simple_response(scope, receive, send, request_headers=headers)
  File "C:\Users\Ivan.Corona\AppData\Local\Programs\Python\Python314\Lib\site-packages\starlette\middleware\cors.py", line 144, in simple_response
    await self.app(scope, receive, send)
  File "C:\Users\Ivan.Corona\AppData\Local\Programs\Python\Python314\Lib\site-packages\starlette\middleware\exceptions.py", line 63, in __call__
    await wrap_app_handling_exceptions(self.app, conn)(scope, receive, send)
  File "C:\Users\Ivan.Corona\AppData\Local\Programs\Python\Python314\Lib\site-packages\starlette\_exception_handler.py", line 53, in wrapped_app
    raise exc
  File "C:\Users\Ivan.Corona\AppData\Local\Programs\Python\Python314\Lib\site-packages\starlette\_exception_handler.py", line 42, in wrapped_app
    await app(scope, receive, sender)
  File "C:\Users\Ivan.Corona\AppData\Local\Programs\Python\Python314\Lib\site-packages\fastapi\middleware\asyncexitstack.py", line 18, in __call__
    await self.app(scope, receive, send)
  File "C:\Users\Ivan.Corona\AppData\Local\Programs\Python\Python314\Lib\site-packages\starlette\routing.py", line 716, in __call__
    await self.middleware_stack(scope, receive, send)
  File "C:\Users\Ivan.Corona\AppData\Local\Programs\Python\Python314\Lib\site-packages\starlette\routing.py", line 736, in app
    await route.handle(scope, receive, send)
  File "C:\Users\Ivan.Corona\AppData\Local\Programs\Python\Python314\Lib\site-packages\starlette\routing.py", line 290, in handle
    await self.app(scope, receive, send)
  File "C:\Users\Ivan.Corona\AppData\Local\Programs\Python\Python314\Lib\site-packages\fastapi\routing.py", line 120, in app
    await wrap_app_handling_exceptions(app, request)(scope, receive, send)
  File "C:\Users\Ivan.Corona\AppData\Local\Programs\Python\Python314\Lib\site-packages\starlette\_exception_handler.py", line 53, in wrapped_app
    raise exc
  File "C:\Users\Ivan.Corona\AppData\Local\Programs\Python\Python314\Lib\site-packages\starlette\_exception_handler.py", line 42, in wrapped_app
    await app(scope, receive, sender)
  File "C:\Users\Ivan.Corona\AppData\Local\Programs\Python\Python314\Lib\site-packages\fastapi\routing.py", line 106, in app
    response = await f(request)
               ^^^^^^^^^^^^^^^^
  File "C:\Users\Ivan.Corona\AppData\Local\Programs\Python\Python314\Lib\site-packages\fastapi\routing.py", line 430, in app
    raw_response = await run_endpoint_function(
                   ^^^^^^^^^^^^^^^^^^^^^^^^^^^^
    ...<3 lines>...
    )
    ^
  File "C:\Users\Ivan.Corona\AppData\Local\Programs\Python\Python314\Lib\site-packages\fastapi\routing.py", line 318, in run_endpoint_function
    return await run_in_threadpool(dependant.call, **values)
           ^^^^^^^^^^^^^^^^^^^^^^^^^^^^^^^^^^^^^^^^^^^^^^^^^
  File "C:\Users\Ivan.Corona\AppData\Local\Programs\Python\Python314\Lib\site-packages\starlette\concurrency.py", line 32, in run_in_threadpool
    return await anyio.to_thread.run_sync(func)
           ^^^^^^^^^^^^^^^^^^^^^^^^^^^^^^^^^^^^
  File "C:\Users\Ivan.Corona\AppData\Local\Programs\Python\Python314\Lib\site-packages\anyio\to_thread.py", line 61, in run_sync
    return await get_async_backend().run_sync_in_worker_thread(
           ^^^^^^^^^^^^^^^^^^^^^^^^^^^^^^^^^^^^^^^^^^^^^^^^^^^^
        func, args, abandon_on_cancel=abandon_on_cancel, limiter=limiter
        ^^^^^^^^^^^^^^^^^^^^^^^^^^^^^^^^^^^^^^^^^^^^^^^^^^^^^^^^^^^^^^^^
    )
    ^
  File "C:\Users\Ivan.Corona\AppData\Local\Programs\Python\Python314\Lib\site-packages\anyio\_backends\_asyncio.py", line 2525, in run_sync_in_worker_thread
    return await future
           ^^^^^^^^^^^^
  File "C:\Users\Ivan.Corona\AppData\Local\Programs\Python\Python314\Lib\site-packages\anyio\_backends\_asyncio.py", line 986, in run
    result = context.run(func, *args)
  File "C:\Users\Ivan.Corona\.gemini\antigravity\scratch\toolcrib\app\api\v1\endpoints\cycle_counts.py", line 28, in create_session
    raise e
  File "C:\Users\Ivan.Corona\.gemini\antigravity\scratch\toolcrib\app\api\v1\endpoints\cycle_counts.py", line 23, in create_session
    result = CycleCountService.create_session(data, current_user.id)
  File "C:\Users\Ivan.Corona\.gemini\antigravity\scratch\toolcrib\app\services\cycle_count_service.py", line 40, in create_session
    res = supabase_admin.table('cycle_count_sessions').insert(payload).execute()
  File "C:\Users\Ivan.Corona\AppData\Local\Programs\Python\Python314\Lib\site-packages\postgrest\_sync\request_builder.py", line 47, in execute
    r = self.request.send()
  File "C:\Users\Ivan.Corona\AppData\Local\Programs\Python\Python314\Lib\site-packages\postgrest\base_request_builder.py", line 81, in send
    return self.session.request(
           ~~~~~~~~~~~~~~~~~~~~^
        self.http_method,
        ^^^^^^^^^^^^^^^^^
    ...<4 lines>...
        auth=self.auth,
        ^^^^^^^^^^^^^^^
    )
    ^
  File "C:\Users\Ivan.Corona\AppData\Local\Programs\Python\Python314\Lib\site-packages\httpx\_client.py", line 812, in request
    request = self.build_request(
        method=method,
    ...<9 lines>...
        extensions=extensions,
    )
  File "C:\Users\Ivan.Corona\AppData\Local\Programs\Python\Python314\Lib\site-packages\httpx\_client.py", line 378, in build_request
    return Request(
        method,
    ...<8 lines>...
        extensions=extensions,
    )
  File "C:\Users\Ivan.Corona\AppData\Local\Programs\Python\Python314\Lib\site-packages\httpx\_models.py", line 408, in __init__
    headers, stream = encode_request(
                      ~~~~~~~~~~~~~~^
        content=content,
        ^^^^^^^^^^^^^^^^
    ...<7 lines>...
        ),
        ^^
    )
    ^
  File "C:\Users\Ivan.Corona\AppData\Local\Programs\Python\Python314\Lib\site-packages\httpx\_content.py", line 216, in encode_request
    return encode_json(json)
  File "C:\Users\Ivan.Corona\AppData\Local\Programs\Python\Python314\Lib\site-packages\httpx\_content.py", line 177, in encode_json
    body = json_dumps(
           ~~~~~~~~~~^
        json, ensure_ascii=False, separators=(",", ":"), allow_nan=False
        ^^^^^^^^^^^^^^^^^^^^^^^^^^^^^^^^^^^^^^^^^^^^^^^^^^^^^^^^^^^^^^^^
    ).encode("utf-8")
    ^
  File "C:\Users\Ivan.Corona\AppData\Local\Programs\Python\Python314\Lib\json\__init__.py", line 238, in dumps
    **kw).encode(obj)
          ~~~~~~^^^^^
  File "C:\Users\Ivan.Corona\AppData\Local\Programs\Python\Python314\Lib\json\encoder.py", line 200, in encode
    chunks = self.iterencode(o, _one_shot=True)
  File "C:\Users\Ivan.Corona\AppData\Local\Programs\Python\Python314\Lib\json\encoder.py", line 261, in iterencode
    return _iterencode(o, 0)
  File "C:\Users\Ivan.Corona\AppData\Local\Programs\Python\Python314\Lib\json\encoder.py", line 180, in default
    raise TypeError(f'Object of type {o.__class__.__name__} '
                    f'is not JSON serializable')
TypeError: Object of type UUID is not JSON serializable
when serializing dict item 'assigned_to'

[MIDDLEWARE OUTER] GET http://localhost:8002/api/v1/cycle-counts
[MIDDLEWARE OUTER] GET http://localhost:8002/api/v1/cycle-counts/
[MIDDLEWARE OUTER] GET http://localhost:8002/api/v1/users/debug/check
[MIDDLEWARE OUTER] OPTIONS http://localhost:8002/api/v1/requisitions
[MIDDLEWARE OUTER] GET http://localhost:8002/api/v1/requisitions
[MIDDLEWARE OUTER] GET http://localhost:8002/api/v1/users/debug/check
[MIDDLEWARE OUTER] GET http://localhost:8002/api/v1/cycle-counts
[MIDDLEWARE OUTER] GET http://localhost:8002/api/v1/requisitions
[MIDDLEWARE OUTER] OPTIONS http://localhost:8002/api/v1/requisitions/inbox
[MIDDLEWARE OUTER] GET http://localhost:8002/api/v1/cycle-counts/
[MIDDLEWARE OUTER] GET http://localhost:8002/api/v1/requisitions/inbox
[MIDDLEWARE OUTER] GET http://localhost:8002/api/v1/requisitions
[MIDDLEWARE OUTER] GET http://localhost:8002/api/v1/requisitions/inbox
[MIDDLEWARE OUTER] GET http://localhost:8002/api/v1/users/debug/check
[MIDDLEWARE OUTER] GET http://localhost:8002/api/v1/requisitions/inbox
[MIDDLEWARE OUTER] GET http://localhost:8002/api/v1/users/debug/check
[MIDDLEWARE OUTER] GET http://localhost:8002/api/v1/users/debug/check
[MIDDLEWARE OUTER] GET http://localhost:8002/api/v1/users/debug/check
[MIDDLEWARE OUTER] GET http://localhost:8002/api/v1/cycle-counts
[MIDDLEWARE OUTER] GET http://localhost:8002/api/v1/cycle-counts/
[MIDDLEWARE OUTER] GET http://localhost:8002/api/v1/users/debug/check
[MIDDLEWARE OUTER] GET http://localhost:8002/api/v1/users/debug/check
[MIDDLEWARE OUTER] GET http://localhost:8002/api/v1/users/debug/check
[MIDDLEWARE OUTER] GET http://localhost:8002/api/v1/users/debug/check
[MIDDLEWARE OUTER] GET http://localhost:8002/api/v1/users/debug/check
[MIDDLEWARE OUTER] GET http://localhost:8002/api/v1/users/debug/check
[MIDDLEWARE OUTER] GET http://localhost:8002/api/v1/users/debug/check
[MIDDLEWARE OUTER] GET http://localhost:8002/api/v1/users/debug/check
[MIDDLEWARE OUTER] GET http://localhost:8002/api/v1/users/debug/check
[MIDDLEWARE OUTER] GET http://localhost:8002/api/v1/users/debug/check
[MIDDLEWARE OUTER] GET http://localhost:8002/api/v1/users/debug/check
[MIDDLEWARE OUTER] GET http://localhost:8002/api/v1/users/debug/check
[MIDDLEWARE OUTER] GET http://localhost:8002/api/v1/users/debug/check
[MIDDLEWARE OUTER] GET http://localhost:8002/api/v1/users/debug/check
[MIDDLEWARE OUTER] GET http://localhost:8002/api/v1/users/debug/check
[MIDDLEWARE OUTER] GET http://localhost:8002/api/v1/users/debug/check
[MIDDLEWARE OUTER] GET http://localhost:8002/api/v1/users/debug/check
[MIDDLEWARE OUTER] GET http://localhost:8002/api/v1/users/debug/check
[MIDDLEWARE OUTER] GET http://localhost:8002/api/v1/users/debug/check
[MIDDLEWARE OUTER] GET http://localhost:8002/api/v1/users/debug/check
[MIDDLEWARE OUTER] GET http://localhost:8002/api/v1/users/debug/check
[MIDDLEWARE OUTER] GET http://localhost:8002/api/v1/users/debug/check
[MIDDLEWARE OUTER] GET http://localhost:8002/api/v1/users/debug/check
[MIDDLEWARE OUTER] GET http://localhost:8002/api/v1/users/debug/check
[MIDDLEWARE OUTER] GET http://localhost:8002/api/v1/users/debug/check
[MIDDLEWARE OUTER] GET http://localhost:8002/api/v1/users/debug/check
[MIDDLEWARE OUTER] GET http://localhost:8002/api/v1/users/debug/check
[MIDDLEWARE OUTER] GET http://localhost:8002/api/v1/users/debug/check
[MIDDLEWARE OUTER] GET http://localhost:8002/api/v1/cycle-counts
[MIDDLEWARE OUTER] GET http://localhost:8002/api/v1/cycle-counts/
[MIDDLEWARE OUTER] GET http://localhost:8002/api/v1/cycle-counts
[MIDDLEWARE OUTER] GET http://localhost:8002/api/v1/cycle-counts/
[MIDDLEWARE OUTER] GET http://localhost:8002/api/v1/users/debug/check
[MIDDLEWARE OUTER] GET http://localhost:8002/api/v1/materials/catalog
[MIDDLEWARE OUTER] POST http://localhost:8002/api/v1/cycle-counts
[MIDDLEWARE OUTER] POST http://localhost:8002/api/v1/cycle-counts/
[MIDDLEWARE CRASH] Object of type UUID is not JSON serializable
Traceback (most recent call last):
  File "C:\Users\Ivan.Corona\.gemini\antigravity\scratch\toolcrib\app\main.py", line 51, in dispatch
    response = await call_next(request)
               ^^^^^^^^^^^^^^^^^^^^^^^^
  File "C:\Users\Ivan.Corona\AppData\Local\Programs\Python\Python314\Lib\site-packages\starlette\middleware\base.py", line 168, in call_next
    raise app_exc from app_exc.__cause__ or app_exc.__context__
  File "C:\Users\Ivan.Corona\AppData\Local\Programs\Python\Python314\Lib\site-packages\starlette\middleware\base.py", line 144, in coro
    await self.app(scope, receive_or_disconnect, send_no_error)
  File "C:\Users\Ivan.Corona\AppData\Local\Programs\Python\Python314\Lib\site-packages\starlette\middleware\cors.py", line 93, in __call__
    await self.simple_response(scope, receive, send, request_headers=headers)
  File "C:\Users\Ivan.Corona\AppData\Local\Programs\Python\Python314\Lib\site-packages\starlette\middleware\cors.py", line 144, in simple_response
    await self.app(scope, receive, send)
  File "C:\Users\Ivan.Corona\AppData\Local\Programs\Python\Python314\Lib\site-packages\starlette\middleware\exceptions.py", line 63, in __call__
    await wrap_app_handling_exceptions(self.app, conn)(scope, receive, send)
  File "C:\Users\Ivan.Corona\AppData\Local\Programs\Python\Python314\Lib\site-packages\starlette\_exception_handler.py", line 53, in wrapped_app
    raise exc
  File "C:\Users\Ivan.Corona\AppData\Local\Programs\Python\Python314\Lib\site-packages\starlette\_exception_handler.py", line 42, in wrapped_app
    await app(scope, receive, sender)
  File "C:\Users\Ivan.Corona\AppData\Local\Programs\Python\Python314\Lib\site-packages\fastapi\middleware\asyncexitstack.py", line 18, in __call__
    await self.app(scope, receive, send)
  File "C:\Users\Ivan.Corona\AppData\Local\Programs\Python\Python314\Lib\site-packages\starlette\routing.py", line 716, in __call__
    await self.middleware_stack(scope, receive, send)
  File "C:\Users\Ivan.Corona\AppData\Local\Programs\Python\Python314\Lib\site-packages\starlette\routing.py", line 736, in app
    await route.handle(scope, receive, send)
  File "C:\Users\Ivan.Corona\AppData\Local\Programs\Python\Python314\Lib\site-packages\starlette\routing.py", line 290, in handle
    await self.app(scope, receive, send)
  File "C:\Users\Ivan.Corona\AppData\Local\Programs\Python\Python314\Lib\site-packages\fastapi\routing.py", line 120, in app
    await wrap_app_handling_exceptions(app, request)(scope, receive, send)
  File "C:\Users\Ivan.Corona\AppData\Local\Programs\Python\Python314\Lib\site-packages\starlette\_exception_handler.py", line 53, in wrapped_app
    raise exc
  File "C:\Users\Ivan.Corona\AppData\Local\Programs\Python\Python314\Lib\site-packages\starlette\_exception_handler.py", line 42, in wrapped_app
    await app(scope, receive, sender)
  File "C:\Users\Ivan.Corona\AppData\Local\Programs\Python\Python314\Lib\site-packages\fastapi\routing.py", line 106, in app
    response = await f(request)
               ^^^^^^^^^^^^^^^^
  File "C:\Users\Ivan.Corona\AppData\Local\Programs\Python\Python314\Lib\site-packages\fastapi\routing.py", line 430, in app
    raw_response = await run_endpoint_function(
                   ^^^^^^^^^^^^^^^^^^^^^^^^^^^^
    ...<3 lines>...
    )
    ^
  File "C:\Users\Ivan.Corona\AppData\Local\Programs\Python\Python314\Lib\site-packages\fastapi\routing.py", line 318, in run_endpoint_function
    return await run_in_threadpool(dependant.call, **values)
           ^^^^^^^^^^^^^^^^^^^^^^^^^^^^^^^^^^^^^^^^^^^^^^^^^
  File "C:\Users\Ivan.Corona\AppData\Local\Programs\Python\Python314\Lib\site-packages\starlette\concurrency.py", line 32, in run_in_threadpool
    return await anyio.to_thread.run_sync(func)
           ^^^^^^^^^^^^^^^^^^^^^^^^^^^^^^^^^^^^
  File "C:\Users\Ivan.Corona\AppData\Local\Programs\Python\Python314\Lib\site-packages\anyio\to_thread.py", line 61, in run_sync
    return await get_async_backend().run_sync_in_worker_thread(
           ^^^^^^^^^^^^^^^^^^^^^^^^^^^^^^^^^^^^^^^^^^^^^^^^^^^^
        func, args, abandon_on_cancel=abandon_on_cancel, limiter=limiter
        ^^^^^^^^^^^^^^^^^^^^^^^^^^^^^^^^^^^^^^^^^^^^^^^^^^^^^^^^^^^^^^^^
    )
    ^
  File "C:\Users\Ivan.Corona\AppData\Local\Programs\Python\Python314\Lib\site-packages\anyio\_backends\_asyncio.py", line 2525, in run_sync_in_worker_thread
    return await future
           ^^^^^^^^^^^^
  File "C:\Users\Ivan.Corona\AppData\Local\Programs\Python\Python314\Lib\site-packages\anyio\_backends\_asyncio.py", line 986, in run
    result = context.run(func, *args)
  File "C:\Users\Ivan.Corona\.gemini\antigravity\scratch\toolcrib\app\api\v1\endpoints\cycle_counts.py", line 28, in create_session
    raise e
  File "C:\Users\Ivan.Corona\.gemini\antigravity\scratch\toolcrib\app\api\v1\endpoints\cycle_counts.py", line 23, in create_session
    result = CycleCountService.create_session(data, current_user.id)
  File "C:\Users\Ivan.Corona\.gemini\antigravity\scratch\toolcrib\app\services\cycle_count_service.py", line 40, in create_session
    res = supabase_admin.table('cycle_count_sessions').insert(payload).execute()
  File "C:\Users\Ivan.Corona\AppData\Local\Programs\Python\Python314\Lib\site-packages\postgrest\_sync\request_builder.py", line 47, in execute
    r = self.request.send()
  File "C:\Users\Ivan.Corona\AppData\Local\Programs\Python\Python314\Lib\site-packages\postgrest\base_request_builder.py", line 81, in send
    return self.session.request(
           ~~~~~~~~~~~~~~~~~~~~^
        self.http_method,
        ^^^^^^^^^^^^^^^^^
    ...<4 lines>...
        auth=self.auth,
        ^^^^^^^^^^^^^^^
    )
    ^
  File "C:\Users\Ivan.Corona\AppData\Local\Programs\Python\Python314\Lib\site-packages\httpx\_client.py", line 812, in request
    request = self.build_request(
        method=method,
    ...<9 lines>...
        extensions=extensions,
    )
  File "C:\Users\Ivan.Corona\AppData\Local\Programs\Python\Python314\Lib\site-packages\httpx\_client.py", line 378, in build_request
    return Request(
        method,
    ...<8 lines>...
        extensions=extensions,
    )
  File "C:\Users\Ivan.Corona\AppData\Local\Programs\Python\Python314\Lib\site-packages\httpx\_models.py", line 408, in __init__
    headers, stream = encode_request(
                      ~~~~~~~~~~~~~~^
        content=content,
        ^^^^^^^^^^^^^^^^
    ...<7 lines>...
        ),
        ^^
    )
    ^
  File "C:\Users\Ivan.Corona\AppData\Local\Programs\Python\Python314\Lib\site-packages\httpx\_content.py", line 216, in encode_request
    return encode_json(json)
  File "C:\Users\Ivan.Corona\AppData\Local\Programs\Python\Python314\Lib\site-packages\httpx\_content.py", line 177, in encode_json
    body = json_dumps(
           ~~~~~~~~~~^
        json, ensure_ascii=False, separators=(",", ":"), allow_nan=False
        ^^^^^^^^^^^^^^^^^^^^^^^^^^^^^^^^^^^^^^^^^^^^^^^^^^^^^^^^^^^^^^^^
    ).encode("utf-8")
    ^
  File "C:\Users\Ivan.Corona\AppData\Local\Programs\Python\Python314\Lib\json\__init__.py", line 238, in dumps
    **kw).encode(obj)
          ~~~~~~^^^^^
  File "C:\Users\Ivan.Corona\AppData\Local\Programs\Python\Python314\Lib\json\encoder.py", line 200, in encode
    chunks = self.iterencode(o, _one_shot=True)
  File "C:\Users\Ivan.Corona\AppData\Local\Programs\Python\Python314\Lib\json\encoder.py", line 261, in iterencode
    return _iterencode(o, 0)
  File "C:\Users\Ivan.Corona\AppData\Local\Programs\Python\Python314\Lib\json\encoder.py", line 180, in default
    raise TypeError(f'Object of type {o.__class__.__name__} '
                    f'is not JSON serializable')
TypeError: Object of type UUID is not JSON serializable
when serializing dict item 'assigned_to'

[MIDDLEWARE OUTER] POST http://localhost:8002/api/v1/cycle-counts
[MIDDLEWARE OUTER] POST http://localhost:8002/api/v1/cycle-counts/
[MIDDLEWARE CRASH] Object of type UUID is not JSON serializable
Traceback (most recent call last):
  File "C:\Users\Ivan.Corona\.gemini\antigravity\scratch\toolcrib\app\main.py", line 51, in dispatch
    response = await call_next(request)
               ^^^^^^^^^^^^^^^^^^^^^^^^
  File "C:\Users\Ivan.Corona\AppData\Local\Programs\Python\Python314\Lib\site-packages\starlette\middleware\base.py", line 168, in call_next
    raise app_exc from app_exc.__cause__ or app_exc.__context__
  File "C:\Users\Ivan.Corona\AppData\Local\Programs\Python\Python314\Lib\site-packages\starlette\middleware\base.py", line 144, in coro
    await self.app(scope, receive_or_disconnect, send_no_error)
  File "C:\Users\Ivan.Corona\AppData\Local\Programs\Python\Python314\Lib\site-packages\starlette\middleware\cors.py", line 93, in __call__
    await self.simple_response(scope, receive, send, request_headers=headers)
  File "C:\Users\Ivan.Corona\AppData\Local\Programs\Python\Python314\Lib\site-packages\starlette\middleware\cors.py", line 144, in simple_response
    await self.app(scope, receive, send)
  File "C:\Users\Ivan.Corona\AppData\Local\Programs\Python\Python314\Lib\site-packages\starlette\middleware\exceptions.py", line 63, in __call__
    await wrap_app_handling_exceptions(self.app, conn)(scope, receive, send)
  File "C:\Users\Ivan.Corona\AppData\Local\Programs\Python\Python314\Lib\site-packages\starlette\_exception_handler.py", line 53, in wrapped_app
    raise exc
  File "C:\Users\Ivan.Corona\AppData\Local\Programs\Python\Python314\Lib\site-packages\starlette\_exception_handler.py", line 42, in wrapped_app
    await app(scope, receive, sender)
  File "C:\Users\Ivan.Corona\AppData\Local\Programs\Python\Python314\Lib\site-packages\fastapi\middleware\asyncexitstack.py", line 18, in __call__
    await self.app(scope, receive, send)
  File "C:\Users\Ivan.Corona\AppData\Local\Programs\Python\Python314\Lib\site-packages\starlette\routing.py", line 716, in __call__
    await self.middleware_stack(scope, receive, send)
  File "C:\Users\Ivan.Corona\AppData\Local\Programs\Python\Python314\Lib\site-packages\starlette\routing.py", line 736, in app
    await route.handle(scope, receive, send)
  File "C:\Users\Ivan.Corona\AppData\Local\Programs\Python\Python314\Lib\site-packages\starlette\routing.py", line 290, in handle
    await self.app(scope, receive, send)
  File "C:\Users\Ivan.Corona\AppData\Local\Programs\Python\Python314\Lib\site-packages\fastapi\routing.py", line 120, in app
    await wrap_app_handling_exceptions(app, request)(scope, receive, send)
  File "C:\Users\Ivan.Corona\AppData\Local\Programs\Python\Python314\Lib\site-packages\starlette\_exception_handler.py", line 53, in wrapped_app
    raise exc
  File "C:\Users\Ivan.Corona\AppData\Local\Programs\Python\Python314\Lib\site-packages\starlette\_exception_handler.py", line 42, in wrapped_app
    await app(scope, receive, sender)
  File "C:\Users\Ivan.Corona\AppData\Local\Programs\Python\Python314\Lib\site-packages\fastapi\routing.py", line 106, in app
    response = await f(request)
               ^^^^^^^^^^^^^^^^
  File "C:\Users\Ivan.Corona\AppData\Local\Programs\Python\Python314\Lib\site-packages\fastapi\routing.py", line 430, in app
    raw_response = await run_endpoint_function(
                   ^^^^^^^^^^^^^^^^^^^^^^^^^^^^
    ...<3 lines>...
    )
    ^
  File "C:\Users\Ivan.Corona\AppData\Local\Programs\Python\Python314\Lib\site-packages\fastapi\routing.py", line 318, in run_endpoint_function
    return await run_in_threadpool(dependant.call, **values)
           ^^^^^^^^^^^^^^^^^^^^^^^^^^^^^^^^^^^^^^^^^^^^^^^^^
  File "C:\Users\Ivan.Corona\AppData\Local\Programs\Python\Python314\Lib\site-packages\starlette\concurrency.py", line 32, in run_in_threadpool
    return await anyio.to_thread.run_sync(func)
           ^^^^^^^^^^^^^^^^^^^^^^^^^^^^^^^^^^^^
  File "C:\Users\Ivan.Corona\AppData\Local\Programs\Python\Python314\Lib\site-packages\anyio\to_thread.py", line 61, in run_sync
    return await get_async_backend().run_sync_in_worker_thread(
           ^^^^^^^^^^^^^^^^^^^^^^^^^^^^^^^^^^^^^^^^^^^^^^^^^^^^
        func, args, abandon_on_cancel=abandon_on_cancel, limiter=limiter
        ^^^^^^^^^^^^^^^^^^^^^^^^^^^^^^^^^^^^^^^^^^^^^^^^^^^^^^^^^^^^^^^^
    )
    ^
  File "C:\Users\Ivan.Corona\AppData\Local\Programs\Python\Python314\Lib\site-packages\anyio\_backends\_asyncio.py", line 2525, in run_sync_in_worker_thread
    return await future
           ^^^^^^^^^^^^
  File "C:\Users\Ivan.Corona\AppData\Local\Programs\Python\Python314\Lib\site-packages\anyio\_backends\_asyncio.py", line 986, in run
    result = context.run(func, *args)
  File "C:\Users\Ivan.Corona\.gemini\antigravity\scratch\toolcrib\app\api\v1\endpoints\cycle_counts.py", line 28, in create_session
    raise e
  File "C:\Users\Ivan.Corona\.gemini\antigravity\scratch\toolcrib\app\api\v1\endpoints\cycle_counts.py", line 23, in create_session
    result = CycleCountService.create_session(data, current_user.id)
  File "C:\Users\Ivan.Corona\.gemini\antigravity\scratch\toolcrib\app\services\cycle_count_service.py", line 40, in create_session
    res = supabase_admin.table('cycle_count_sessions').insert(payload).execute()
  File "C:\Users\Ivan.Corona\AppData\Local\Programs\Python\Python314\Lib\site-packages\postgrest\_sync\request_builder.py", line 47, in execute
    r = self.request.send()
  File "C:\Users\Ivan.Corona\AppData\Local\Programs\Python\Python314\Lib\site-packages\postgrest\base_request_builder.py", line 81, in send
    return self.session.request(
           ~~~~~~~~~~~~~~~~~~~~^
        self.http_method,
        ^^^^^^^^^^^^^^^^^
    ...<4 lines>...
        auth=self.auth,
        ^^^^^^^^^^^^^^^
    )
    ^
  File "C:\Users\Ivan.Corona\AppData\Local\Programs\Python\Python314\Lib\site-packages\httpx\_client.py", line 812, in request
    request = self.build_request(
        method=method,
    ...<9 lines>...
        extensions=extensions,
    )
  File "C:\Users\Ivan.Corona\AppData\Local\Programs\Python\Python314\Lib\site-packages\httpx\_client.py", line 378, in build_request
    return Request(
        method,
    ...<8 lines>...
        extensions=extensions,
    )
  File "C:\Users\Ivan.Corona\AppData\Local\Programs\Python\Python314\Lib\site-packages\httpx\_models.py", line 408, in __init__
    headers, stream = encode_request(
                      ~~~~~~~~~~~~~~^
        content=content,
        ^^^^^^^^^^^^^^^^
    ...<7 lines>...
        ),
        ^^
    )
    ^
  File "C:\Users\Ivan.Corona\AppData\Local\Programs\Python\Python314\Lib\site-packages\httpx\_content.py", line 216, in encode_request
    return encode_json(json)
  File "C:\Users\Ivan.Corona\AppData\Local\Programs\Python\Python314\Lib\site-packages\httpx\_content.py", line 177, in encode_json
    body = json_dumps(
           ~~~~~~~~~~^
        json, ensure_ascii=False, separators=(",", ":"), allow_nan=False
        ^^^^^^^^^^^^^^^^^^^^^^^^^^^^^^^^^^^^^^^^^^^^^^^^^^^^^^^^^^^^^^^^
    ).encode("utf-8")
    ^
  File "C:\Users\Ivan.Corona\AppData\Local\Programs\Python\Python314\Lib\json\__init__.py", line 238, in dumps
    **kw).encode(obj)
          ~~~~~~^^^^^
  File "C:\Users\Ivan.Corona\AppData\Local\Programs\Python\Python314\Lib\json\encoder.py", line 200, in encode
    chunks = self.iterencode(o, _one_shot=True)
  File "C:\Users\Ivan.Corona\AppData\Local\Programs\Python\Python314\Lib\json\encoder.py", line 261, in iterencode
    return _iterencode(o, 0)
  File "C:\Users\Ivan.Corona\AppData\Local\Programs\Python\Python314\Lib\json\encoder.py", line 180, in default
    raise TypeError(f'Object of type {o.__class__.__name__} '
                    f'is not JSON serializable')
TypeError: Object of type UUID is not JSON serializable
when serializing dict item 'assigned_to'

[MIDDLEWARE OUTER] POST http://localhost:8002/api/v1/cycle-counts
[MIDDLEWARE OUTER] POST http://localhost:8002/api/v1/cycle-counts/
[MIDDLEWARE CRASH] Object of type UUID is not JSON serializable
Traceback (most recent call last):
  File "C:\Users\Ivan.Corona\.gemini\antigravity\scratch\toolcrib\app\main.py", line 51, in dispatch
    response = await call_next(request)
               ^^^^^^^^^^^^^^^^^^^^^^^^
  File "C:\Users\Ivan.Corona\AppData\Local\Programs\Python\Python314\Lib\site-packages\starlette\middleware\base.py", line 168, in call_next
    raise app_exc from app_exc.__cause__ or app_exc.__context__
  File "C:\Users\Ivan.Corona\AppData\Local\Programs\Python\Python314\Lib\site-packages\starlette\middleware\base.py", line 144, in coro
    await self.app(scope, receive_or_disconnect, send_no_error)
  File "C:\Users\Ivan.Corona\AppData\Local\Programs\Python\Python314\Lib\site-packages\starlette\middleware\cors.py", line 93, in __call__
    await self.simple_response(scope, receive, send, request_headers=headers)
  File "C:\Users\Ivan.Corona\AppData\Local\Programs\Python\Python314\Lib\site-packages\starlette\middleware\cors.py", line 144, in simple_response
    await self.app(scope, receive, send)
  File "C:\Users\Ivan.Corona\AppData\Local\Programs\Python\Python314\Lib\site-packages\starlette\middleware\exceptions.py", line 63, in __call__
    await wrap_app_handling_exceptions(self.app, conn)(scope, receive, send)
  File "C:\Users\Ivan.Corona\AppData\Local\Programs\Python\Python314\Lib\site-packages\starlette\_exception_handler.py", line 53, in wrapped_app
    raise exc
  File "C:\Users\Ivan.Corona\AppData\Local\Programs\Python\Python314\Lib\site-packages\starlette\_exception_handler.py", line 42, in wrapped_app
    await app(scope, receive, sender)
  File "C:\Users\Ivan.Corona\AppData\Local\Programs\Python\Python314\Lib\site-packages\fastapi\middleware\asyncexitstack.py", line 18, in __call__
    await self.app(scope, receive, send)
  File "C:\Users\Ivan.Corona\AppData\Local\Programs\Python\Python314\Lib\site-packages\starlette\routing.py", line 716, in __call__
    await self.middleware_stack(scope, receive, send)
  File "C:\Users\Ivan.Corona\AppData\Local\Programs\Python\Python314\Lib\site-packages\starlette\routing.py", line 736, in app
    await route.handle(scope, receive, send)
  File "C:\Users\Ivan.Corona\AppData\Local\Programs\Python\Python314\Lib\site-packages\starlette\routing.py", line 290, in handle
    await self.app(scope, receive, send)
  File "C:\Users\Ivan.Corona\AppData\Local\Programs\Python\Python314\Lib\site-packages\fastapi\routing.py", line 120, in app
    await wrap_app_handling_exceptions(app, request)(scope, receive, send)
  File "C:\Users\Ivan.Corona\AppData\Local\Programs\Python\Python314\Lib\site-packages\starlette\_exception_handler.py", line 53, in wrapped_app
    raise exc
  File "C:\Users\Ivan.Corona\AppData\Local\Programs\Python\Python314\Lib\site-packages\starlette\_exception_handler.py", line 42, in wrapped_app
    await app(scope, receive, sender)
  File "C:\Users\Ivan.Corona\AppData\Local\Programs\Python\Python314\Lib\site-packages\fastapi\routing.py", line 106, in app
    response = await f(request)
               ^^^^^^^^^^^^^^^^
  File "C:\Users\Ivan.Corona\AppData\Local\Programs\Python\Python314\Lib\site-packages\fastapi\routing.py", line 430, in app
    raw_response = await run_endpoint_function(
                   ^^^^^^^^^^^^^^^^^^^^^^^^^^^^
    ...<3 lines>...
    )
    ^
  File "C:\Users\Ivan.Corona\AppData\Local\Programs\Python\Python314\Lib\site-packages\fastapi\routing.py", line 318, in run_endpoint_function
    return await run_in_threadpool(dependant.call, **values)
           ^^^^^^^^^^^^^^^^^^^^^^^^^^^^^^^^^^^^^^^^^^^^^^^^^
  File "C:\Users\Ivan.Corona\AppData\Local\Programs\Python\Python314\Lib\site-packages\starlette\concurrency.py", line 32, in run_in_threadpool
    return await anyio.to_thread.run_sync(func)
           ^^^^^^^^^^^^^^^^^^^^^^^^^^^^^^^^^^^^
  File "C:\Users\Ivan.Corona\AppData\Local\Programs\Python\Python314\Lib\site-packages\anyio\to_thread.py", line 61, in run_sync
    return await get_async_backend().run_sync_in_worker_thread(
           ^^^^^^^^^^^^^^^^^^^^^^^^^^^^^^^^^^^^^^^^^^^^^^^^^^^^
        func, args, abandon_on_cancel=abandon_on_cancel, limiter=limiter
        ^^^^^^^^^^^^^^^^^^^^^^^^^^^^^^^^^^^^^^^^^^^^^^^^^^^^^^^^^^^^^^^^
    )
    ^
  File "C:\Users\Ivan.Corona\AppData\Local\Programs\Python\Python314\Lib\site-packages\anyio\_backends\_asyncio.py", line 2525, in run_sync_in_worker_thread
    return await future
           ^^^^^^^^^^^^
  File "C:\Users\Ivan.Corona\AppData\Local\Programs\Python\Python314\Lib\site-packages\anyio\_backends\_asyncio.py", line 986, in run
    result = context.run(func, *args)
  File "C:\Users\Ivan.Corona\.gemini\antigravity\scratch\toolcrib\app\api\v1\endpoints\cycle_counts.py", line 28, in create_session
    raise e
  File "C:\Users\Ivan.Corona\.gemini\antigravity\scratch\toolcrib\app\api\v1\endpoints\cycle_counts.py", line 23, in create_session
    result = CycleCountService.create_session(data, current_user.id)
  File "C:\Users\Ivan.Corona\.gemini\antigravity\scratch\toolcrib\app\services\cycle_count_service.py", line 40, in create_session
    res = supabase_admin.table('cycle_count_sessions').insert(payload).execute()
  File "C:\Users\Ivan.Corona\AppData\Local\Programs\Python\Python314\Lib\site-packages\postgrest\_sync\request_builder.py", line 47, in execute
    r = self.request.send()
  File "C:\Users\Ivan.Corona\AppData\Local\Programs\Python\Python314\Lib\site-packages\postgrest\base_request_builder.py", line 81, in send
    return self.session.request(
           ~~~~~~~~~~~~~~~~~~~~^
        self.http_method,
        ^^^^^^^^^^^^^^^^^
    ...<4 lines>...
        auth=self.auth,
        ^^^^^^^^^^^^^^^
    )
    ^
  File "C:\Users\Ivan.Corona\AppData\Local\Programs\Python\Python314\Lib\site-packages\httpx\_client.py", line 812, in request
    request = self.build_request(
        method=method,
    ...<9 lines>...
        extensions=extensions,
    )
  File "C:\Users\Ivan.Corona\AppData\Local\Programs\Python\Python314\Lib\site-packages\httpx\_client.py", line 378, in build_request
    return Request(
        method,
    ...<8 lines>...
        extensions=extensions,
    )
  File "C:\Users\Ivan.Corona\AppData\Local\Programs\Python\Python314\Lib\site-packages\httpx\_models.py", line 408, in __init__
    headers, stream = encode_request(
                      ~~~~~~~~~~~~~~^
        content=content,
        ^^^^^^^^^^^^^^^^
    ...<7 lines>...
        ),
        ^^
    )
    ^
  File "C:\Users\Ivan.Corona\AppData\Local\Programs\Python\Python314\Lib\site-packages\httpx\_content.py", line 216, in encode_request
    return encode_json(json)
  File "C:\Users\Ivan.Corona\AppData\Local\Programs\Python\Python314\Lib\site-packages\httpx\_content.py", line 177, in encode_json
    body = json_dumps(
           ~~~~~~~~~~^
        json, ensure_ascii=False, separators=(",", ":"), allow_nan=False
        ^^^^^^^^^^^^^^^^^^^^^^^^^^^^^^^^^^^^^^^^^^^^^^^^^^^^^^^^^^^^^^^^
    ).encode("utf-8")
    ^
  File "C:\Users\Ivan.Corona\AppData\Local\Programs\Python\Python314\Lib\json\__init__.py", line 238, in dumps
    **kw).encode(obj)
          ~~~~~~^^^^^
  File "C:\Users\Ivan.Corona\AppData\Local\Programs\Python\Python314\Lib\json\encoder.py", line 200, in encode
    chunks = self.iterencode(o, _one_shot=True)
  File "C:\Users\Ivan.Corona\AppData\Local\Programs\Python\Python314\Lib\json\encoder.py", line 261, in iterencode
    return _iterencode(o, 0)
  File "C:\Users\Ivan.Corona\AppData\Local\Programs\Python\Python314\Lib\json\encoder.py", line 180, in default
    raise TypeError(f'Object of type {o.__class__.__name__} '
                    f'is not JSON serializable')
TypeError: Object of type UUID is not JSON serializable
when serializing dict item 'assigned_to'

[MIDDLEWARE OUTER] POST http://localhost:8002/api/v1/cycle-counts
[MIDDLEWARE OUTER] POST http://localhost:8002/api/v1/cycle-counts/
[MIDDLEWARE CRASH] Object of type UUID is not JSON serializable
Traceback (most recent call last):
  File "C:\Users\Ivan.Corona\.gemini\antigravity\scratch\toolcrib\app\main.py", line 51, in dispatch
    response = await call_next(request)
               ^^^^^^^^^^^^^^^^^^^^^^^^
  File "C:\Users\Ivan.Corona\AppData\Local\Programs\Python\Python314\Lib\site-packages\starlette\middleware\base.py", line 168, in call_next
    raise app_exc from app_exc.__cause__ or app_exc.__context__
  File "C:\Users\Ivan.Corona\AppData\Local\Programs\Python\Python314\Lib\site-packages\starlette\middleware\base.py", line 144, in coro
    await self.app(scope, receive_or_disconnect, send_no_error)
  File "C:\Users\Ivan.Corona\AppData\Local\Programs\Python\Python314\Lib\site-packages\starlette\middleware\cors.py", line 93, in __call__
    await self.simple_response(scope, receive, send, request_headers=headers)
  File "C:\Users\Ivan.Corona\AppData\Local\Programs\Python\Python314\Lib\site-packages\starlette\middleware\cors.py", line 144, in simple_response
    await self.app(scope, receive, send)
  File "C:\Users\Ivan.Corona\AppData\Local\Programs\Python\Python314\Lib\site-packages\starlette\middleware\exceptions.py", line 63, in __call__
    await wrap_app_handling_exceptions(self.app, conn)(scope, receive, send)
  File "C:\Users\Ivan.Corona\AppData\Local\Programs\Python\Python314\Lib\site-packages\starlette\_exception_handler.py", line 53, in wrapped_app
    raise exc
  File "C:\Users\Ivan.Corona\AppData\Local\Programs\Python\Python314\Lib\site-packages\starlette\_exception_handler.py", line 42, in wrapped_app
    await app(scope, receive, sender)
  File "C:\Users\Ivan.Corona\AppData\Local\Programs\Python\Python314\Lib\site-packages\fastapi\middleware\asyncexitstack.py", line 18, in __call__
    await self.app(scope, receive, send)
  File "C:\Users\Ivan.Corona\AppData\Local\Programs\Python\Python314\Lib\site-packages\starlette\routing.py", line 716, in __call__
    await self.middleware_stack(scope, receive, send)
  File "C:\Users\Ivan.Corona\AppData\Local\Programs\Python\Python314\Lib\site-packages\starlette\routing.py", line 736, in app
    await route.handle(scope, receive, send)
  File "C:\Users\Ivan.Corona\AppData\Local\Programs\Python\Python314\Lib\site-packages\starlette\routing.py", line 290, in handle
    await self.app(scope, receive, send)
  File "C:\Users\Ivan.Corona\AppData\Local\Programs\Python\Python314\Lib\site-packages\fastapi\routing.py", line 120, in app
    await wrap_app_handling_exceptions(app, request)(scope, receive, send)
  File "C:\Users\Ivan.Corona\AppData\Local\Programs\Python\Python314\Lib\site-packages\starlette\_exception_handler.py", line 53, in wrapped_app
    raise exc
  File "C:\Users\Ivan.Corona\AppData\Local\Programs\Python\Python314\Lib\site-packages\starlette\_exception_handler.py", line 42, in wrapped_app
    await app(scope, receive, sender)
  File "C:\Users\Ivan.Corona\AppData\Local\Programs\Python\Python314\Lib\site-packages\fastapi\routing.py", line 106, in app
    response = await f(request)
               ^^^^^^^^^^^^^^^^
  File "C:\Users\Ivan.Corona\AppData\Local\Programs\Python\Python314\Lib\site-packages\fastapi\routing.py", line 430, in app
    raw_response = await run_endpoint_function(
                   ^^^^^^^^^^^^^^^^^^^^^^^^^^^^
    ...<3 lines>...
    )
    ^
  File "C:\Users\Ivan.Corona\AppData\Local\Programs\Python\Python314\Lib\site-packages\fastapi\routing.py", line 318, in run_endpoint_function
    return await run_in_threadpool(dependant.call, **values)
           ^^^^^^^^^^^^^^^^^^^^^^^^^^^^^^^^^^^^^^^^^^^^^^^^^
  File "C:\Users\Ivan.Corona\AppData\Local\Programs\Python\Python314\Lib\site-packages\starlette\concurrency.py", line 32, in run_in_threadpool
    return await anyio.to_thread.run_sync(func)
           ^^^^^^^^^^^^^^^^^^^^^^^^^^^^^^^^^^^^
  File "C:\Users\Ivan.Corona\AppData\Local\Programs\Python\Python314\Lib\site-packages\anyio\to_thread.py", line 61, in run_sync
    return await get_async_backend().run_sync_in_worker_thread(
           ^^^^^^^^^^^^^^^^^^^^^^^^^^^^^^^^^^^^^^^^^^^^^^^^^^^^
        func, args, abandon_on_cancel=abandon_on_cancel, limiter=limiter
        ^^^^^^^^^^^^^^^^^^^^^^^^^^^^^^^^^^^^^^^^^^^^^^^^^^^^^^^^^^^^^^^^
    )
    ^
  File "C:\Users\Ivan.Corona\AppData\Local\Programs\Python\Python314\Lib\site-packages\anyio\_backends\_asyncio.py", line 2525, in run_sync_in_worker_thread
    return await future
           ^^^^^^^^^^^^
  File "C:\Users\Ivan.Corona\AppData\Local\Programs\Python\Python314\Lib\site-packages\anyio\_backends\_asyncio.py", line 986, in run
    result = context.run(func, *args)
  File "C:\Users\Ivan.Corona\.gemini\antigravity\scratch\toolcrib\app\api\v1\endpoints\cycle_counts.py", line 28, in create_session
    raise e
  File "C:\Users\Ivan.Corona\.gemini\antigravity\scratch\toolcrib\app\api\v1\endpoints\cycle_counts.py", line 23, in create_session
    result = CycleCountService.create_session(data, current_user.id)
  File "C:\Users\Ivan.Corona\.gemini\antigravity\scratch\toolcrib\app\services\cycle_count_service.py", line 40, in create_session
    res = supabase_admin.table('cycle_count_sessions').insert(payload).execute()
  File "C:\Users\Ivan.Corona\AppData\Local\Programs\Python\Python314\Lib\site-packages\postgrest\_sync\request_builder.py", line 47, in execute
    r = self.request.send()
  File "C:\Users\Ivan.Corona\AppData\Local\Programs\Python\Python314\Lib\site-packages\postgrest\base_request_builder.py", line 81, in send
    return self.session.request(
           ~~~~~~~~~~~~~~~~~~~~^
        self.http_method,
        ^^^^^^^^^^^^^^^^^
    ...<4 lines>...
        auth=self.auth,
        ^^^^^^^^^^^^^^^
    )
    ^
  File "C:\Users\Ivan.Corona\AppData\Local\Programs\Python\Python314\Lib\site-packages\httpx\_client.py", line 812, in request
    request = self.build_request(
        method=method,
    ...<9 lines>...
        extensions=extensions,
    )
  File "C:\Users\Ivan.Corona\AppData\Local\Programs\Python\Python314\Lib\site-packages\httpx\_client.py", line 378, in build_request
    return Request(
        method,
    ...<8 lines>...
        extensions=extensions,
    )
  File "C:\Users\Ivan.Corona\AppData\Local\Programs\Python\Python314\Lib\site-packages\httpx\_models.py", line 408, in __init__
    headers, stream = encode_request(
                      ~~~~~~~~~~~~~~^
        content=content,
        ^^^^^^^^^^^^^^^^
    ...<7 lines>...
        ),
        ^^
    )
    ^
  File "C:\Users\Ivan.Corona\AppData\Local\Programs\Python\Python314\Lib\site-packages\httpx\_content.py", line 216, in encode_request
    return encode_json(json)
  File "C:\Users\Ivan.Corona\AppData\Local\Programs\Python\Python314\Lib\site-packages\httpx\_content.py", line 177, in encode_json
    body = json_dumps(
           ~~~~~~~~~~^
        json, ensure_ascii=False, separators=(",", ":"), allow_nan=False
        ^^^^^^^^^^^^^^^^^^^^^^^^^^^^^^^^^^^^^^^^^^^^^^^^^^^^^^^^^^^^^^^^
    ).encode("utf-8")
    ^
  File "C:\Users\Ivan.Corona\AppData\Local\Programs\Python\Python314\Lib\json\__init__.py", line 238, in dumps
    **kw).encode(obj)
          ~~~~~~^^^^^
  File "C:\Users\Ivan.Corona\AppData\Local\Programs\Python\Python314\Lib\json\encoder.py", line 200, in encode
    chunks = self.iterencode(o, _one_shot=True)
  File "C:\Users\Ivan.Corona\AppData\Local\Programs\Python\Python314\Lib\json\encoder.py", line 261, in iterencode
    return _iterencode(o, 0)
  File "C:\Users\Ivan.Corona\AppData\Local\Programs\Python\Python314\Lib\json\encoder.py", line 180, in default
    raise TypeError(f'Object of type {o.__class__.__name__} '
                    f'is not JSON serializable')
TypeError: Object of type UUID is not JSON serializable
when serializing dict item 'assigned_to'

[MIDDLEWARE OUTER] GET http://localhost:8002/api/v1/cycle-counts
[MIDDLEWARE OUTER] GET http://localhost:8002/api/v1/cycle-counts/
[MIDDLEWARE OUTER] GET http://localhost:8002/api/v1/users/debug/check
[MIDDLEWARE OUTER] GET http://localhost:8002/api/v1/materials/catalog
[MIDDLEWARE OUTER] OPTIONS http://localhost:8002/api/v1/users/debug/check
[MIDDLEWARE OUTER] OPTIONS http://localhost:8002/api/v1/requisitions
[MIDDLEWARE OUTER] OPTIONS http://localhost:8002/api/v1/requisitions
[MIDDLEWARE OUTER] OPTIONS http://localhost:8002/api/v1/users/debug/check
[MIDDLEWARE OUTER] OPTIONS http://localhost:8002/api/v1/requisitions
[MIDDLEWARE OUTER] GET http://localhost:8002/api/v1/users/debug/check
[MIDDLEWARE OUTER] GET http://localhost:8002/api/v1/requisitions
[MIDDLEWARE OUTER] GET http://localhost:8002/api/v1/requisitions
[MIDDLEWARE OUTER] OPTIONS http://localhost:8002/api/v1/requisitions/inbox
[MIDDLEWARE OUTER] GET http://localhost:8002/api/v1/requisitions/inbox
[MIDDLEWARE OUTER] GET http://localhost:8002/api/v1/requisitions
[MIDDLEWARE OUTER] GET http://localhost:8002/api/v1/requisitions/inbox
[MIDDLEWARE OUTER] GET http://localhost:8002/api/v1/users/debug/check
[MIDDLEWARE OUTER] GET http://localhost:8002/api/v1/requisitions/inbox
[MIDDLEWARE OUTER] OPTIONS http://localhost:8002/api/v1/cycle-counts
[MIDDLEWARE OUTER] GET http://localhost:8002/api/v1/cycle-counts
[MIDDLEWARE OUTER] OPTIONS http://localhost:8002/api/v1/cycle-counts/
[MIDDLEWARE OUTER] GET http://localhost:8002/api/v1/cycle-counts/
[MIDDLEWARE OUTER] GET http://localhost:8002/api/v1/users/debug/check
[MIDDLEWARE OUTER] OPTIONS http://localhost:8002/api/v1/materials/catalog
[MIDDLEWARE OUTER] GET http://localhost:8002/api/v1/materials/catalog
[MIDDLEWARE OUTER] GET http://localhost:8002/api/v1/users/debug/check
[MIDDLEWARE OUTER] GET http://localhost:8002/api/v1/users/debug/check
[MIDDLEWARE OUTER] POST http://localhost:8002/api/v1/cycle-counts
[MIDDLEWARE OUTER] POST http://localhost:8002/api/v1/cycle-counts/
[MIDDLEWARE CRASH] Object of type UUID is not JSON serializable
Traceback (most recent call last):
  File "C:\Users\Ivan.Corona\.gemini\antigravity\scratch\toolcrib\app\main.py", line 51, in dispatch
    response = await call_next(request)
               ^^^^^^^^^^^^^^^^^^^^^^^^
  File "C:\Users\Ivan.Corona\AppData\Local\Programs\Python\Python314\Lib\site-packages\starlette\middleware\base.py", line 168, in call_next
    raise app_exc from app_exc.__cause__ or app_exc.__context__
  File "C:\Users\Ivan.Corona\AppData\Local\Programs\Python\Python314\Lib\site-packages\starlette\middleware\base.py", line 144, in coro
    await self.app(scope, receive_or_disconnect, send_no_error)
  File "C:\Users\Ivan.Corona\AppData\Local\Programs\Python\Python314\Lib\site-packages\starlette\middleware\cors.py", line 93, in __call__
    await self.simple_response(scope, receive, send, request_headers=headers)
  File "C:\Users\Ivan.Corona\AppData\Local\Programs\Python\Python314\Lib\site-packages\starlette\middleware\cors.py", line 144, in simple_response
    await self.app(scope, receive, send)
  File "C:\Users\Ivan.Corona\AppData\Local\Programs\Python\Python314\Lib\site-packages\starlette\middleware\exceptions.py", line 63, in __call__
    await wrap_app_handling_exceptions(self.app, conn)(scope, receive, send)
  File "C:\Users\Ivan.Corona\AppData\Local\Programs\Python\Python314\Lib\site-packages\starlette\_exception_handler.py", line 53, in wrapped_app
    raise exc
  File "C:\Users\Ivan.Corona\AppData\Local\Programs\Python\Python314\Lib\site-packages\starlette\_exception_handler.py", line 42, in wrapped_app
    await app(scope, receive, sender)
  File "C:\Users\Ivan.Corona\AppData\Local\Programs\Python\Python314\Lib\site-packages\fastapi\middleware\asyncexitstack.py", line 18, in __call__
    await self.app(scope, receive, send)
  File "C:\Users\Ivan.Corona\AppData\Local\Programs\Python\Python314\Lib\site-packages\starlette\routing.py", line 716, in __call__
    await self.middleware_stack(scope, receive, send)
  File "C:\Users\Ivan.Corona\AppData\Local\Programs\Python\Python314\Lib\site-packages\starlette\routing.py", line 736, in app
    await route.handle(scope, receive, send)
  File "C:\Users\Ivan.Corona\AppData\Local\Programs\Python\Python314\Lib\site-packages\starlette\routing.py", line 290, in handle
    await self.app(scope, receive, send)
  File "C:\Users\Ivan.Corona\AppData\Local\Programs\Python\Python314\Lib\site-packages\fastapi\routing.py", line 120, in app
    await wrap_app_handling_exceptions(app, request)(scope, receive, send)
  File "C:\Users\Ivan.Corona\AppData\Local\Programs\Python\Python314\Lib\site-packages\starlette\_exception_handler.py", line 53, in wrapped_app
    raise exc
  File "C:\Users\Ivan.Corona\AppData\Local\Programs\Python\Python314\Lib\site-packages\starlette\_exception_handler.py", line 42, in wrapped_app
    await app(scope, receive, sender)
  File "C:\Users\Ivan.Corona\AppData\Local\Programs\Python\Python314\Lib\site-packages\fastapi\routing.py", line 106, in app
    response = await f(request)
               ^^^^^^^^^^^^^^^^
  File "C:\Users\Ivan.Corona\AppData\Local\Programs\Python\Python314\Lib\site-packages\fastapi\routing.py", line 430, in app
    raw_response = await run_endpoint_function(
                   ^^^^^^^^^^^^^^^^^^^^^^^^^^^^
    ...<3 lines>...
    )
    ^
  File "C:\Users\Ivan.Corona\AppData\Local\Programs\Python\Python314\Lib\site-packages\fastapi\routing.py", line 318, in run_endpoint_function
    return await run_in_threadpool(dependant.call, **values)
           ^^^^^^^^^^^^^^^^^^^^^^^^^^^^^^^^^^^^^^^^^^^^^^^^^
  File "C:\Users\Ivan.Corona\AppData\Local\Programs\Python\Python314\Lib\site-packages\starlette\concurrency.py", line 32, in run_in_threadpool
    return await anyio.to_thread.run_sync(func)
           ^^^^^^^^^^^^^^^^^^^^^^^^^^^^^^^^^^^^
  File "C:\Users\Ivan.Corona\AppData\Local\Programs\Python\Python314\Lib\site-packages\anyio\to_thread.py", line 61, in run_sync
    return await get_async_backend().run_sync_in_worker_thread(
           ^^^^^^^^^^^^^^^^^^^^^^^^^^^^^^^^^^^^^^^^^^^^^^^^^^^^
        func, args, abandon_on_cancel=abandon_on_cancel, limiter=limiter
        ^^^^^^^^^^^^^^^^^^^^^^^^^^^^^^^^^^^^^^^^^^^^^^^^^^^^^^^^^^^^^^^^
    )
    ^
  File "C:\Users\Ivan.Corona\AppData\Local\Programs\Python\Python314\Lib\site-packages\anyio\_backends\_asyncio.py", line 2525, in run_sync_in_worker_thread
    return await future
           ^^^^^^^^^^^^
  File "C:\Users\Ivan.Corona\AppData\Local\Programs\Python\Python314\Lib\site-packages\anyio\_backends\_asyncio.py", line 986, in run
    result = context.run(func, *args)
  File "C:\Users\Ivan.Corona\.gemini\antigravity\scratch\toolcrib\app\api\v1\endpoints\cycle_counts.py", line 28, in create_session
    raise e
  File "C:\Users\Ivan.Corona\.gemini\antigravity\scratch\toolcrib\app\api\v1\endpoints\cycle_counts.py", line 23, in create_session
    result = CycleCountService.create_session(data, current_user.id)
  File "C:\Users\Ivan.Corona\.gemini\antigravity\scratch\toolcrib\app\services\cycle_count_service.py", line 40, in create_session
    res = supabase_admin.table('cycle_count_sessions').insert(payload).execute()
  File "C:\Users\Ivan.Corona\AppData\Local\Programs\Python\Python314\Lib\site-packages\postgrest\_sync\request_builder.py", line 47, in execute
    r = self.request.send()
  File "C:\Users\Ivan.Corona\AppData\Local\Programs\Python\Python314\Lib\site-packages\postgrest\base_request_builder.py", line 81, in send
    return self.session.request(
           ~~~~~~~~~~~~~~~~~~~~^
        self.http_method,
        ^^^^^^^^^^^^^^^^^
    ...<4 lines>...
        auth=self.auth,
        ^^^^^^^^^^^^^^^
    )
    ^
  File "C:\Users\Ivan.Corona\AppData\Local\Programs\Python\Python314\Lib\site-packages\httpx\_client.py", line 812, in request
    request = self.build_request(
        method=method,
    ...<9 lines>...
        extensions=extensions,
    )
  File "C:\Users\Ivan.Corona\AppData\Local\Programs\Python\Python314\Lib\site-packages\httpx\_client.py", line 378, in build_request
    return Request(
        method,
    ...<8 lines>...
        extensions=extensions,
    )
  File "C:\Users\Ivan.Corona\AppData\Local\Programs\Python\Python314\Lib\site-packages\httpx\_models.py", line 408, in __init__
    headers, stream = encode_request(
                      ~~~~~~~~~~~~~~^
        content=content,
        ^^^^^^^^^^^^^^^^
    ...<7 lines>...
        ),
        ^^
    )
    ^
  File "C:\Users\Ivan.Corona\AppData\Local\Programs\Python\Python314\Lib\site-packages\httpx\_content.py", line 216, in encode_request
    return encode_json(json)
  File "C:\Users\Ivan.Corona\AppData\Local\Programs\Python\Python314\Lib\site-packages\httpx\_content.py", line 177, in encode_json
    body = json_dumps(
           ~~~~~~~~~~^
        json, ensure_ascii=False, separators=(",", ":"), allow_nan=False
        ^^^^^^^^^^^^^^^^^^^^^^^^^^^^^^^^^^^^^^^^^^^^^^^^^^^^^^^^^^^^^^^^
    ).encode("utf-8")
    ^
  File "C:\Users\Ivan.Corona\AppData\Local\Programs\Python\Python314\Lib\json\__init__.py", line 238, in dumps
    **kw).encode(obj)
          ~~~~~~^^^^^
  File "C:\Users\Ivan.Corona\AppData\Local\Programs\Python\Python314\Lib\json\encoder.py", line 200, in encode
    chunks = self.iterencode(o, _one_shot=True)
  File "C:\Users\Ivan.Corona\AppData\Local\Programs\Python\Python314\Lib\json\encoder.py", line 261, in iterencode
    return _iterencode(o, 0)
  File "C:\Users\Ivan.Corona\AppData\Local\Programs\Python\Python314\Lib\json\encoder.py", line 180, in default
    raise TypeError(f'Object of type {o.__class__.__name__} '
                    f'is not JSON serializable')
TypeError: Object of type UUID is not JSON serializable
when serializing dict item 'assigned_to'

[MIDDLEWARE OUTER] GET http://localhost:8002/api/v1/cycle-counts
[MIDDLEWARE OUTER] GET http://localhost:8002/api/v1/cycle-counts/

[SYSTEM] SERVER RESTARTED AT 2026-01-20 12:30:35
[MIDDLEWARE OUTER] OPTIONS http://localhost:8002/api/v1/users/debug/check
[MIDDLEWARE OUTER] OPTIONS http://localhost:8002/api/v1/requisitions
[MIDDLEWARE OUTER] OPTIONS http://localhost:8002/api/v1/users/debug/check
[MIDDLEWARE OUTER] OPTIONS http://localhost:8002/api/v1/requisitions
[MIDDLEWARE OUTER] OPTIONS http://localhost:8002/api/v1/requisitions
[MIDDLEWARE OUTER] OPTIONS http://localhost:8002/api/v1/users/debug/check
[MIDDLEWARE OUTER] OPTIONS http://localhost:8002/api/v1/users/debug/check
[MIDDLEWARE OUTER] GET http://localhost:8002/api/v1/users/debug/check
[MIDDLEWARE OUTER] GET http://localhost:8002/api/v1/requisitions
[MIDDLEWARE OUTER] GET http://localhost:8002/api/v1/users/debug/check
[MIDDLEWARE OUTER] GET http://localhost:8002/api/v1/users/debug/check
[MIDDLEWARE OUTER] GET http://localhost:8002/api/v1/requisitions
[MIDDLEWARE OUTER] OPTIONS http://localhost:8002/api/v1/requisitions/inbox
[MIDDLEWARE OUTER] GET http://localhost:8002/api/v1/requisitions/inbox
[MIDDLEWARE OUTER] GET http://localhost:8002/api/v1/requisitions
[MIDDLEWARE OUTER] GET http://localhost:8002/api/v1/requisitions/inbox
[MIDDLEWARE OUTER] GET http://localhost:8002/api/v1/users/debug/check
[MIDDLEWARE OUTER] GET http://localhost:8002/api/v1/requisitions/inbox
[MIDDLEWARE OUTER] OPTIONS http://localhost:8002/api/v1/materials/27/history
[MIDDLEWARE OUTER] GET http://localhost:8002/api/v1/materials/27/history
[MIDDLEWARE OUTER] GET http://localhost:8002/api/v1/users/debug/check
[MIDDLEWARE OUTER] OPTIONS http://localhost:8002/api/v1/cycle-counts
[MIDDLEWARE OUTER] GET http://localhost:8002/api/v1/cycle-counts
[MIDDLEWARE OUTER] OPTIONS http://localhost:8002/api/v1/cycle-counts/
[MIDDLEWARE OUTER] GET http://localhost:8002/api/v1/cycle-counts/
[MIDDLEWARE OUTER] GET http://localhost:8002/api/v1/users/debug/check
[MIDDLEWARE OUTER] GET http://127.0.0.1:8002/api/v1/cycle-counts
[MIDDLEWARE OUTER] GET http://127.0.0.1:8002/api/v1/cycle-counts/
[MIDDLEWARE OUTER] GET http://localhost:8002/api/v1/users/debug/check
[MIDDLEWARE OUTER] OPTIONS http://localhost:8002/api/v1/users/debug/check
[MIDDLEWARE OUTER] GET http://localhost:8002/api/v1/users/debug/check
[MIDDLEWARE OUTER] OPTIONS http://localhost:8002/api/v1/users/debug/check
[MIDDLEWARE OUTER] GET http://localhost:8002/api/v1/users/debug/check
[MIDDLEWARE OUTER] GET http://localhost:8002/api/v1/users/debug/check
[MIDDLEWARE OUTER] OPTIONS http://localhost:8002/api/v1/cycle-counts
[MIDDLEWARE OUTER] GET http://localhost:8002/api/v1/cycle-counts
[MIDDLEWARE OUTER] OPTIONS http://localhost:8002/api/v1/cycle-counts/
[MIDDLEWARE OUTER] GET http://localhost:8002/api/v1/cycle-counts/
[MIDDLEWARE OUTER] GET http://localhost:8002/api/v1/users/debug/check
[MIDDLEWARE OUTER] GET http://localhost:8002/api/v1/cycle-counts
[MIDDLEWARE OUTER] GET http://localhost:8002/api/v1/cycle-counts/
[MIDDLEWARE OUTER] GET http://localhost:8002/api/v1/users/debug/check
[MIDDLEWARE OUTER] OPTIONS http://localhost:8002/api/v1/users/debug/check
[MIDDLEWARE OUTER] GET http://localhost:8002/api/v1/users/debug/check
[MIDDLEWARE OUTER] OPTIONS http://localhost:8002/api/v1/requisitions
[MIDDLEWARE OUTER] GET http://localhost:8002/api/v1/users/debug/check
[MIDDLEWARE OUTER] OPTIONS http://localhost:8002/api/v1/requisitions
[MIDDLEWARE OUTER] GET http://localhost:8002/api/v1/requisitions
[MIDDLEWARE OUTER] GET http://localhost:8002/api/v1/requisitions
[MIDDLEWARE OUTER] OPTIONS http://localhost:8002/api/v1/requisitions/inbox
[MIDDLEWARE OUTER] GET http://localhost:8002/api/v1/requisitions/inbox
[MIDDLEWARE OUTER] GET http://localhost:8002/api/v1/requisitions
[MIDDLEWARE OUTER] GET http://localhost:8002/api/v1/requisitions/inbox
[MIDDLEWARE OUTER] GET http://localhost:8002/api/v1/requisitions/inbox
[MIDDLEWARE OUTER] GET http://localhost:8002/api/v1/users/debug/check
[MIDDLEWARE OUTER] OPTIONS http://localhost:8002/api/v1/cycle-counts
[MIDDLEWARE OUTER] GET http://localhost:8002/api/v1/cycle-counts
[MIDDLEWARE OUTER] OPTIONS http://localhost:8002/api/v1/cycle-counts/
[MIDDLEWARE OUTER] GET http://localhost:8002/api/v1/cycle-counts/
[MIDDLEWARE OUTER] GET http://localhost:8002/api/v1/users/debug/check
[MIDDLEWARE OUTER] GET http://localhost:8002/api/v1/users/debug/check
[MIDDLEWARE OUTER] GET http://localhost:8002/api/v1/users/debug/check
[MIDDLEWARE OUTER] OPTIONS http://localhost:8002/api/v1/users/a4f7c085-100d-44ee-91d2-d884a0503031/impersonate
[MIDDLEWARE OUTER] POST http://localhost:8002/api/v1/users/a4f7c085-100d-44ee-91d2-d884a0503031/impersonate
[MIDDLEWARE OUTER] OPTIONS http://localhost:8002/api/v1/users/debug/check
[MIDDLEWARE OUTER] OPTIONS http://localhost:8002/api/v1/users/debug/check
[MIDDLEWARE OUTER] OPTIONS http://localhost:8002/api/v1/users/debug/check
[MIDDLEWARE OUTER] GET http://localhost:8002/api/v1/users/debug/check
[MIDDLEWARE OUTER] GET http://localhost:8002/api/v1/users/debug/check
[MIDDLEWARE OUTER] GET http://localhost:8002/api/v1/users/debug/check
[MIDDLEWARE OUTER] OPTIONS http://localhost:8002/api/v1/cycle-counts
[MIDDLEWARE OUTER] GET http://localhost:8002/api/v1/cycle-counts
[MIDDLEWARE OUTER] OPTIONS http://localhost:8002/api/v1/cycle-counts/
[MIDDLEWARE OUTER] GET http://localhost:8002/api/v1/cycle-counts/
[MIDDLEWARE OUTER] GET http://localhost:8002/api/v1/users/debug/check
[MIDDLEWARE OUTER] GET http://localhost:8002/api/v1/users/debug/check
[MIDDLEWARE OUTER] GET http://localhost:8002/api/v1/users/debug/check
[MIDDLEWARE OUTER] GET http://localhost:8002/api/v1/users/debug/check
[MIDDLEWARE OUTER] GET http://localhost:8002/api/v1/users/debug/check
[MIDDLEWARE OUTER] GET http://localhost:8002/api/v1/users/debug/check
[MIDDLEWARE OUTER] GET http://localhost:8002/api/v1/users/debug/check
[MIDDLEWARE OUTER] GET http://localhost:8002/api/v1/users/debug/check
[MIDDLEWARE OUTER] GET http://localhost:8002/api/v1/users/debug/check
[MIDDLEWARE OUTER] GET http://localhost:8002/api/v1/users/debug/check
[MIDDLEWARE OUTER] GET http://localhost:8002/api/v1/users/debug/check
[MIDDLEWARE OUTER] GET http://localhost:8002/api/v1/users/debug/check
[MIDDLEWARE OUTER] GET http://localhost:8002/api/v1/users/debug/check
[MIDDLEWARE OUTER] GET http://localhost:8002/api/v1/users/debug/check
[MIDDLEWARE OUTER] GET http://localhost:8002/api/v1/users/debug/check
[MIDDLEWARE OUTER] GET http://localhost:8002/api/v1/users/debug/check
[MIDDLEWARE OUTER] GET http://localhost:8002/api/v1/users/debug/check
[MIDDLEWARE OUTER] GET http://localhost:8002/api/v1/users/debug/check
[MIDDLEWARE OUTER] GET http://localhost:8002/api/v1/users/debug/check
[MIDDLEWARE OUTER] GET http://localhost:8002/api/v1/users/debug/check
[MIDDLEWARE OUTER] GET http://localhost:8002/api/v1/users/debug/check
[MIDDLEWARE OUTER] GET http://localhost:8002/api/v1/users/debug/check
[MIDDLEWARE OUTER] GET http://localhost:8002/api/v1/users/debug/check
[MIDDLEWARE OUTER] GET http://localhost:8002/api/v1/users/debug/check
[MIDDLEWARE OUTER] GET http://localhost:8002/api/v1/users/debug/check
[MIDDLEWARE OUTER] GET http://localhost:8002/api/v1/users/debug/check
[MIDDLEWARE OUTER] GET http://localhost:8002/api/v1/users/debug/check
[MIDDLEWARE OUTER] GET http://localhost:8002/api/v1/users/debug/check
[MIDDLEWARE OUTER] GET http://localhost:8002/api/v1/users/debug/check
[MIDDLEWARE OUTER] GET http://localhost:8002/api/v1/users/debug/check
[MIDDLEWARE OUTER] GET http://localhost:8002/api/v1/cycle-counts
[MIDDLEWARE OUTER] GET http://localhost:8002/api/v1/users/debug/check
[MIDDLEWARE OUTER] GET http://localhost:8002/api/v1/users/debug/check
[MIDDLEWARE OUTER] GET http://localhost:8002/api/v1/users/debug/check
[MIDDLEWARE OUTER] GET http://localhost:8002/api/v1/users/debug/check
[MIDDLEWARE OUTER] GET http://localhost:8002/api/v1/cycle-counts/
[MIDDLEWARE OUTER] GET http://localhost:8002/api/v1/users/debug/check
[MIDDLEWARE OUTER] GET http://localhost:8002/api/v1/users/debug/check
[MIDDLEWARE OUTER] GET http://localhost:8002/api/v1/users/debug/check
[MIDDLEWARE OUTER] GET http://localhost:8002/api/v1/cycle-counts
[MIDDLEWARE OUTER] GET http://localhost:8002/api/v1/cycle-counts/
[MIDDLEWARE OUTER] GET http://localhost:8002/api/v1/cycle-counts
[MIDDLEWARE OUTER] GET http://localhost:8002/api/v1/cycle-counts/
[MIDDLEWARE OUTER] GET http://localhost:8002/api/v1/users/debug/check
[MIDDLEWARE OUTER] GET http://localhost:8002/api/v1/users/debug/check
[MIDDLEWARE OUTER] GET http://localhost:8002/api/v1/cycle-counts
[MIDDLEWARE OUTER] GET http://localhost:8002/api/v1/cycle-counts/
[MIDDLEWARE OUTER] GET http://localhost:8002/api/v1/users/debug/check
[MIDDLEWARE OUTER] POST http://localhost:8002/api/v1/users/a4f7c085-100d-44ee-91d2-d884a0503031/impersonate
[MIDDLEWARE OUTER] GET http://localhost:8002/api/v1/users/debug/check
[MIDDLEWARE OUTER] GET http://localhost:8002/api/v1/users/debug/check
[MIDDLEWARE OUTER] GET http://localhost:8002/api/v1/cycle-counts
[MIDDLEWARE OUTER] GET http://localhost:8002/api/v1/cycle-counts/
[MIDDLEWARE OUTER] GET http://localhost:8002/api/v1/users/debug/check
[MIDDLEWARE OUTER] GET http://localhost:8002/api/v1/users/debug/check
[MIDDLEWARE OUTER] GET http://localhost:8002/api/v1/users/debug/check
[MIDDLEWARE OUTER] GET http://localhost:8002/api/v1/users/debug/check
[MIDDLEWARE OUTER] GET http://localhost:8002/api/v1/users/debug/check
[MIDDLEWARE OUTER] GET http://localhost:8002/api/v1/users/debug/check
[MIDDLEWARE OUTER] GET http://localhost:8002/api/v1/users/debug/check
[MIDDLEWARE OUTER] GET http://localhost:8002/api/v1/users/debug/check
[MIDDLEWARE OUTER] GET http://localhost:8002/api/v1/users/debug/check
[MIDDLEWARE OUTER] GET http://localhost:8002/api/v1/users/debug/check
[MIDDLEWARE OUTER] GET http://localhost:8002/api/v1/users/debug/check
[MIDDLEWARE OUTER] GET http://localhost:8002/api/v1/users/debug/check
[MIDDLEWARE OUTER] GET http://localhost:8002/api/v1/users/debug/check
[MIDDLEWARE OUTER] GET http://localhost:8002/api/v1/users/debug/check
[MIDDLEWARE OUTER] GET http://localhost:8002/api/v1/users/debug/check
[MIDDLEWARE OUTER] GET http://localhost:8002/api/v1/cycle-counts
[MIDDLEWARE OUTER] GET http://localhost:8002/api/v1/cycle-counts/
[MIDDLEWARE OUTER] GET http://localhost:8002/api/v1/users/debug/check
[MIDDLEWARE OUTER] GET http://localhost:8002/api/v1/users/debug/check
[MIDDLEWARE OUTER] GET http://localhost:8002/api/v1/users/debug/check
[MIDDLEWARE OUTER] GET http://localhost:8002/api/v1/users/debug/check
[MIDDLEWARE OUTER] GET http://localhost:8002/api/v1/users/debug/check
[MIDDLEWARE OUTER] GET http://localhost:8002/api/v1/users/debug/check
[MIDDLEWARE OUTER] GET http://localhost:8002/api/v1/users/debug/check
[MIDDLEWARE OUTER] GET http://localhost:8002/api/v1/users/debug/check
[MIDDLEWARE OUTER] GET http://localhost:8002/api/v1/users/debug/check
[MIDDLEWARE OUTER] GET http://localhost:8002/api/v1/users/debug/check
[MIDDLEWARE OUTER] GET http://localhost:8002/api/v1/users/debug/check
[MIDDLEWARE OUTER] GET http://localhost:8002/api/v1/users/debug/check
[MIDDLEWARE OUTER] GET http://localhost:8002/api/v1/users/debug/check
[MIDDLEWARE OUTER] GET http://localhost:8002/api/v1/users/debug/check
[MIDDLEWARE OUTER] GET http://localhost:8002/api/v1/users/debug/check
[MIDDLEWARE OUTER] GET http://localhost:8002/api/v1/users/debug/check
[MIDDLEWARE OUTER] GET http://localhost:8002/api/v1/users/debug/check
[MIDDLEWARE OUTER] GET http://localhost:8002/api/v1/users/debug/check
[MIDDLEWARE OUTER] GET http://localhost:8002/api/v1/users/debug/check
[MIDDLEWARE OUTER] GET http://localhost:8002/api/v1/users/debug/check
[MIDDLEWARE OUTER] GET http://localhost:8002/api/v1/users/debug/check
[MIDDLEWARE OUTER] GET http://localhost:8002/api/v1/users/debug/check
[MIDDLEWARE OUTER] GET http://localhost:8002/api/v1/users/debug/check
[MIDDLEWARE OUTER] GET http://localhost:8002/api/v1/cycle-counts
[MIDDLEWARE OUTER] GET http://localhost:8002/api/v1/cycle-counts/
[MIDDLEWARE OUTER] GET http://localhost:8002/api/v1/users/debug/check
[MIDDLEWARE OUTER] GET http://localhost:8002/api/v1/cycle-counts
[MIDDLEWARE OUTER] GET http://localhost:8002/api/v1/cycle-counts/
[MIDDLEWARE OUTER] GET http://localhost:8002/api/v1/cycle-counts
[MIDDLEWARE OUTER] GET http://localhost:8002/api/v1/cycle-counts/
[MIDDLEWARE OUTER] GET http://localhost:8002/api/v1/cycle-counts
[MIDDLEWARE OUTER] GET http://localhost:8002/api/v1/cycle-counts/
[MIDDLEWARE OUTER] GET http://localhost:8002/api/v1/users/debug/check
[MIDDLEWARE OUTER] GET http://localhost:8002/api/v1/cycle-counts
[MIDDLEWARE OUTER] GET http://localhost:8002/api/v1/cycle-counts/
[MIDDLEWARE OUTER] GET http://localhost:8002/api/v1/cycle-counts
[MIDDLEWARE OUTER] GET http://localhost:8002/api/v1/cycle-counts/
[MIDDLEWARE OUTER] OPTIONS http://localhost:8002/api/v1/users/a4f7c085-100d-44ee-91d2-d884a0503031/impersonate
[MIDDLEWARE OUTER] POST http://localhost:8002/api/v1/users/a4f7c085-100d-44ee-91d2-d884a0503031/impersonate
[MIDDLEWARE OUTER] OPTIONS http://localhost:8002/api/v1/users/debug/check
[MIDDLEWARE OUTER] OPTIONS http://localhost:8002/api/v1/users/debug/check
[MIDDLEWARE OUTER] OPTIONS http://localhost:8002/api/v1/users/debug/check
[MIDDLEWARE OUTER] OPTIONS http://localhost:8002/api/v1/users/debug/check
[MIDDLEWARE OUTER] OPTIONS http://localhost:8002/api/v1/users/debug/check
[MIDDLEWARE OUTER] OPTIONS http://localhost:8002/api/v1/users/debug/check
[MIDDLEWARE OUTER] GET http://localhost:8002/api/v1/users/debug/check
[MIDDLEWARE OUTER] GET http://localhost:8002/api/v1/users/debug/check
[MIDDLEWARE OUTER] OPTIONS http://localhost:8002/api/v1/requisitions
[MIDDLEWARE OUTER] GET http://localhost:8002/api/v1/requisitions
[MIDDLEWARE OUTER] GET http://localhost:8002/api/v1/cycle-counts
[MIDDLEWARE OUTER] GET http://localhost:8002/api/v1/cycle-counts/
[MIDDLEWARE OUTER] GET http://localhost:8002/api/v1/requisitions
[MIDDLEWARE OUTER] OPTIONS http://localhost:8002/api/v1/requisitions/inbox
[MIDDLEWARE OUTER] GET http://localhost:8002/api/v1/requisitions/inbox
[MIDDLEWARE OUTER] GET http://localhost:8002/api/v1/requisitions
[MIDDLEWARE OUTER] GET http://localhost:8002/api/v1/requisitions/inbox
[MIDDLEWARE OUTER] GET http://localhost:8002/api/v1/users/debug/check
[MIDDLEWARE OUTER] GET http://localhost:8002/api/v1/requisitions/inbox
[MIDDLEWARE OUTER] GET http://localhost:8002/api/v1/users/debug/check
[MIDDLEWARE OUTER] GET http://localhost:8002/api/v1/users/debug/check
[MIDDLEWARE OUTER] GET http://localhost:8002/api/v1/users/debug/check
[MIDDLEWARE OUTER] OPTIONS http://localhost:8002/api/v1/cycle-counts
[MIDDLEWARE OUTER] GET http://localhost:8002/api/v1/cycle-counts
[MIDDLEWARE OUTER] OPTIONS http://localhost:8002/api/v1/cycle-counts/
[MIDDLEWARE OUTER] GET http://localhost:8002/api/v1/cycle-counts/
[MIDDLEWARE OUTER] GET http://localhost:8002/api/v1/users/debug/check
[MIDDLEWARE OUTER] GET http://localhost:8002/api/v1/users/debug/check
[MIDDLEWARE OUTER] GET http://localhost:8002/api/v1/users/debug/check
[MIDDLEWARE OUTER] GET http://localhost:8002/api/v1/users/debug/check
[MIDDLEWARE OUTER] GET http://localhost:8002/api/v1/users/debug/check
[MIDDLEWARE OUTER] GET http://localhost:8002/api/v1/users/debug/check
[MIDDLEWARE OUTER] GET http://localhost:8002/api/v1/users/debug/check
[MIDDLEWARE OUTER] GET http://localhost:8002/api/v1/users/debug/check
[MIDDLEWARE OUTER] GET http://localhost:8002/api/v1/users/debug/check
[MIDDLEWARE OUTER] GET http://localhost:8002/api/v1/users/debug/check
[MIDDLEWARE OUTER] GET http://localhost:8002/api/v1/users/debug/check
[MIDDLEWARE OUTER] GET http://localhost:8002/api/v1/users/debug/check
[MIDDLEWARE OUTER] GET http://localhost:8002/api/v1/users/debug/check
[MIDDLEWARE OUTER] GET http://localhost:8002/api/v1/users/debug/check
[MIDDLEWARE OUTER] GET http://localhost:8002/api/v1/users/debug/check
[MIDDLEWARE OUTER] GET http://localhost:8002/api/v1/users/debug/check
[MIDDLEWARE OUTER] GET http://localhost:8002/api/v1/users/debug/check
[MIDDLEWARE OUTER] GET http://localhost:8002/api/v1/users/debug/check
[MIDDLEWARE OUTER] GET http://localhost:8002/api/v1/users/debug/check
[MIDDLEWARE OUTER] GET http://localhost:8002/api/v1/users/debug/check
[MIDDLEWARE OUTER] GET http://localhost:8002/api/v1/users/debug/check
[MIDDLEWARE OUTER] GET http://localhost:8002/api/v1/users/debug/check
[MIDDLEWARE OUTER] GET http://localhost:8002/api/v1/users/debug/check
[MIDDLEWARE OUTER] GET http://localhost:8002/api/v1/users/debug/check
[MIDDLEWARE OUTER] GET http://localhost:8002/api/v1/users/debug/check
[MIDDLEWARE OUTER] GET http://localhost:8002/api/v1/users/debug/check
[MIDDLEWARE OUTER] GET http://localhost:8002/api/v1/users/debug/check
[MIDDLEWARE OUTER] GET http://localhost:8002/api/v1/users/debug/check
[MIDDLEWARE OUTER] GET http://localhost:8002/api/v1/users/debug/check
[MIDDLEWARE OUTER] GET http://localhost:8002/api/v1/users/debug/check
[MIDDLEWARE OUTER] GET http://localhost:8002/api/v1/users/debug/check
[MIDDLEWARE OUTER] GET http://localhost:8002/api/v1/users/debug/check
[MIDDLEWARE OUTER] GET http://localhost:8002/api/v1/users/debug/check
[MIDDLEWARE OUTER] GET http://localhost:8002/api/v1/users/debug/check
[MIDDLEWARE OUTER] GET http://localhost:8002/api/v1/users/debug/check
[MIDDLEWARE OUTER] GET http://localhost:8002/api/v1/users/debug/check
[MIDDLEWARE OUTER] GET http://localhost:8002/api/v1/users/debug/check
[MIDDLEWARE OUTER] GET http://localhost:8002/api/v1/users/debug/check
[MIDDLEWARE OUTER] GET http://localhost:8002/api/v1/cycle-counts
[MIDDLEWARE OUTER] GET http://localhost:8002/api/v1/cycle-counts/
[MIDDLEWARE OUTER] GET http://localhost:8002/api/v1/cycle-counts
[MIDDLEWARE OUTER] GET http://localhost:8002/api/v1/cycle-counts/
[MIDDLEWARE OUTER] OPTIONS http://localhost:8002/api/v1/cycle-counts
[MIDDLEWARE OUTER] GET http://localhost:8002/api/v1/cycle-counts
[MIDDLEWARE OUTER] OPTIONS http://localhost:8002/api/v1/cycle-counts/
[MIDDLEWARE OUTER] GET http://localhost:8002/api/v1/cycle-counts/
[MIDDLEWARE OUTER] GET http://localhost:8002/api/v1/cycle-counts
[MIDDLEWARE OUTER] GET http://localhost:8002/api/v1/cycle-counts/
[MIDDLEWARE OUTER] GET http://localhost:8002/api/v1/cycle-counts
[MIDDLEWARE OUTER] GET http://localhost:8002/api/v1/cycle-counts/
[MIDDLEWARE OUTER] OPTIONS http://localhost:8002/api/v1/users/debug/check
[MIDDLEWARE OUTER] GET http://localhost:8002/api/v1/users/debug/check
[MIDDLEWARE OUTER] GET http://localhost:8002/api/v1/users/debug/check
[MIDDLEWARE OUTER] GET http://localhost:8002/api/v1/users/debug/check
[MIDDLEWARE OUTER] OPTIONS http://localhost:8002/api/v1/users/debug/check
[MIDDLEWARE OUTER] GET http://localhost:8002/api/v1/users/debug/check
[MIDDLEWARE OUTER] OPTIONS http://localhost:8002/api/v1/users/debug/check
[MIDDLEWARE OUTER] GET http://localhost:8002/api/v1/users/debug/check
[MIDDLEWARE OUTER] GET http://localhost:8002/api/v1/users/debug/check
[MIDDLEWARE OUTER] OPTIONS http://localhost:8002/api/v1/cycle-counts
[MIDDLEWARE OUTER] POST http://localhost:8002/api/v1/cycle-counts
[MIDDLEWARE OUTER] OPTIONS http://localhost:8002/api/v1/cycle-counts/
[MIDDLEWARE OUTER] POST http://localhost:8002/api/v1/cycle-counts/
[MIDDLEWARE CRASH] Object of type UUID is not JSON serializable
Traceback (most recent call last):
  File "C:\Users\Ivan.Corona\.gemini\antigravity\scratch\toolcrib\app\main.py", line 51, in dispatch
    response = await call_next(request)
               ^^^^^^^^^^^^^^^^^^^^^^^^
  File "C:\Users\Ivan.Corona\AppData\Local\Programs\Python\Python314\Lib\site-packages\starlette\middleware\base.py", line 168, in call_next
    raise app_exc from app_exc.__cause__ or app_exc.__context__
  File "C:\Users\Ivan.Corona\AppData\Local\Programs\Python\Python314\Lib\site-packages\starlette\middleware\base.py", line 144, in coro
    await self.app(scope, receive_or_disconnect, send_no_error)
  File "C:\Users\Ivan.Corona\AppData\Local\Programs\Python\Python314\Lib\site-packages\starlette\middleware\cors.py", line 93, in __call__
    await self.simple_response(scope, receive, send, request_headers=headers)
  File "C:\Users\Ivan.Corona\AppData\Local\Programs\Python\Python314\Lib\site-packages\starlette\middleware\cors.py", line 144, in simple_response
    await self.app(scope, receive, send)
  File "C:\Users\Ivan.Corona\AppData\Local\Programs\Python\Python314\Lib\site-packages\starlette\middleware\exceptions.py", line 63, in __call__
    await wrap_app_handling_exceptions(self.app, conn)(scope, receive, send)
  File "C:\Users\Ivan.Corona\AppData\Local\Programs\Python\Python314\Lib\site-packages\starlette\_exception_handler.py", line 53, in wrapped_app
    raise exc
  File "C:\Users\Ivan.Corona\AppData\Local\Programs\Python\Python314\Lib\site-packages\starlette\_exception_handler.py", line 42, in wrapped_app
    await app(scope, receive, sender)
  File "C:\Users\Ivan.Corona\AppData\Local\Programs\Python\Python314\Lib\site-packages\fastapi\middleware\asyncexitstack.py", line 18, in __call__
    await self.app(scope, receive, send)
  File "C:\Users\Ivan.Corona\AppData\Local\Programs\Python\Python314\Lib\site-packages\starlette\routing.py", line 716, in __call__
    await self.middleware_stack(scope, receive, send)
  File "C:\Users\Ivan.Corona\AppData\Local\Programs\Python\Python314\Lib\site-packages\starlette\routing.py", line 736, in app
    await route.handle(scope, receive, send)
  File "C:\Users\Ivan.Corona\AppData\Local\Programs\Python\Python314\Lib\site-packages\starlette\routing.py", line 290, in handle
    await self.app(scope, receive, send)
  File "C:\Users\Ivan.Corona\AppData\Local\Programs\Python\Python314\Lib\site-packages\fastapi\routing.py", line 120, in app
    await wrap_app_handling_exceptions(app, request)(scope, receive, send)
  File "C:\Users\Ivan.Corona\AppData\Local\Programs\Python\Python314\Lib\site-packages\starlette\_exception_handler.py", line 53, in wrapped_app
    raise exc
  File "C:\Users\Ivan.Corona\AppData\Local\Programs\Python\Python314\Lib\site-packages\starlette\_exception_handler.py", line 42, in wrapped_app
    await app(scope, receive, sender)
  File "C:\Users\Ivan.Corona\AppData\Local\Programs\Python\Python314\Lib\site-packages\fastapi\routing.py", line 106, in app
    response = await f(request)
               ^^^^^^^^^^^^^^^^
  File "C:\Users\Ivan.Corona\AppData\Local\Programs\Python\Python314\Lib\site-packages\fastapi\routing.py", line 430, in app
    raw_response = await run_endpoint_function(
                   ^^^^^^^^^^^^^^^^^^^^^^^^^^^^
    ...<3 lines>...
    )
    ^
  File "C:\Users\Ivan.Corona\AppData\Local\Programs\Python\Python314\Lib\site-packages\fastapi\routing.py", line 318, in run_endpoint_function
    return await run_in_threadpool(dependant.call, **values)
           ^^^^^^^^^^^^^^^^^^^^^^^^^^^^^^^^^^^^^^^^^^^^^^^^^
  File "C:\Users\Ivan.Corona\AppData\Local\Programs\Python\Python314\Lib\site-packages\starlette\concurrency.py", line 32, in run_in_threadpool
    return await anyio.to_thread.run_sync(func)
           ^^^^^^^^^^^^^^^^^^^^^^^^^^^^^^^^^^^^
  File "C:\Users\Ivan.Corona\AppData\Local\Programs\Python\Python314\Lib\site-packages\anyio\to_thread.py", line 61, in run_sync
    return await get_async_backend().run_sync_in_worker_thread(
           ^^^^^^^^^^^^^^^^^^^^^^^^^^^^^^^^^^^^^^^^^^^^^^^^^^^^
        func, args, abandon_on_cancel=abandon_on_cancel, limiter=limiter
        ^^^^^^^^^^^^^^^^^^^^^^^^^^^^^^^^^^^^^^^^^^^^^^^^^^^^^^^^^^^^^^^^
    )
    ^
  File "C:\Users\Ivan.Corona\AppData\Local\Programs\Python\Python314\Lib\site-packages\anyio\_backends\_asyncio.py", line 2525, in run_sync_in_worker_thread
    return await future
           ^^^^^^^^^^^^
  File "C:\Users\Ivan.Corona\AppData\Local\Programs\Python\Python314\Lib\site-packages\anyio\_backends\_asyncio.py", line 986, in run
    result = context.run(func, *args)
  File "C:\Users\Ivan.Corona\.gemini\antigravity\scratch\toolcrib\app\api\v1\endpoints\cycle_counts.py", line 28, in create_session
    raise e
  File "C:\Users\Ivan.Corona\.gemini\antigravity\scratch\toolcrib\app\api\v1\endpoints\cycle_counts.py", line 23, in create_session
    result = CycleCountService.create_session(data, current_user.id)
  File "C:\Users\Ivan.Corona\.gemini\antigravity\scratch\toolcrib\app\services\cycle_count_service.py", line 40, in create_session
    res = supabase_admin.table('cycle_count_sessions').insert(payload).execute()
  File "C:\Users\Ivan.Corona\AppData\Local\Programs\Python\Python314\Lib\site-packages\postgrest\_sync\request_builder.py", line 47, in execute
    r = self.request.send()
  File "C:\Users\Ivan.Corona\AppData\Local\Programs\Python\Python314\Lib\site-packages\postgrest\base_request_builder.py", line 81, in send
    return self.session.request(
           ~~~~~~~~~~~~~~~~~~~~^
        self.http_method,
        ^^^^^^^^^^^^^^^^^
    ...<4 lines>...
        auth=self.auth,
        ^^^^^^^^^^^^^^^
    )
    ^
  File "C:\Users\Ivan.Corona\AppData\Local\Programs\Python\Python314\Lib\site-packages\httpx\_client.py", line 812, in request
    request = self.build_request(
        method=method,
    ...<9 lines>...
        extensions=extensions,
    )
  File "C:\Users\Ivan.Corona\AppData\Local\Programs\Python\Python314\Lib\site-packages\httpx\_client.py", line 378, in build_request
    return Request(
        method,
    ...<8 lines>...
        extensions=extensions,
    )
  File "C:\Users\Ivan.Corona\AppData\Local\Programs\Python\Python314\Lib\site-packages\httpx\_models.py", line 408, in __init__
    headers, stream = encode_request(
                      ~~~~~~~~~~~~~~^
        content=content,
        ^^^^^^^^^^^^^^^^
    ...<7 lines>...
        ),
        ^^
    )
    ^
  File "C:\Users\Ivan.Corona\AppData\Local\Programs\Python\Python314\Lib\site-packages\httpx\_content.py", line 216, in encode_request
    return encode_json(json)
  File "C:\Users\Ivan.Corona\AppData\Local\Programs\Python\Python314\Lib\site-packages\httpx\_content.py", line 177, in encode_json
    body = json_dumps(
           ~~~~~~~~~~^
        json, ensure_ascii=False, separators=(",", ":"), allow_nan=False
        ^^^^^^^^^^^^^^^^^^^^^^^^^^^^^^^^^^^^^^^^^^^^^^^^^^^^^^^^^^^^^^^^
    ).encode("utf-8")
    ^
  File "C:\Users\Ivan.Corona\AppData\Local\Programs\Python\Python314\Lib\json\__init__.py", line 238, in dumps
    **kw).encode(obj)
          ~~~~~~^^^^^
  File "C:\Users\Ivan.Corona\AppData\Local\Programs\Python\Python314\Lib\json\encoder.py", line 200, in encode
    chunks = self.iterencode(o, _one_shot=True)
  File "C:\Users\Ivan.Corona\AppData\Local\Programs\Python\Python314\Lib\json\encoder.py", line 261, in iterencode
    return _iterencode(o, 0)
  File "C:\Users\Ivan.Corona\AppData\Local\Programs\Python\Python314\Lib\json\encoder.py", line 180, in default
    raise TypeError(f'Object of type {o.__class__.__name__} '
                    f'is not JSON serializable')
TypeError: Object of type UUID is not JSON serializable
when serializing dict item 'assigned_to'

[MIDDLEWARE OUTER] GET http://localhost:8002/api/v1/cycle-counts
[MIDDLEWARE OUTER] GET http://localhost:8002/api/v1/cycle-counts/
[MIDDLEWARE OUTER] GET http://localhost:8002/api/v1/users/debug/check
[MIDDLEWARE OUTER] GET http://localhost:8002/api/v1/cycle-counts
[MIDDLEWARE OUTER] GET http://localhost:8002/api/v1/cycle-counts/
[MIDDLEWARE OUTER] OPTIONS http://localhost:8002/api/v1/users/a16cf5de-8f64-4e69-9fc6-4b3a3c0cfbc2/impersonate
[MIDDLEWARE OUTER] POST http://localhost:8002/api/v1/users/a16cf5de-8f64-4e69-9fc6-4b3a3c0cfbc2/impersonate
[MIDDLEWARE OUTER] GET http://localhost:8002/api/v1/users/debug/check
[MIDDLEWARE OUTER] GET http://localhost:8002/api/v1/users/debug/check
[MIDDLEWARE OUTER] GET http://localhost:8002/api/v1/users/debug/check
[MIDDLEWARE OUTER] GET http://localhost:8002/api/v1/users/debug/check
[MIDDLEWARE OUTER] GET http://localhost:8002/api/v1/users/debug/check
[MIDDLEWARE OUTER] GET http://localhost:8002/api/v1/users/debug/check
[MIDDLEWARE OUTER] GET http://localhost:8002/api/v1/users/debug/check
[MIDDLEWARE OUTER] GET http://localhost:8002/api/v1/users/debug/check
[MIDDLEWARE OUTER] GET http://localhost:8002/api/v1/users/debug/check
[MIDDLEWARE OUTER] GET http://localhost:8002/api/v1/users/debug/check
[MIDDLEWARE OUTER] GET http://localhost:8002/api/v1/users/debug/check
[MIDDLEWARE OUTER] GET http://localhost:8002/api/v1/users/debug/check
[MIDDLEWARE OUTER] GET http://localhost:8002/api/v1/users/debug/check
[MIDDLEWARE OUTER] GET http://localhost:8002/api/v1/users/debug/check
[MIDDLEWARE OUTER] GET http://localhost:8002/api/v1/users/debug/check
[MIDDLEWARE OUTER] GET http://localhost:8002/api/v1/users/debug/check
[MIDDLEWARE OUTER] GET http://localhost:8002/api/v1/users/debug/check
[MIDDLEWARE OUTER] GET http://localhost:8002/api/v1/users/debug/check
[MIDDLEWARE OUTER] GET http://localhost:8002/api/v1/users/debug/check
[MIDDLEWARE OUTER] GET http://localhost:8002/api/v1/users/debug/check
[MIDDLEWARE OUTER] GET http://localhost:8002/api/v1/users/debug/check
[MIDDLEWARE OUTER] GET http://localhost:8002/api/v1/users/debug/check
[MIDDLEWARE OUTER] GET http://localhost:8002/api/v1/users/debug/check
[MIDDLEWARE OUTER] GET http://localhost:8002/api/v1/users/debug/check
[MIDDLEWARE OUTER] GET http://localhost:8002/api/v1/users/debug/check
[MIDDLEWARE OUTER] GET http://localhost:8002/api/v1/users/debug/check
[MIDDLEWARE OUTER] GET http://localhost:8002/api/v1/users/debug/check
[MIDDLEWARE OUTER] GET http://localhost:8002/api/v1/users/debug/check
[MIDDLEWARE OUTER] GET http://localhost:8002/api/v1/users/debug/check
[MIDDLEWARE OUTER] GET http://localhost:8002/api/v1/users/debug/check
[MIDDLEWARE OUTER] GET http://localhost:8002/api/v1/users/debug/check
[MIDDLEWARE OUTER] GET http://localhost:8002/api/v1/users/debug/check
[MIDDLEWARE OUTER] GET http://localhost:8002/api/v1/users/debug/check
[MIDDLEWARE OUTER] GET http://localhost:8002/api/v1/users/debug/check
[MIDDLEWARE OUTER] GET http://localhost:8002/api/v1/users/debug/check
[MIDDLEWARE OUTER] GET http://localhost:8002/api/v1/users/debug/check
[MIDDLEWARE OUTER] GET http://localhost:8002/api/v1/users/debug/check
[MIDDLEWARE OUTER] GET http://localhost:8002/api/v1/users/debug/check
[MIDDLEWARE OUTER] GET http://localhost:8002/api/v1/users/debug/check
[MIDDLEWARE OUTER] GET http://localhost:8002/api/v1/cycle-counts
[MIDDLEWARE OUTER] GET http://localhost:8002/api/v1/cycle-counts/
[MIDDLEWARE OUTER] OPTIONS http://localhost:8002/api/v1/requisitions
[MIDDLEWARE OUTER] GET http://localhost:8002/api/v1/users/debug/check
[MIDDLEWARE OUTER] GET http://localhost:8002/api/v1/requisitions
[MIDDLEWARE OUTER] GET http://localhost:8002/api/v1/requisitions
[MIDDLEWARE OUTER] OPTIONS http://localhost:8002/api/v1/requisitions/inbox
[MIDDLEWARE OUTER] GET http://localhost:8002/api/v1/requisitions/inbox
[MIDDLEWARE OUTER] GET http://localhost:8002/api/v1/requisitions
[MIDDLEWARE OUTER] GET http://localhost:8002/api/v1/users/debug/check
[MIDDLEWARE OUTER] GET http://localhost:8002/api/v1/requisitions/inbox
[MIDDLEWARE OUTER] GET http://localhost:8002/api/v1/requisitions/inbox
[MIDDLEWARE OUTER] GET http://localhost:8002/api/v1/users/debug/check
[MIDDLEWARE OUTER] GET http://localhost:8002/api/v1/users/debug/check
[MIDDLEWARE OUTER] GET http://localhost:8002/api/v1/cycle-counts
[MIDDLEWARE OUTER] GET http://localhost:8002/api/v1/cycle-counts/
[MIDDLEWARE OUTER] GET http://localhost:8002/api/v1/users/debug/check
[MIDDLEWARE OUTER] GET http://localhost:8002/api/v1/requisitions
[MIDDLEWARE OUTER] GET http://localhost:8002/api/v1/requisitions
[MIDDLEWARE OUTER] GET http://localhost:8002/api/v1/requisitions/inbox
[MIDDLEWARE OUTER] GET http://localhost:8002/api/v1/requisitions
[MIDDLEWARE OUTER] GET http://localhost:8002/api/v1/requisitions/inbox
[MIDDLEWARE OUTER] GET http://localhost:8002/api/v1/requisitions/inbox
[MIDDLEWARE OUTER] GET http://localhost:8002/api/v1/users/debug/check
[MIDDLEWARE OUTER] GET http://localhost:8002/api/v1/users/debug/check
[MIDDLEWARE OUTER] GET http://localhost:8002/api/v1/users/debug/check
[MIDDLEWARE OUTER] GET http://localhost:8002/api/v1/cycle-counts
[MIDDLEWARE OUTER] GET http://localhost:8002/api/v1/cycle-counts/
[MIDDLEWARE OUTER] GET http://localhost:8002/api/v1/users/debug/check
[MIDDLEWARE OUTER] GET http://localhost:8002/api/v1/cycle-counts
[MIDDLEWARE OUTER] GET http://localhost:8002/api/v1/cycle-counts/
[MIDDLEWARE OUTER] GET http://localhost:8002/api/v1/users/debug/check
[MIDDLEWARE OUTER] GET http://localhost:8002/api/v1/users/debug/check
[MIDDLEWARE OUTER] OPTIONS http://localhost:8002/api/v1/users/debug/check
[MIDDLEWARE OUTER] GET http://localhost:8002/api/v1/users/debug/check
[MIDDLEWARE OUTER] GET http://localhost:8002/api/v1/users/debug/check
[MIDDLEWARE OUTER] GET http://localhost:8002/api/v1/users/debug/check
[MIDDLEWARE OUTER] OPTIONS http://localhost:8002/api/v1/cycle-counts
[MIDDLEWARE OUTER] GET http://localhost:8002/api/v1/cycle-counts
[MIDDLEWARE OUTER] OPTIONS http://localhost:8002/api/v1/cycle-counts/
[MIDDLEWARE OUTER] GET http://localhost:8002/api/v1/cycle-counts/
[MIDDLEWARE OUTER] OPTIONS http://localhost:8002/api/v1/users/debug/check
[MIDDLEWARE OUTER] GET http://localhost:8002/api/v1/users/debug/check
[MIDDLEWARE OUTER] OPTIONS http://localhost:8002/api/v1/requisitions
[MIDDLEWARE OUTER] GET http://localhost:8002/api/v1/users/debug/check
[MIDDLEWARE OUTER] GET http://localhost:8002/api/v1/requisitions
[MIDDLEWARE OUTER] GET http://localhost:8002/api/v1/requisitions
[MIDDLEWARE OUTER] OPTIONS http://localhost:8002/api/v1/requisitions/inbox
[MIDDLEWARE OUTER] GET http://localhost:8002/api/v1/requisitions/inbox
[MIDDLEWARE OUTER] GET http://localhost:8002/api/v1/users/debug/check
[MIDDLEWARE OUTER] GET http://localhost:8002/api/v1/requisitions
[MIDDLEWARE OUTER] GET http://localhost:8002/api/v1/requisitions/inbox
[MIDDLEWARE OUTER] GET http://localhost:8002/api/v1/cycle-counts
[MIDDLEWARE OUTER] GET http://localhost:8002/api/v1/cycle-counts/
[MIDDLEWARE OUTER] GET http://localhost:8002/api/v1/requisitions/inbox
[MIDDLEWARE OUTER] GET http://localhost:8002/api/v1/users/debug/check
[MIDDLEWARE OUTER] GET http://localhost:8002/api/v1/users/debug/check
[MIDDLEWARE OUTER] GET http://localhost:8002/api/v1/users/debug/check
[MIDDLEWARE OUTER] GET http://localhost:8002/api/v1/cycle-counts
[MIDDLEWARE OUTER] GET http://localhost:8002/api/v1/cycle-counts/
[MIDDLEWARE OUTER] GET http://localhost:8002/api/v1/users/debug/check
[MIDDLEWARE OUTER] OPTIONS http://localhost:8002/api/v1/cycle-counts
[MIDDLEWARE OUTER] GET http://localhost:8002/api/v1/cycle-counts
[MIDDLEWARE OUTER] OPTIONS http://localhost:8002/api/v1/cycle-counts/
[MIDDLEWARE OUTER] GET http://localhost:8002/api/v1/cycle-counts/
[MIDDLEWARE OUTER] GET http://localhost:8002/api/v1/users/debug/check
[MIDDLEWARE OUTER] GET http://localhost:8002/api/v1/cycle-counts
[MIDDLEWARE OUTER] GET http://localhost:8002/api/v1/cycle-counts/
[MIDDLEWARE OUTER] GET http://localhost:8002/api/v1/users/debug/check
[MIDDLEWARE OUTER] OPTIONS http://localhost:8002/api/v1/materials/
[MIDDLEWARE OUTER] GET http://localhost:8002/api/v1/users/debug/check
[MIDDLEWARE OUTER] GET http://localhost:8002/api/v1/materials/
[MIDDLEWARE OUTER] GET http://localhost:8002/api/v1/cycle-counts
[MIDDLEWARE OUTER] GET http://localhost:8002/api/v1/cycle-counts/
[MIDDLEWARE OUTER] GET http://localhost:8002/api/v1/cycle-counts
[MIDDLEWARE OUTER] GET http://localhost:8002/api/v1/cycle-counts/
[MIDDLEWARE OUTER] GET http://localhost:8002/api/v1/users/debug/check
[MIDDLEWARE OUTER] GET http://localhost:8002/api/v1/materials/
[MIDDLEWARE OUTER] GET http://localhost:8002/api/v1/users/debug/check
[MIDDLEWARE OUTER] GET http://localhost:8002/api/v1/requisitions
[MIDDLEWARE OUTER] GET http://localhost:8002/api/v1/users/debug/check
[MIDDLEWARE OUTER] GET http://localhost:8002/api/v1/requisitions
[MIDDLEWARE OUTER] GET http://localhost:8002/api/v1/requisitions/inbox
[MIDDLEWARE OUTER] GET http://localhost:8002/api/v1/cycle-counts
[MIDDLEWARE OUTER] GET http://localhost:8002/api/v1/requisitions
[MIDDLEWARE OUTER] GET http://localhost:8002/api/v1/cycle-counts/
[MIDDLEWARE OUTER] GET http://localhost:8002/api/v1/requisitions/inbox
[MIDDLEWARE OUTER] GET http://localhost:8002/api/v1/requisitions/inbox
[MIDDLEWARE OUTER] GET http://localhost:8002/api/v1/users/debug/check
[MIDDLEWARE OUTER] GET http://localhost:8002/api/v1/users/debug/check
[MIDDLEWARE OUTER] GET http://localhost:8002/api/v1/users/debug/check
[MIDDLEWARE OUTER] GET http://localhost:8002/api/v1/materials/
[MIDDLEWARE OUTER] GET http://localhost:8002/api/v1/cycle-counts
[MIDDLEWARE OUTER] GET http://localhost:8002/api/v1/cycle-counts/
[MIDDLEWARE OUTER] OPTIONS http://localhost:8002/api/v1/materials/16/history
[MIDDLEWARE OUTER] GET http://localhost:8002/api/v1/materials/16/history
[MIDDLEWARE OUTER] GET http://localhost:8002/api/v1/users/debug/check
[MIDDLEWARE OUTER] GET http://localhost:8002/api/v1/users/debug/check
[MIDDLEWARE OUTER] GET http://localhost:8002/api/v1/users/debug/check
[MIDDLEWARE OUTER] GET http://localhost:8002/api/v1/users/debug/check
[MIDDLEWARE OUTER] GET http://localhost:8002/api/v1/users/debug/check
[MIDDLEWARE OUTER] GET http://localhost:8002/api/v1/users/debug/check
[MIDDLEWARE OUTER] GET http://localhost:8002/api/v1/users/debug/check
[MIDDLEWARE OUTER] GET http://localhost:8002/api/v1/users/debug/check
[MIDDLEWARE OUTER] GET http://localhost:8002/api/v1/users/debug/check
[MIDDLEWARE OUTER] GET http://localhost:8002/api/v1/users/debug/check
[MIDDLEWARE OUTER] GET http://localhost:8002/api/v1/users/debug/check
[MIDDLEWARE OUTER] GET http://localhost:8002/api/v1/users/debug/check
[MIDDLEWARE OUTER] GET http://localhost:8002/api/v1/users/debug/check
[MIDDLEWARE OUTER] GET http://localhost:8002/api/v1/users/debug/check
[MIDDLEWARE OUTER] GET http://localhost:8002/api/v1/users/debug/check
[MIDDLEWARE OUTER] GET http://localhost:8002/api/v1/users/debug/check
[MIDDLEWARE OUTER] GET http://localhost:8002/api/v1/users/debug/check
[MIDDLEWARE OUTER] GET http://localhost:8002/api/v1/users/debug/check
[MIDDLEWARE OUTER] GET http://localhost:8002/api/v1/users/debug/check
[MIDDLEWARE OUTER] GET http://localhost:8002/api/v1/users/debug/check
[MIDDLEWARE OUTER] GET http://localhost:8002/api/v1/users/debug/check
[MIDDLEWARE OUTER] GET http://localhost:8002/api/v1/users/debug/check
[MIDDLEWARE OUTER] GET http://localhost:8002/api/v1/users/debug/check
[MIDDLEWARE OUTER] GET http://localhost:8002/api/v1/users/debug/check
[MIDDLEWARE OUTER] GET http://localhost:8002/api/v1/users/debug/check
[MIDDLEWARE OUTER] GET http://localhost:8002/api/v1/users/debug/check
[MIDDLEWARE OUTER] GET http://localhost:8002/api/v1/users/debug/check
[MIDDLEWARE OUTER] GET http://localhost:8002/api/v1/users/debug/check
[MIDDLEWARE OUTER] GET http://localhost:8002/api/v1/users/debug/check
[MIDDLEWARE OUTER] GET http://localhost:8002/api/v1/users/debug/check
[MIDDLEWARE OUTER] GET http://localhost:8002/api/v1/users/debug/check
[MIDDLEWARE OUTER] GET http://localhost:8002/api/v1/users/debug/check
[MIDDLEWARE OUTER] GET http://localhost:8002/api/v1/users/debug/check
[MIDDLEWARE OUTER] GET http://localhost:8002/api/v1/users/debug/check
[MIDDLEWARE OUTER] GET http://localhost:8002/api/v1/cycle-counts
[MIDDLEWARE OUTER] GET http://localhost:8002/api/v1/cycle-counts/
[MIDDLEWARE OUTER] GET http://localhost:8002/api/v1/users/debug/check
[MIDDLEWARE OUTER] GET http://localhost:8002/api/v1/users/debug/check
[MIDDLEWARE OUTER] GET http://localhost:8002/api/v1/users/debug/check
[MIDDLEWARE OUTER] OPTIONS http://localhost:8002/api/v1/materials/catalog
[MIDDLEWARE OUTER] GET http://localhost:8002/api/v1/materials/catalog
[MIDDLEWARE OUTER] GET http://localhost:8002/api/v1/users/debug/check
[MIDDLEWARE OUTER] GET http://localhost:8002/api/v1/users/debug/check
[MIDDLEWARE OUTER] GET http://localhost:8002/api/v1/users/debug/check
[MIDDLEWARE OUTER] GET http://localhost:8002/api/v1/users/debug/check
[MIDDLEWARE OUTER] GET http://localhost:8002/api/v1/users/debug/check
[MIDDLEWARE OUTER] GET http://localhost:8002/api/v1/users/debug/check
[MIDDLEWARE OUTER] GET http://localhost:8002/api/v1/users/debug/check
[MIDDLEWARE OUTER] GET http://localhost:8002/api/v1/users/debug/check
[MIDDLEWARE OUTER] GET http://localhost:8002/api/v1/users/debug/check
[MIDDLEWARE OUTER] GET http://localhost:8002/api/v1/users/debug/check
[MIDDLEWARE OUTER] GET http://localhost:8002/api/v1/users/debug/check
[MIDDLEWARE OUTER] GET http://localhost:8002/api/v1/users/debug/check
[MIDDLEWARE OUTER] GET http://localhost:8002/api/v1/users/debug/check
[MIDDLEWARE OUTER] GET http://localhost:8002/api/v1/users/debug/check
[MIDDLEWARE OUTER] GET http://localhost:8002/api/v1/users/debug/check
[MIDDLEWARE OUTER] OPTIONS http://localhost:8002/api/v1/users/debug/check
[MIDDLEWARE OUTER] GET http://localhost:8002/api/v1/materials/catalog
[MIDDLEWARE OUTER] GET http://localhost:8002/api/v1/users/debug/check
[MIDDLEWARE OUTER] GET http://localhost:8002/api/v1/users/debug/check
[MIDDLEWARE OUTER] GET http://localhost:8002/api/v1/materials/catalog
[MIDDLEWARE OUTER] GET http://localhost:8002/api/v1/cycle-counts
[MIDDLEWARE OUTER] GET http://localhost:8002/api/v1/cycle-counts/
[MIDDLEWARE OUTER] GET http://localhost:8002/api/v1/users/debug/check
[MIDDLEWARE OUTER] GET http://localhost:8002/api/v1/materials/catalog
[MIDDLEWARE OUTER] GET http://localhost:8002/api/v1/users/debug/check
[MIDDLEWARE OUTER] GET http://localhost:8002/api/v1/materials/catalog
[MIDDLEWARE OUTER] GET http://localhost:8002/api/v1/users/debug/check
[MIDDLEWARE OUTER] GET http://localhost:8002/api/v1/materials/catalog
[MIDDLEWARE OUTER] OPTIONS http://localhost:8002/api/v1/cycle-counts
[MIDDLEWARE OUTER] GET http://localhost:8002/api/v1/cycle-counts
[MIDDLEWARE OUTER] OPTIONS http://localhost:8002/api/v1/cycle-counts/
[MIDDLEWARE OUTER] GET http://localhost:8002/api/v1/cycle-counts/
[MIDDLEWARE OUTER] GET http://localhost:8002/api/v1/users/debug/check
[MIDDLEWARE OUTER] GET http://localhost:8002/api/v1/materials/catalog
[MIDDLEWARE OUTER] GET http://localhost:8002/api/v1/users/debug/check
[MIDDLEWARE OUTER] GET http://localhost:8002/api/v1/materials/catalog
[MIDDLEWARE OUTER] GET http://localhost:8002/api/v1/cycle-counts
[MIDDLEWARE OUTER] GET http://localhost:8002/api/v1/cycle-counts/
[MIDDLEWARE OUTER] GET http://localhost:8002/api/v1/users/debug/check
[MIDDLEWARE OUTER] OPTIONS http://localhost:8002/api/v1/materials/catalog
[MIDDLEWARE OUTER] GET http://localhost:8002/api/v1/materials/catalog
[MIDDLEWARE OUTER] GET http://localhost:8002/api/v1/cycle-counts
[MIDDLEWARE OUTER] GET http://localhost:8002/api/v1/cycle-counts/
[MIDDLEWARE OUTER] GET http://localhost:8002/api/v1/cycle-counts
[MIDDLEWARE OUTER] GET http://localhost:8002/api/v1/cycle-counts/
[MIDDLEWARE OUTER] GET http://localhost:8002/api/v1/users/debug/check
[MIDDLEWARE OUTER] GET http://localhost:8002/api/v1/materials/catalog
[MIDDLEWARE OUTER] OPTIONS http://localhost:8002/api/v1/materials/14
[MIDDLEWARE OUTER] GET http://localhost:8002/api/v1/materials/14
[MIDDLEWARE OUTER] OPTIONS http://localhost:8002/api/v1/materials/17
[MIDDLEWARE OUTER] GET http://localhost:8002/api/v1/materials/17
[MIDDLEWARE OUTER] GET http://localhost:8002/api/v1/materials/14
[MIDDLEWARE OUTER] GET http://localhost:8002/api/v1/cycle-counts
[MIDDLEWARE OUTER] GET http://localhost:8002/api/v1/cycle-counts/
[MIDDLEWARE OUTER] GET http://localhost:8002/api/v1/cycle-counts
[MIDDLEWARE OUTER] GET http://localhost:8002/api/v1/cycle-counts/
[MIDDLEWARE OUTER] OPTIONS http://localhost:8002/api/v1/users/debug/check
[MIDDLEWARE OUTER] GET http://localhost:8002/api/v1/users/debug/check
[MIDDLEWARE OUTER] GET http://localhost:8002/api/v1/materials/catalog
[MIDDLEWARE OUTER] GET http://localhost:8002/api/v1/cycle-counts
[MIDDLEWARE OUTER] GET http://localhost:8002/api/v1/cycle-counts/
[MIDDLEWARE OUTER] GET http://localhost:8002/api/v1/users/debug/check
[MIDDLEWARE OUTER] GET http://localhost:8002/api/v1/materials/catalog
[MIDDLEWARE OUTER] GET http://localhost:8002/api/v1/materials/catalog
[MIDDLEWARE OUTER] GET http://localhost:8002/api/v1/users/debug/check
[MIDDLEWARE OUTER] GET http://localhost:8002/api/v1/users/debug/check
[MIDDLEWARE OUTER] GET http://localhost:8002/api/v1/materials/catalog
[MIDDLEWARE OUTER] GET http://localhost:8002/api/v1/users/debug/check
[MIDDLEWARE OUTER] GET http://localhost:8002/api/v1/materials/catalog
[MIDDLEWARE OUTER] GET http://localhost:8002/api/v1/users/debug/check
[MIDDLEWARE OUTER] GET http://localhost:8002/api/v1/materials/catalog
[MIDDLEWARE OUTER] GET http://localhost:8002/api/v1/users/debug/check
[MIDDLEWARE OUTER] GET http://localhost:8002/api/v1/materials/catalog
[MIDDLEWARE OUTER] GET http://localhost:8002/api/v1/users/debug/check
[MIDDLEWARE OUTER] GET http://localhost:8002/api/v1/materials/catalog
[MIDDLEWARE OUTER] OPTIONS http://localhost:8002/api/v1/materials/catalog
[MIDDLEWARE OUTER] GET http://localhost:8002/api/v1/users/debug/check
[MIDDLEWARE OUTER] GET http://localhost:8002/api/v1/materials/catalog
[MIDDLEWARE OUTER] OPTIONS http://localhost:8002/api/v1/cycle-counts
[MIDDLEWARE OUTER] GET http://localhost:8002/api/v1/cycle-counts
[MIDDLEWARE OUTER] OPTIONS http://localhost:8002/api/v1/cycle-counts/
[MIDDLEWARE OUTER] GET http://localhost:8002/api/v1/cycle-counts/
[MIDDLEWARE OUTER] GET http://localhost:8002/api/v1/users/debug/check
[MIDDLEWARE OUTER] GET http://localhost:8002/api/v1/materials/catalog
[MIDDLEWARE OUTER] GET http://localhost:8002/api/v1/cycle-counts
[MIDDLEWARE OUTER] GET http://localhost:8002/api/v1/cycle-counts/
[MIDDLEWARE OUTER] GET http://localhost:8002/api/v1/users/debug/check
[MIDDLEWARE OUTER] GET http://localhost:8002/api/v1/materials/catalog
[MIDDLEWARE OUTER] GET http://localhost:8002/api/v1/cycle-counts
[MIDDLEWARE OUTER] GET http://localhost:8002/api/v1/cycle-counts/
[MIDDLEWARE OUTER] GET http://localhost:8002/api/v1/cycle-counts
[MIDDLEWARE OUTER] GET http://localhost:8002/api/v1/cycle-counts/
[MIDDLEWARE OUTER] GET http://localhost:8002/api/v1/users/debug/check
[MIDDLEWARE OUTER] GET http://localhost:8002/api/v1/materials/catalog
[MIDDLEWARE OUTER] GET http://localhost:8002/api/v1/cycle-counts
[MIDDLEWARE OUTER] GET http://localhost:8002/api/v1/cycle-counts/
[MIDDLEWARE OUTER] GET http://localhost:8002/api/v1/users/debug/check
[MIDDLEWARE OUTER] GET http://localhost:8002/api/v1/materials/catalog
[MIDDLEWARE OUTER] OPTIONS http://localhost:8002/api/v1/users/debug/check
[MIDDLEWARE OUTER] GET http://localhost:8002/api/v1/materials/catalog
[MIDDLEWARE OUTER] GET http://localhost:8002/api/v1/users/debug/check
[MIDDLEWARE OUTER] GET http://localhost:8002/api/v1/users/debug/check
[MIDDLEWARE OUTER] GET http://localhost:8002/api/v1/materials/catalog
[MIDDLEWARE OUTER] GET http://localhost:8002/api/v1/users/debug/check
[MIDDLEWARE OUTER] GET http://localhost:8002/api/v1/materials/catalog
[MIDDLEWARE OUTER] GET http://localhost:8002/api/v1/users/debug/check
[MIDDLEWARE OUTER] GET http://localhost:8002/api/v1/materials/catalog
[MIDDLEWARE OUTER] GET http://localhost:8002/api/v1/users/debug/check
[MIDDLEWARE OUTER] GET http://localhost:8002/api/v1/materials/catalog
[MIDDLEWARE OUTER] POST http://localhost:8002/api/v1/cycle-counts
[MIDDLEWARE OUTER] POST http://localhost:8002/api/v1/cycle-counts/
[MIDDLEWARE CRASH] Object of type UUID is not JSON serializable
Traceback (most recent call last):
  File "C:\Users\Ivan.Corona\.gemini\antigravity\scratch\toolcrib\app\main.py", line 51, in dispatch
    response = await call_next(request)
               ^^^^^^^^^^^^^^^^^^^^^^^^
  File "C:\Users\Ivan.Corona\AppData\Local\Programs\Python\Python314\Lib\site-packages\starlette\middleware\base.py", line 168, in call_next
    raise app_exc from app_exc.__cause__ or app_exc.__context__
  File "C:\Users\Ivan.Corona\AppData\Local\Programs\Python\Python314\Lib\site-packages\starlette\middleware\base.py", line 144, in coro
    await self.app(scope, receive_or_disconnect, send_no_error)
  File "C:\Users\Ivan.Corona\AppData\Local\Programs\Python\Python314\Lib\site-packages\starlette\middleware\cors.py", line 93, in __call__
    await self.simple_response(scope, receive, send, request_headers=headers)
  File "C:\Users\Ivan.Corona\AppData\Local\Programs\Python\Python314\Lib\site-packages\starlette\middleware\cors.py", line 144, in simple_response
    await self.app(scope, receive, send)
  File "C:\Users\Ivan.Corona\AppData\Local\Programs\Python\Python314\Lib\site-packages\starlette\middleware\exceptions.py", line 63, in __call__
    await wrap_app_handling_exceptions(self.app, conn)(scope, receive, send)
  File "C:\Users\Ivan.Corona\AppData\Local\Programs\Python\Python314\Lib\site-packages\starlette\_exception_handler.py", line 53, in wrapped_app
    raise exc
  File "C:\Users\Ivan.Corona\AppData\Local\Programs\Python\Python314\Lib\site-packages\starlette\_exception_handler.py", line 42, in wrapped_app
    await app(scope, receive, sender)
  File "C:\Users\Ivan.Corona\AppData\Local\Programs\Python\Python314\Lib\site-packages\fastapi\middleware\asyncexitstack.py", line 18, in __call__
    await self.app(scope, receive, send)
  File "C:\Users\Ivan.Corona\AppData\Local\Programs\Python\Python314\Lib\site-packages\starlette\routing.py", line 716, in __call__
    await self.middleware_stack(scope, receive, send)
  File "C:\Users\Ivan.Corona\AppData\Local\Programs\Python\Python314\Lib\site-packages\starlette\routing.py", line 736, in app
    await route.handle(scope, receive, send)
  File "C:\Users\Ivan.Corona\AppData\Local\Programs\Python\Python314\Lib\site-packages\starlette\routing.py", line 290, in handle
    await self.app(scope, receive, send)
  File "C:\Users\Ivan.Corona\AppData\Local\Programs\Python\Python314\Lib\site-packages\fastapi\routing.py", line 120, in app
    await wrap_app_handling_exceptions(app, request)(scope, receive, send)
  File "C:\Users\Ivan.Corona\AppData\Local\Programs\Python\Python314\Lib\site-packages\starlette\_exception_handler.py", line 53, in wrapped_app
    raise exc
  File "C:\Users\Ivan.Corona\AppData\Local\Programs\Python\Python314\Lib\site-packages\starlette\_exception_handler.py", line 42, in wrapped_app
    await app(scope, receive, sender)
  File "C:\Users\Ivan.Corona\AppData\Local\Programs\Python\Python314\Lib\site-packages\fastapi\routing.py", line 106, in app
    response = await f(request)
               ^^^^^^^^^^^^^^^^
  File "C:\Users\Ivan.Corona\AppData\Local\Programs\Python\Python314\Lib\site-packages\fastapi\routing.py", line 430, in app
    raw_response = await run_endpoint_function(
                   ^^^^^^^^^^^^^^^^^^^^^^^^^^^^
    ...<3 lines>...
    )
    ^
  File "C:\Users\Ivan.Corona\AppData\Local\Programs\Python\Python314\Lib\site-packages\fastapi\routing.py", line 318, in run_endpoint_function
    return await run_in_threadpool(dependant.call, **values)
           ^^^^^^^^^^^^^^^^^^^^^^^^^^^^^^^^^^^^^^^^^^^^^^^^^
  File "C:\Users\Ivan.Corona\AppData\Local\Programs\Python\Python314\Lib\site-packages\starlette\concurrency.py", line 32, in run_in_threadpool
    return await anyio.to_thread.run_sync(func)
           ^^^^^^^^^^^^^^^^^^^^^^^^^^^^^^^^^^^^
  File "C:\Users\Ivan.Corona\AppData\Local\Programs\Python\Python314\Lib\site-packages\anyio\to_thread.py", line 61, in run_sync
    return await get_async_backend().run_sync_in_worker_thread(
           ^^^^^^^^^^^^^^^^^^^^^^^^^^^^^^^^^^^^^^^^^^^^^^^^^^^^
        func, args, abandon_on_cancel=abandon_on_cancel, limiter=limiter
        ^^^^^^^^^^^^^^^^^^^^^^^^^^^^^^^^^^^^^^^^^^^^^^^^^^^^^^^^^^^^^^^^
    )
    ^
  File "C:\Users\Ivan.Corona\AppData\Local\Programs\Python\Python314\Lib\site-packages\anyio\_backends\_asyncio.py", line 2525, in run_sync_in_worker_thread
    return await future
           ^^^^^^^^^^^^
  File "C:\Users\Ivan.Corona\AppData\Local\Programs\Python\Python314\Lib\site-packages\anyio\_backends\_asyncio.py", line 986, in run
    result = context.run(func, *args)
  File "C:\Users\Ivan.Corona\.gemini\antigravity\scratch\toolcrib\app\api\v1\endpoints\cycle_counts.py", line 28, in create_session
    raise e
  File "C:\Users\Ivan.Corona\.gemini\antigravity\scratch\toolcrib\app\api\v1\endpoints\cycle_counts.py", line 23, in create_session
    result = CycleCountService.create_session(data, current_user.id)
  File "C:\Users\Ivan.Corona\.gemini\antigravity\scratch\toolcrib\app\services\cycle_count_service.py", line 40, in create_session
    res = supabase_admin.table('cycle_count_sessions').insert(payload).execute()
  File "C:\Users\Ivan.Corona\AppData\Local\Programs\Python\Python314\Lib\site-packages\postgrest\_sync\request_builder.py", line 47, in execute
    r = self.request.send()
  File "C:\Users\Ivan.Corona\AppData\Local\Programs\Python\Python314\Lib\site-packages\postgrest\base_request_builder.py", line 81, in send
    return self.session.request(
           ~~~~~~~~~~~~~~~~~~~~^
        self.http_method,
        ^^^^^^^^^^^^^^^^^
    ...<4 lines>...
        auth=self.auth,
        ^^^^^^^^^^^^^^^
    )
    ^
  File "C:\Users\Ivan.Corona\AppData\Local\Programs\Python\Python314\Lib\site-packages\httpx\_client.py", line 812, in request
    request = self.build_request(
        method=method,
    ...<9 lines>...
        extensions=extensions,
    )
  File "C:\Users\Ivan.Corona\AppData\Local\Programs\Python\Python314\Lib\site-packages\httpx\_client.py", line 378, in build_request
    return Request(
        method,
    ...<8 lines>...
        extensions=extensions,
    )
  File "C:\Users\Ivan.Corona\AppData\Local\Programs\Python\Python314\Lib\site-packages\httpx\_models.py", line 408, in __init__
    headers, stream = encode_request(
                      ~~~~~~~~~~~~~~^
        content=content,
        ^^^^^^^^^^^^^^^^
    ...<7 lines>...
        ),
        ^^
    )
    ^
  File "C:\Users\Ivan.Corona\AppData\Local\Programs\Python\Python314\Lib\site-packages\httpx\_content.py", line 216, in encode_request
    return encode_json(json)
  File "C:\Users\Ivan.Corona\AppData\Local\Programs\Python\Python314\Lib\site-packages\httpx\_content.py", line 177, in encode_json
    body = json_dumps(
           ~~~~~~~~~~^
        json, ensure_ascii=False, separators=(",", ":"), allow_nan=False
        ^^^^^^^^^^^^^^^^^^^^^^^^^^^^^^^^^^^^^^^^^^^^^^^^^^^^^^^^^^^^^^^^
    ).encode("utf-8")
    ^
  File "C:\Users\Ivan.Corona\AppData\Local\Programs\Python\Python314\Lib\json\__init__.py", line 238, in dumps
    **kw).encode(obj)
          ~~~~~~^^^^^
  File "C:\Users\Ivan.Corona\AppData\Local\Programs\Python\Python314\Lib\json\encoder.py", line 200, in encode
    chunks = self.iterencode(o, _one_shot=True)
  File "C:\Users\Ivan.Corona\AppData\Local\Programs\Python\Python314\Lib\json\encoder.py", line 261, in iterencode
    return _iterencode(o, 0)
  File "C:\Users\Ivan.Corona\AppData\Local\Programs\Python\Python314\Lib\json\encoder.py", line 180, in default
    raise TypeError(f'Object of type {o.__class__.__name__} '
                    f'is not JSON serializable')
TypeError: Object of type UUID is not JSON serializable
when serializing dict item 'assigned_to'

[MIDDLEWARE OUTER] OPTIONS http://localhost:8002/api/v1/materials/catalog
[MIDDLEWARE OUTER] GET http://localhost:8002/api/v1/users/debug/check
[MIDDLEWARE OUTER] GET http://localhost:8002/api/v1/materials/catalog
[MIDDLEWARE OUTER] OPTIONS http://localhost:8002/api/v1/users/debug/check
[MIDDLEWARE OUTER] GET http://localhost:8002/api/v1/materials/catalog
[MIDDLEWARE OUTER] GET http://localhost:8002/api/v1/users/debug/check
[MIDDLEWARE OUTER] GET http://localhost:8002/api/v1/users/debug/check
[MIDDLEWARE OUTER] GET http://localhost:8002/api/v1/materials/catalog
[MIDDLEWARE OUTER] GET http://localhost:8002/api/v1/users/debug/check
[MIDDLEWARE OUTER] GET http://localhost:8002/api/v1/materials/catalog
[MIDDLEWARE OUTER] GET http://localhost:8002/api/v1/users/debug/check
[MIDDLEWARE OUTER] GET http://localhost:8002/api/v1/materials/catalog
[MIDDLEWARE OUTER] GET http://localhost:8002/api/v1/users/debug/check
[MIDDLEWARE OUTER] GET http://localhost:8002/api/v1/materials/catalog
[MIDDLEWARE OUTER] OPTIONS http://localhost:8002/api/v1/materials/catalog
[MIDDLEWARE OUTER] GET http://localhost:8002/api/v1/users/debug/check
[MIDDLEWARE OUTER] GET http://localhost:8002/api/v1/materials/catalog
[MIDDLEWARE OUTER] OPTIONS http://localhost:8002/api/v1/users/debug/check
[MIDDLEWARE OUTER] GET http://localhost:8002/api/v1/materials/catalog
[MIDDLEWARE OUTER] GET http://localhost:8002/api/v1/users/debug/check
[MIDDLEWARE OUTER] GET http://localhost:8002/api/v1/users/debug/check
[MIDDLEWARE OUTER] GET http://localhost:8002/api/v1/materials/catalog
[MIDDLEWARE OUTER] GET http://localhost:8002/api/v1/users/debug/check
[MIDDLEWARE OUTER] GET http://localhost:8002/api/v1/materials/catalog
[MIDDLEWARE OUTER] OPTIONS http://localhost:8002/api/v1/cycle-counts
[MIDDLEWARE OUTER] GET http://localhost:8002/api/v1/cycle-counts
[MIDDLEWARE OUTER] OPTIONS http://localhost:8002/api/v1/cycle-counts/
[MIDDLEWARE OUTER] GET http://localhost:8002/api/v1/cycle-counts/
[MIDDLEWARE OUTER] GET http://localhost:8002/api/v1/users/debug/check
[MIDDLEWARE OUTER] GET http://localhost:8002/api/v1/materials/catalog
[MIDDLEWARE OUTER] GET http://localhost:8002/api/v1/cycle-counts
[MIDDLEWARE OUTER] GET http://localhost:8002/api/v1/cycle-counts/
[MIDDLEWARE OUTER] GET http://localhost:8002/api/v1/users/debug/check
[MIDDLEWARE OUTER] GET http://localhost:8002/api/v1/materials/catalog
[MIDDLEWARE OUTER] GET http://localhost:8002/api/v1/cycle-counts
[MIDDLEWARE OUTER] GET http://localhost:8002/api/v1/cycle-counts/
[MIDDLEWARE OUTER] GET http://localhost:8002/api/v1/users/debug/check
[MIDDLEWARE OUTER] GET http://localhost:8002/api/v1/materials/catalog
[MIDDLEWARE OUTER] GET http://localhost:8002/api/v1/cycle-counts
[MIDDLEWARE OUTER] GET http://localhost:8002/api/v1/cycle-counts/
[MIDDLEWARE OUTER] GET http://localhost:8002/api/v1/users/debug/check
[MIDDLEWARE OUTER] GET http://localhost:8002/api/v1/materials/catalog
[MIDDLEWARE OUTER] GET http://localhost:8002/api/v1/cycle-counts
[MIDDLEWARE OUTER] GET http://localhost:8002/api/v1/cycle-counts/
[MIDDLEWARE OUTER] OPTIONS http://localhost:8002/api/v1/materials/catalog
[MIDDLEWARE OUTER] GET http://localhost:8002/api/v1/users/debug/check
[MIDDLEWARE OUTER] GET http://localhost:8002/api/v1/materials/catalog
[MIDDLEWARE OUTER] OPTIONS http://localhost:8002/api/v1/materials/3
[MIDDLEWARE OUTER] GET http://localhost:8002/api/v1/materials/3
[MIDDLEWARE OUTER] GET http://localhost:8002/api/v1/cycle-counts
[MIDDLEWARE OUTER] GET http://localhost:8002/api/v1/cycle-counts/
[MIDDLEWARE OUTER] GET http://localhost:8002/api/v1/users/debug/check
[MIDDLEWARE OUTER] GET http://localhost:8002/api/v1/materials/catalog
[MIDDLEWARE OUTER] OPTIONS http://localhost:8002/api/v1/users/debug/check
[MIDDLEWARE OUTER] GET http://localhost:8002/api/v1/materials/catalog
[MIDDLEWARE OUTER] GET http://localhost:8002/api/v1/users/debug/check
[MIDDLEWARE OUTER] GET http://localhost:8002/api/v1/users/debug/check
[MIDDLEWARE OUTER] GET http://localhost:8002/api/v1/materials/catalog
[MIDDLEWARE OUTER] GET http://localhost:8002/api/v1/cycle-counts
[MIDDLEWARE OUTER] GET http://localhost:8002/api/v1/cycle-counts/
[MIDDLEWARE OUTER] OPTIONS http://localhost:8002/api/v1/cycle-counts
[MIDDLEWARE OUTER] GET http://localhost:8002/api/v1/cycle-counts
[MIDDLEWARE OUTER] OPTIONS http://localhost:8002/api/v1/cycle-counts/
[MIDDLEWARE OUTER] GET http://localhost:8002/api/v1/cycle-counts/

[SYSTEM] SERVER RESTARTED AT 2026-01-20 18:24:14
[MIDDLEWARE OUTER] GET http://localhost:8002/api/v1/users/debug/check
[MIDDLEWARE OUTER] GET http://localhost:8002/api/v1/materials/catalog
[MIDDLEWARE OUTER] GET http://localhost:8002/api/v1/cycle-counts
[MIDDLEWARE OUTER] GET http://localhost:8002/api/v1/cycle-counts/
[MIDDLEWARE OUTER] GET http://localhost:8002/api/v1/users/debug/check
[MIDDLEWARE OUTER] GET http://localhost:8002/api/v1/materials/catalog
[MIDDLEWARE OUTER] GET http://localhost:8002/api/v1/cycle-counts
[MIDDLEWARE OUTER] GET http://localhost:8002/api/v1/cycle-counts/

[SYSTEM] SERVER RESTARTED AT 2026-01-20 18:27:00
[MIDDLEWARE OUTER] GET http://localhost:8002/api/v1/cycle-counts
[MIDDLEWARE OUTER] GET http://localhost:8002/api/v1/cycle-counts/
[MIDDLEWARE OUTER] OPTIONS http://localhost:8002/api/v1/materials/catalog
[MIDDLEWARE OUTER] GET http://localhost:8002/api/v1/users/debug/check
[MIDDLEWARE OUTER] GET http://localhost:8002/api/v1/materials/catalog
[MIDDLEWARE OUTER] GET http://localhost:8002/api/v1/cycle-counts
[MIDDLEWARE OUTER] GET http://localhost:8002/api/v1/cycle-counts/
[MIDDLEWARE OUTER] OPTIONS http://localhost:8002/api/v1/users/debug/check
[MIDDLEWARE OUTER] GET http://localhost:8002/api/v1/materials/catalog
[MIDDLEWARE OUTER] GET http://localhost:8002/api/v1/users/debug/check
[MIDDLEWARE OUTER] GET http://localhost:8002/api/v1/cycle-counts
[MIDDLEWARE OUTER] GET http://localhost:8002/api/v1/cycle-counts/
[MIDDLEWARE OUTER] GET http://localhost:8002/api/v1/users/debug/check
[MIDDLEWARE OUTER] GET http://localhost:8002/api/v1/materials/catalog
[MIDDLEWARE OUTER] GET http://localhost:8002/api/v1/cycle-counts
[MIDDLEWARE OUTER] GET http://localhost:8002/api/v1/cycle-counts/
[MIDDLEWARE OUTER] GET http://localhost:8002/api/v1/users/debug/check
[MIDDLEWARE OUTER] GET http://localhost:8002/api/v1/materials/catalog
[MIDDLEWARE OUTER] GET http://localhost:8002/api/v1/users/debug/check
[MIDDLEWARE OUTER] GET http://localhost:8002/api/v1/materials/catalog
[MIDDLEWARE OUTER] GET http://localhost:8002/api/v1/cycle-counts
[MIDDLEWARE OUTER] GET http://localhost:8002/api/v1/cycle-counts/

[SYSTEM] SERVER RESTARTED AT 2026-01-20 18:31:04

[SYSTEM] SERVER RESTARTED AT 2026-01-20 18:31:05
[MIDDLEWARE OUTER] GET http://localhost:8002/api/v1/users/debug/check
[MIDDLEWARE OUTER] GET http://localhost:8002/api/v1/materials/catalog
[MIDDLEWARE OUTER] GET http://localhost:8002/api/v1/cycle-counts
[MIDDLEWARE OUTER] GET http://localhost:8002/api/v1/cycle-counts/
[MIDDLEWARE OUTER] GET http://localhost:8002/api/v1/users/debug/check
[MIDDLEWARE OUTER] GET http://localhost:8002/api/v1/materials/catalog
[MIDDLEWARE OUTER] GET http://localhost:8002/api/v1/cycle-counts
[MIDDLEWARE OUTER] GET http://localhost:8002/api/v1/cycle-counts/
[MIDDLEWARE OUTER] GET http://localhost:8002/api/v1/users/debug/check
[MIDDLEWARE OUTER] GET http://localhost:8002/api/v1/materials/catalog
[MIDDLEWARE OUTER] GET http://localhost:8002/api/v1/cycle-counts
[MIDDLEWARE OUTER] GET http://localhost:8002/api/v1/cycle-counts/
[MIDDLEWARE OUTER] GET http://localhost:8002/api/v1/users/debug/check
[MIDDLEWARE OUTER] GET http://localhost:8002/api/v1/materials/catalog
[MIDDLEWARE OUTER] GET http://localhost:8002/api/v1/cycle-counts
[MIDDLEWARE OUTER] GET http://localhost:8002/api/v1/cycle-counts/
[MIDDLEWARE OUTER] GET http://localhost:8002/api/v1/users/debug/check
[MIDDLEWARE OUTER] GET http://localhost:8002/api/v1/materials/catalog
[MIDDLEWARE OUTER] GET http://localhost:8002/api/v1/cycle-counts
[MIDDLEWARE OUTER] GET http://localhost:8002/api/v1/cycle-counts/
[MIDDLEWARE OUTER] GET http://localhost:8002/api/v1/users/debug/check
[MIDDLEWARE OUTER] GET http://localhost:8002/api/v1/materials/catalog

[SYSTEM] SERVER RESTARTED AT 2026-01-20 18:35:01
[MIDDLEWARE OUTER] GET http://localhost:8002/api/v1/users/debug/check
[MIDDLEWARE OUTER] GET http://localhost:8002/api/v1/materials/catalog
[MIDDLEWARE OUTER] OPTIONS http://localhost:8002/api/v1/cycle-counts
[MIDDLEWARE OUTER] GET http://localhost:8002/api/v1/cycle-counts
[MIDDLEWARE OUTER] OPTIONS http://localhost:8002/api/v1/cycle-counts/
[MIDDLEWARE OUTER] GET http://localhost:8002/api/v1/cycle-counts/
[MIDDLEWARE OUTER] GET http://localhost:8002/api/v1/users/debug/check
[MIDDLEWARE OUTER] GET http://localhost:8002/api/v1/materials/catalog
[MIDDLEWARE OUTER] GET http://localhost:8002/api/v1/cycle-counts
[MIDDLEWARE OUTER] GET http://localhost:8002/api/v1/cycle-counts/
[MIDDLEWARE OUTER] GET http://localhost:8002/api/v1/users/debug/check
[MIDDLEWARE OUTER] GET http://localhost:8002/api/v1/materials/catalog
[MIDDLEWARE OUTER] GET http://localhost:8002/api/v1/users/debug/check
[MIDDLEWARE OUTER] GET http://localhost:8002/api/v1/materials/catalog
[MIDDLEWARE OUTER] OPTIONS http://localhost:8002/api/v1/users/debug/check
[MIDDLEWARE OUTER] OPTIONS http://localhost:8002/api/v1/materials/catalog
[MIDDLEWARE OUTER] GET http://localhost:8002/api/v1/users/debug/check
[MIDDLEWARE OUTER] GET http://localhost:8002/api/v1/materials/catalog
[MIDDLEWARE OUTER] GET http://localhost:8002/api/v1/users/debug/check
[MIDDLEWARE OUTER] GET http://localhost:8002/api/v1/materials/catalog
[MIDDLEWARE OUTER] GET http://localhost:8002/api/v1/users/debug/check
[MIDDLEWARE OUTER] GET http://localhost:8002/api/v1/materials/catalog
[MIDDLEWARE OUTER] OPTIONS http://localhost:8002/api/v1/cycle-counts
[MIDDLEWARE OUTER] GET http://localhost:8002/api/v1/cycle-counts
[MIDDLEWARE OUTER] OPTIONS http://localhost:8002/api/v1/cycle-counts/
[MIDDLEWARE OUTER] GET http://localhost:8002/api/v1/cycle-counts/
[MIDDLEWARE OUTER] GET http://localhost:8002/api/v1/users/debug/check
[MIDDLEWARE OUTER] GET http://localhost:8002/api/v1/materials/catalog
[MIDDLEWARE OUTER] GET http://localhost:8002/api/v1/cycle-counts
[MIDDLEWARE OUTER] GET http://localhost:8002/api/v1/cycle-counts/
[MIDDLEWARE OUTER] GET http://localhost:8002/api/v1/cycle-counts
[MIDDLEWARE OUTER] GET http://localhost:8002/api/v1/cycle-counts/
[MIDDLEWARE OUTER] GET http://localhost:8002/api/v1/users/debug/check
[MIDDLEWARE OUTER] GET http://localhost:8002/api/v1/materials/catalog
[MIDDLEWARE OUTER] GET http://localhost:8002/api/v1/cycle-counts
[MIDDLEWARE OUTER] GET http://localhost:8002/api/v1/cycle-counts/
[MIDDLEWARE OUTER] GET http://localhost:8002/api/v1/users/debug/check
[MIDDLEWARE OUTER] GET http://localhost:8002/api/v1/materials/catalog
[MIDDLEWARE OUTER] OPTIONS http://localhost:8002/api/v1/materials/4
[MIDDLEWARE OUTER] GET http://localhost:8002/api/v1/materials/4
[MIDDLEWARE OUTER] GET http://localhost:8002/api/v1/cycle-counts
[MIDDLEWARE OUTER] GET http://localhost:8002/api/v1/cycle-counts/
[MIDDLEWARE OUTER] OPTIONS http://localhost:8002/api/v1/materials/25/history
[MIDDLEWARE OUTER] GET http://localhost:8002/api/v1/materials/25/history
[MIDDLEWARE OUTER] OPTIONS http://localhost:8002/api/v1/requisitions
[MIDDLEWARE OUTER] GET http://localhost:8002/api/v1/users/debug/check
[MIDDLEWARE OUTER] GET http://localhost:8002/api/v1/requisitions
[MIDDLEWARE OUTER] GET http://localhost:8002/api/v1/users/debug/check
[MIDDLEWARE OUTER] GET http://localhost:8002/api/v1/users/debug/check
[MIDDLEWARE OUTER] GET http://localhost:8002/api/v1/requisitions
[MIDDLEWARE OUTER] OPTIONS http://localhost:8002/api/v1/requisitions/inbox
[MIDDLEWARE OUTER] GET http://localhost:8002/api/v1/requisitions/inbox
[MIDDLEWARE OUTER] GET http://localhost:8002/api/v1/requisitions
[MIDDLEWARE OUTER] GET http://localhost:8002/api/v1/requisitions/inbox
[MIDDLEWARE OUTER] GET http://localhost:8002/api/v1/users/debug/check
[MIDDLEWARE OUTER] GET http://localhost:8002/api/v1/requisitions/inbox
[MIDDLEWARE OUTER] OPTIONS http://localhost:8002/api/v1/requisitions/90b2c5ac-d82b-48c6-a816-321c6b94760a
[MIDDLEWARE OUTER] GET http://localhost:8002/api/v1/requisitions/90b2c5ac-d82b-48c6-a816-321c6b94760a
[MIDDLEWARE OUTER] GET http://localhost:8002/api/v1/requisitions
[MIDDLEWARE OUTER] GET http://localhost:8002/api/v1/users/debug/check
[MIDDLEWARE OUTER] GET http://localhost:8002/api/v1/requisitions/inbox
[MIDDLEWARE OUTER] GET http://localhost:8002/api/v1/requisitions
[MIDDLEWARE OUTER] GET http://localhost:8002/api/v1/users/debug/check
[MIDDLEWARE OUTER] GET http://localhost:8002/api/v1/requisitions/inbox
[MIDDLEWARE OUTER] OPTIONS http://localhost:8002/api/v1/materials/27/history
[MIDDLEWARE OUTER] GET http://localhost:8002/api/v1/materials/27/history
[MIDDLEWARE OUTER] GET http://localhost:8002/api/v1/users/debug/check
[MIDDLEWARE OUTER] GET http://localhost:8002/api/v1/users/debug/check
[MIDDLEWARE OUTER] GET http://localhost:8002/api/v1/users/debug/check
